cookie_id,score
ck_315fb710a0e371e7,0.0018881978502811223
ck_a76ee3b3e3e522fd,0.12448180078720192
ck_94c9a4d382689e82,0.048517323803824036
ck_8eaf9509ad9462a0,0.0012819155318080598
ck_9a88a5a989cb5bc6,0.00803177075680234
ck_15239ef0689c1a35,0.02664311729667001
ck_8de69cd219d3b87f,0.3448836316591576
ck_f92cd37022b0ce21,0.01776902222163348
ck_1a3ff7620580a514,0.011895975740621532
ck_397c03aa33a57310,0.2229964200539356
ck_a7cf6c3b322f6b7a,0.005736847513164764
ck_c39a9e75760e3201,0.003871305072954443
ck_88ab6d245228c38e,0.0006999141103263088
ck_17733f75ebdea93e,0.00359622457289902
ck_58eb871e8d7bed52,0.04115412103409498
ck_e55b7fa67db1ec27,0.0021048969512447724
ck_62f5cfe22c952694,0.018332606802242433
ck_7fbb709a0fe95759,0.0028200962529503337
ck_87abe9cd066a20fb,0.04005291033814287
ck_d58e058b5c553dd5,0.011703434766961151
ck_d27b872648b71202,0.0026487041196726424
ck_4b4a3c5b95c55b43,0.0007676001401681001
ck_66dd4f4b4127256d,0.0011823174579982608
ck_93cc12703b500613,0.035278391734038975
ck_d28806a2179092eb,0.9847548337952748
ck_0595c2a0c7881e05,0.015578397195480917
ck_50087d8666191144,0.13685007823433115
ck_b08b3f089138c901,0.01043821369924336
ck_fe3b67041dad2dd1,0.002156650124184663
ck_8449a28f7d475d93,0.03879152292041117
ck_8642e3b6d84f49d3,0.01935801978862108
ck_e49b5e4f2f2e79db,0.643721646930546
ck_437afe412ea4259c,0.10813888603567015
ck_569b83668d74042d,0.8879855666127525
ck_233a487d31c3e631,0.9901785769158575
ck_1fca72e03143a645,0.9369244931251383
ck_79205e31223df2ad,0.024940948123647787
ck_9625a64406ea16e3,0.0023628282707499645
ck_079bd18dacb704a8,0.14864381293597373
ck_4db6d4fd2b49aa81,0.030984238675571384
ck_0dbefdac0a1868fb,0.0021293325588004055
ck_24ff97ad90bdd69a,0.12518375598118078
ck_77f8c5042065d506,0.012706817945823172
ck_f11be8ce05382cec,0.008294289741539184
ck_c9d72140b0389216,0.05507081009867071
ck_69eda24e931fb36a,0.0011622992720848918
ck_ed471e496916ee15,0.0025683451675195474
ck_ff090498c4b17ac3,0.005290860254578038
ck_c3c19d6a0720915c,0.0009898516466339115
ck_af02e1817cfa40b5,0.04803023341327416
ck_2df5a9fc87553eb1,0.004802440744883273
ck_4ac918e884cff336,0.0341058635820877
ck_ca149244b54ef3ad,0.0015834304823231266
ck_6babe5b8674ff51f,0.01719620941602309
ck_1573878386886290,0.006021232803143501
ck_3925f8565abb7fe4,0.01151922226288384
ck_c4de808ae69c771f,0.001409592584109989
ck_a777c813551281fe,0.008701839025898512
ck_df4424f6dd85080d,0.08297585769241543
ck_85e5494ec20383ae,0.05051243645927266
ck_f71a4094e889c3af,0.007712111075260071
ck_f2f3cf9cd23b2809,0.04036870768334954
ck_18e2076397bcc211,0.03405958839535734
ck_c9f9fddef39bc664,0.034195746890328525
ck_7e826e233d6ea028,0.007753406267355635
ck_62fd7eb46bee9210,0.014128865241819461
ck_206f8e3cd72768f3,0.04398843748849187
ck_aa295a11b0a6ab36,0.010700014270968792
ck_9a56739d81f84a53,0.005799979487978212
ck_aa075c418ed9fe5a,0.013626606400177281
ck_62b9fb3db284941b,0.013146747039855352
ck_f4f83b1403ebea46,0.024083639682822518
ck_16b66bd803288bc3,0.22993305007294765
ck_c4ca1434f3778f1d,0.9773753586505858
ck_1b823610371a29c0,0.007592523622496799
ck_c2bd5a722aa637d9,0.008419121767012344
ck_7890208951df34f0,0.014423358299460357
ck_020eb0e454524ecd,0.0024137983422518193
ck_3b66196ccf436c35,0.011074400654952781
ck_109fc467ec0a4af5,0.10918479678617568
ck_f3dcd818db92de7b,0.02653505377840737
ck_31e7742f160980ef,0.023602386529578814
ck_77fce5f86f00b8f4,0.23272157654313524
ck_46bc797b4d07d607,0.0035751216502196274
ck_37899b1b571b1c6b,0.00898132251142425
ck_ef8a6af43fedd464,0.005477564659648339
ck_bcc8519fe8521038,0.058302188492670534
ck_90696b7182dd9129,0.008980356406844182
ck_4a24ad61d017e1ba,0.024114505861993006
ck_0acc3d8c67218b9d,0.007617138965889884
ck_05c97fc9de11aba6,0.12322159265104271
ck_f8ac3a0500c0ec62,0.008609211559009018
ck_617b65141f546a1c,0.007237791147858506
ck_9d00823bf60388d7,0.041724258596313804
ck_123c15d93f1840f2,0.13099864082803644
ck_573feefba6bf78bb,0.047283154982326166
ck_b25657bd16739036,0.006982538647069301
ck_bd26d2bef14a8597,0.005288474756252019
ck_a553418f2fba1440,0.017969637302410774
ck_89f3e380b0686963,0.009410312318928103
ck_b359192aa659bdce,0.03824181056662828
ck_02241f3dc301bebf,0.012219924051870192
ck_5ccc1a1c78cb33ee,0.036983585748277516
ck_349cc5edda1b8853,0.06311085017809653
ck_e9f228845bf6e28b,0.0740264221122535
ck_0a45d033d4e280ea,0.03325588506874451
ck_7e63168dda612235,0.006098026014183992
ck_676fa5f6aae5475b,0.007633842843225506
ck_74b502b20690ccfe,0.02070458758583365
ck_073509af21dd7f5f,0.35594705059408416
ck_498a0acd450944d8,0.0017100567079463233
ck_7f15b50b29dead01,0.016713089161803536
ck_8089fe7403c5f537,0.013361554622698339
ck_05b2b04e11d9ae9c,0.019085208514575434
ck_31e70f2f04b48b88,0.0012826811731138628
ck_994316fa5a02b319,0.003112931260007133
ck_b76510998b9a2260,0.02267197935245327
ck_4db95c310e105d30,0.0019611660729754814
ck_6f730b77dc6cdb84,0.005023852113235701
ck_2493ee8e7b91d304,0.05394625456725771
ck_92d679d6ac7dcdcb,0.0831495296072812
ck_3a0e0200cbb185cb,0.022684144970910418
ck_0b2eeb4e00ff7955,0.016802445345595
ck_9843d0e61c37ebe8,0.9869184387722716
ck_e61c8721e3ef1921,0.0056940369807706405
ck_2e0eedaaf2980c2c,0.008864271509985937
ck_9036b2e5e9298a34,0.004118507194106151
ck_3265442528d51728,0.04041302786418778
ck_f2ddae2eb1cb29b4,0.007782612200528949
ck_6cfa71d27fc27f92,0.012290511938762513
ck_f3199fbe84a28b9a,0.07253718729260217
ck_b78d785ca3ef773a,0.009328077838813204
ck_374865697f1480eb,0.020429340064857207
ck_06d0e4a9189302a9,0.0430729550173512
ck_9c9884b9bcaa552e,0.1121000340723769
ck_fd4cf578e87703ff,0.026987587409837678
ck_1917ef3e6e345549,0.10700936478549711
ck_e70418b00cbbbac9,0.07244976213689652
ck_a60388296a47062c,0.025321971202331303
ck_d598fe8d2c779ab9,0.011177048309851346
ck_646dc03de4c31803,0.7523400541300986
ck_e4fd8cbd842b6993,0.001981965978474811
ck_2225b555aa2a42ed,0.03350675761250371
ck_6be8ae9d78148882,0.009573853790061176
ck_4199342d3aca74e8,0.035786066735113406
ck_779581adb573261f,0.007485089907885866
ck_bb303568b6915205,0.03375937563249952
ck_17c4296276448afe,0.005704571605092097
ck_a60a61ac829252a0,0.011468361989673888
ck_6ea70950c1cae00b,0.846203542618037
ck_1abb93f6924645e1,0.03574701492405093
ck_faab769cce19879a,0.04062113664600762
ck_d5b8e74e7ca6355a,0.030385321289707702
ck_f11f7691af16ad07,0.0013296139876441207
ck_188fdf2be7c92e9d,0.9922260474932698
ck_4a103f8254b366f7,0.012880577094854052
ck_bfa17a0b1760e616,0.0024345281438647786
ck_a4d7f6a5869d440a,0.922151087929704
ck_58e20f5a3e7f11b8,0.7475213792338619
ck_4becdd3d2696c7ba,0.00785132602315008
ck_dad5cf32ab9f243f,0.0056063468177906285
ck_7d9f73dc7c4f90c3,0.11955374304659717
ck_c19371047a2d011d,0.002505075614311981
ck_247589ff532f7aa8,0.0052901645981010565
ck_7a9f241d5f082567,0.0022668184045861184
ck_0a2b7078736b4dda,0.003107219609305205
ck_687b412e2aac7eb6,0.013454848758904861
ck_fce0b6855886a0b8,0.01912000503162372
ck_e291cc60920456d0,0.1718950297285572
ck_04219a7ea798db51,0.06489454569472711
ck_286bfd719836e9f3,0.18275081572071117
ck_55efc92394fee232,0.01068072990176876
ck_e36c8da1bd359960,0.07139626054270631
ck_34b0988a97d96902,0.007914760474541902
ck_e0fb11fc9dcb34e6,0.014172827005536709
ck_bcc9cbc9ed8b7c31,0.016619531667713572
ck_3df8da6f60a89a5b,0.021740980086759953
ck_b1495ee5c59a6b28,0.017983313599269187
ck_58f4c3ac61fda129,0.07563680430548639
ck_735f244b99e3aa8d,0.010544599207398635
ck_6b93bd8abf87b1d6,0.8650704392054248
ck_12107dacc6d05bd1,0.0021748696235108166
ck_f96db2a1f3448d1f,0.01093519842054599
ck_8fd91a3c99e19097,0.01304536793616937
ck_910205d25388a0ae,0.0013572285676294446
ck_d229dfa0e4442628,0.0028223439029709534
ck_7cdec61e1c488798,0.035212570067806016
ck_f66f06e24ff32671,0.0246543012171021
ck_350bf14e90b503f5,0.01070008124784097
ck_61fff5fdaadd394b,0.005114276161685026
ck_e934f984bad2ff91,0.42115441152182753
ck_ff6a6d3547dd2d37,0.028987268615872006
ck_65ad9b15979e3247,0.011739514541534154
ck_bbe1a2ea5a403ad8,0.5300837776008155
ck_6f3a28eecd2c4031,0.013202619067001207
ck_a89b66665714058f,0.011936525132991711
ck_918c92182b6817cd,0.021245194577947737
ck_64f5eb4be9e7b8fa,0.3657995155040036
ck_d021fd497ea35fb2,0.02238889898150498
ck_004de16f7d8a42ae,0.012308639463816716
ck_a33d2325f86ab12d,0.002079092708825663
ck_89790ff26c844bc6,0.02860178343400739
ck_e6e7257377c37b28,0.07867916451532236
ck_a2cc3910a641a808,0.5869820400825796
ck_646e270e0195bf05,0.008620416357835201
ck_baba5d66def0d770,0.0915305800548031
ck_67cdcdda3033842d,0.017340839965394622
ck_b5c3075c811a2216,0.023740547607906913
ck_515379973a8044b8,0.00493588930215448
ck_c0ce85fb4109567d,0.023339942621051477
ck_fef850553862aaca,0.0024825103679806913
ck_55d7217b0aff9fa2,0.007239071901862822
ck_8e139f8925ef7968,0.0075957244111689096
ck_9e35b908fca1e4d7,0.0035203141030767417
ck_59735f4ab2ad3da5,0.018472804239660766
ck_dc569c1167ccec0d,0.5277922569236663
ck_1dade5592f90a15c,0.024549122677227718
ck_793048d11fb8b328,0.08635941143448964
ck_545b71eb4fa594b5,0.002321705536148798
ck_bd30853e9a57b544,0.017163638160310697
ck_59f46321ecf6d306,0.013890518320153616
ck_260cfe9141d249f1,0.3044755128585783
ck_3365a0ad1a8aa83c,0.006740444361025425
ck_b0ef193195a2138b,0.009901252198270342
ck_0f909705e2e60f2f,0.0028773698216098403
ck_5a540b75c866166a,0.014910656660794074
ck_87c26b2f41025109,0.9584260818444865
ck_27acc9f320cda104,0.18796896281276232
ck_a27bc31eecd9cb9a,0.02436277038561389
ck_115d86fabde77b65,0.001979143351771155
ck_eeca179341d56f8a,0.4548533737521955
ck_8e5999c436cf037e,0.0011712940085087846
ck_510e7c5df1f95d90,0.9914355171609719
ck_f1acf73363925958,0.016178977194588464
ck_3c177f5970b68bd3,0.012152055632016233
ck_9cdfaa1c30cc9d32,0.001918516354364065
ck_c8efa1538b37c359,0.010592594735275896
ck_a8a2e296f9804bd7,0.03555593854328209
ck_91a0ca45f429568d,0.019730783136740045
ck_5fdf8a0bdbd3ed62,0.014154194919161003
ck_0f4e2ec66d50da5f,0.006219514310604179
ck_28c53b214b2ee882,0.19828441902141075
ck_003148504557f720,0.2119280187842493
ck_01d840cffb870615,0.23263672453318746
ck_555848d51f4b5f35,0.018408269844730023
ck_df20cc23b8fb8e22,0.015188360201075305
ck_f9604adde929beff,0.008476410896335555
ck_d66952b03591bdec,0.006086598612764884
ck_ddcac1ab765ff61a,0.014119184068841316
ck_347386629d96c664,0.018348913789422577
ck_ab01db9117acfe3d,0.008417877278176736
ck_58e5359efc52e0ad,0.00545832754945665
ck_1a524b5cc8da71b3,0.08953427516597239
ck_e9287b6d909d731f,0.007577718036279596
ck_bb41a66e3d90263b,0.21560541213591491
ck_e95c8cc1864bd584,0.0028502924240726116
ck_7a3f2961e9a8b6dc,0.005900188141369216
ck_378a9df82b1e0bee,0.16875187118954246
ck_42633573639a3f02,0.9537838647633446
ck_2a5a4c18c2c7274b,0.008466271541991977
ck_77549c1a41f837c3,0.017459029884035138
ck_a26704b5b26258b7,0.02165087068761562
ck_9874ad160efddf50,0.004408598914438238
ck_9111e3a04b14dfba,0.02457856595455066
ck_651e076ee43aea85,0.0036011587667565265
ck_391639c0f13932f3,0.001812547262860883
ck_02dbabda93c8c13d,0.026912126982282375
ck_0adcb1fffcb0a34b,0.027264962664046426
ck_7a43ef9c7b1c67b5,0.012292596629395854
ck_4b9dd69946438d0b,0.012075587810374754
ck_90bf017cdd37b66e,0.04232820534499614
ck_61c74163eb36556e,0.01614277287394984
ck_13376c59b5bd6943,0.0038981526522552596
ck_62337eccb1672737,0.014068073026085606
ck_16077934338472bf,0.0020487658225409842
ck_0d4dfd93086e7330,0.008933000605174594
ck_3865b7525b910893,0.018717271912649183
ck_7e2ae8b69ebd5675,0.006928489860058383
ck_b4384b6c11766ce7,0.007068169128056212
ck_3d7fa32dfb9fc692,0.07896275074709826
ck_f4a6a7cadd6e0603,0.06185926405098423
ck_212525e2828a6c45,0.03104870693962551
ck_33ad8d53394ba77a,0.563015921431167
ck_a5051eafe8b51224,0.007174905496469623
ck_f65e5ff7da565f91,0.005704450633249468
ck_5c37f7563fa7591d,0.018598404127943165
ck_f1e0a006068aff29,0.040707634074532775
ck_c646cdead6fb79d0,0.010976932538090758
ck_f8b3cdffef535330,0.0367928751610664
ck_e5cdbe3aa12c97f6,0.012351991840192634
ck_986e4e61440506d0,0.13515448447755654
ck_6da9c5912e15d9a8,0.006545984348377568
ck_51d842e6dae74c71,0.009870354598334706
ck_5fc65c24e0736d5d,0.762263928473534
ck_babb95a76c69509d,0.05889164516923874
ck_86a2d852a9715432,0.01887561465320562
ck_db4083a0d043def8,0.14561664845471525
ck_96953b8945b7d403,0.014043787014792888
ck_7831ca5c31fb3859,0.1468530663621918
ck_60ac5e5f375daa38,0.013398394146186076
ck_05d44eb1f5f085ce,0.028445857383508393
ck_432cc19c7eeaa46e,0.029562442626917824
ck_7fc513033af061af,0.041238924008518765
ck_ada6ede84c111719,0.01546698444218698
ck_6343e0d3b1c2962b,0.01530565799625903
ck_010264ae04f2e902,0.14654341316228325
ck_e9dcf535f8c289eb,0.09798270831494624
ck_37143d9cc296e6fa,0.017180612893986744
ck_61fa051192f3e810,0.021600646645966694
ck_f9f93d1d41be1468,0.6320969328095298
ck_c4f4f28457be8a74,0.0013697301838332607
ck_323a71f9452d21cb,0.6489709401242516
ck_170f4688e0acd875,0.0871120997610455
ck_869b1878d09d230d,0.20662546281852429
ck_2f6b33bf46976229,0.0013383174313552919
ck_b11e22e75d9b99de,0.0016600141611548712
ck_123d75ffb75b606d,0.007978882604084274
ck_94295287a04c85d2,0.15870859616230254
ck_1b0434f096795328,0.0032454170314101414
ck_0a4e191cd0a57ce1,0.0028389621227967203
ck_d2fbd0df99634676,0.013723010756973405
ck_d51df5e9fbbbcc94,0.057457748806037344
ck_2d3d7d64a6f443f8,0.01438479940935317
ck_731943c682c9394e,0.020028354926595947
ck_5ccc0c94e5e1f849,0.021797138587680818
ck_c3476080516db25d,0.019724846402322013
ck_5010ffb1c94187b5,0.003478967062986749
ck_7ef666d67bc70223,0.014090271623377497
ck_c1b493527224a27a,0.006335413658314781
ck_5d1e25d7acc5af9a,0.019621651244237877
ck_ec30b61cbf517db8,0.0020190246486975327
ck_79323eb5d2e5efae,0.005837216342947968
ck_4085cd3bf2661518,0.007519698605407296
ck_2ca91214c357c072,0.19442683435038843
ck_7f3132d6be389657,0.044095826584027
ck_e7a6b925c8f39a85,0.013940383199984363
ck_c886adec7bac250a,0.019020636192370356
ck_c3f360c2d0ea0a37,0.016026532006043044
ck_a7acd5b015823793,0.013532349693099698
ck_9d64187c0800f84e,0.014009849568408585
ck_5d4ed73b9efd7d11,0.00809672699855946
ck_874eca6776b34dec,0.003266261138479144
ck_96a9221a87be93c3,0.06719962465052123
ck_68dd79a51eabf5e6,0.050828244709501445
ck_8311cb6755b2016c,0.005500950001830247
ck_16fc77b2bcf5ec03,0.8777573940894505
ck_ad9e2088a33c8c72,0.0006871621594281297
ck_7176bbc97b1e42a1,0.003771802707666799
ck_80dfa54b30f65fff,0.6777343589014795
ck_31c54d540b128843,0.003718990370672539
ck_43ea894480567274,0.011634755710755739
ck_9c9e8a38bd5a6c88,0.05196644798971818
ck_1c2dcae19539e148,0.07641894936451366
ck_b0fa8b84e94d8ae0,0.014738578295315875
ck_4ceb43ccd0a81c2f,0.006688095502957126
ck_ba845332b730b596,0.0027942575616390812
ck_73d3e8c6077f61e6,0.1877888093220733
ck_b5d0d223ef56473f,0.027185134020921244
ck_949f08f8e80e93ea,0.0037767272021589442
ck_73de0b49709e5f8c,0.0030728477189985257
ck_b5935e9722a39819,0.06319944114594646
ck_96247fee0eb44420,0.0036661094037179496
ck_a6def1e4b2d57e0d,0.023062594229552993
ck_aecdc5a96321a2d8,0.015291355907540615
ck_bc61c59970f8de49,0.024790562968555675
ck_c43b4175fc9ac5bd,0.748893383662894
ck_8ff7a9b23a55fd62,0.009297516412238686
ck_20c99b645f462449,0.005656101944101032
ck_a5ce2ae36fb410d9,0.0013030803774126119
ck_96fb9bf556842bbc,0.05548966010263294
ck_b5e4c6dbbed1b773,0.017248618203291682
ck_2085433978e72ea9,0.13320467895290186
ck_2c6b174b063ec637,0.01393348373897181
ck_b20b81b88dabe28d,0.003424995280640897
ck_243c18dbf150831c,0.0037757379258933944
ck_2bb6a17e8eee35cc,0.031543258559769694
ck_66147fb994495396,0.3357510505014293
ck_73f124f075ede0fc,0.016515946338208007
ck_2e315f1b1e533dab,0.0049368731925133694
ck_16c7bf94ed3e7a6f,0.0016644242828310022
ck_4a0eae220a762ac5,0.025914226940067727
ck_dc16f939c2f44ad8,0.07874039661493556
ck_817926b449754917,0.012232516731162232
ck_0c0dde42ab64ef87,0.018342685243525253
ck_cb3a40594da6a2ee,0.05653455152212784
ck_d0dc156441fcfdcb,0.029216374547918818
ck_66f0945add423e9e,0.014007689513822683
ck_a74f6a3030f5d495,0.05309757326875776
ck_1ae460f331e49ae2,0.014694471199451668
ck_2d177b2f4f0b40c9,0.24757488802039895
ck_92e474e4368c4791,0.01640620902656644
ck_3dee83fa2d109484,0.002588266163840958
ck_80e5ea27848069fe,0.007852992157056328
ck_ed0c4a83701ca230,0.020302872097385447
ck_0b8b7c5c581fd161,0.0009489969470692304
ck_60bf8a2870956fb1,0.014296738362810977
ck_73a54b56a2bf35fe,0.8540880429317604
ck_2296d7a563424883,0.013619972220964246
ck_bc19c383560c7477,0.03639428313754871
ck_861d8e3d88f1079e,0.058324531712043
ck_3f090fc96c24eb28,0.00797920137965992
ck_9a6a1f8102febfca,0.0564191941048381
ck_541b6ad5d2fa5a39,0.012355035201169652
ck_a760d38d1bc4de97,0.004344029798028285
ck_7dca4d7ee10b4eeb,0.0020885048215121106
ck_15220e78d1545e40,0.022528013003905594
ck_ca24bb0de508efb0,0.007177975648206146
ck_56b389627d8f02c5,0.817227366924121
ck_48a6754977a44db0,0.006090850163059032
ck_333a43ec339a04cb,0.042972031841988764
ck_f22aacaf86a65d7e,0.09322945515542903
ck_04bd8a1ffaf3ffd8,0.002844444803243266
ck_2737a72de6b700f3,0.06259933756716206
ck_c35e03b0dd0c3454,0.01393879666803086
ck_e0571312f395cd94,0.020858595183132156
ck_09fab6b9825001b2,0.0028995796439298246
ck_18c3a095606209e8,0.016902973041800308
ck_2a97db9377d01e36,0.006001351901682142
ck_f29dbbfdd2786bd1,0.013867209935967597
ck_35d6c510ad29362e,0.32085880507019215
ck_5468fa99c945d785,0.014798805327953742
ck_6f8102f62c876cc9,0.02963169997365689
ck_91955aab3424ad16,0.003619214297474644
ck_9a43c0c73a39d759,0.04379851860147707
ck_60b023af6d1e30bf,0.4679529927442828
ck_9704c5cf8659cedc,0.02155319873278856
ck_7e5f02b51b9f78bf,0.11823201448107981
ck_7d3a88d1aa649708,0.8642189489989949
ck_8250eddc1ecb07a0,0.036889515597554906
ck_d979ef95ee44023d,0.026041862185018624
ck_5e5461dac83531ac,0.025454873529044825
ck_d1bb8890081e0a31,0.05739344961275529
ck_32246c62640648d9,0.003862677386368878
ck_77a40c7d2f862a32,0.035326443401545685
ck_1c8b94efe9238f5b,0.0027719900028307597
ck_eaf3b6d11bc3cb11,0.002709090009843842
ck_a4a7ef3ad799c380,0.016749906873473382
ck_d5bd8f68da073cd8,0.004397398519997669
ck_6e6258227fc8db7f,0.0022113961744822516
ck_c35d444e05799db6,0.031249584143584995
ck_74665e1209140ae8,0.01033214619334302
ck_353a272478f7e903,0.007448758885821328
ck_a2c9796ea229a4e2,0.005629642526400969
ck_e0171f91cb3411fe,0.018602286723160312
ck_703499f5410280f7,0.003132807672440107
ck_ae3a763997f8f385,0.0344721783633178
ck_f7ff94c3df5ac874,0.008600213368068267
ck_f3c16d8f747db046,0.024032173300574985
ck_7ef019ed77276496,0.00451306496435123
ck_d6a4faadab58a3de,0.005937584752830415
ck_ba7b78d31d74c794,0.01913513157839595
ck_36287d063350ce9d,0.0033813849592166084
ck_5177fc7137ff26ce,0.0020824600680958523
ck_dfd4e79aaa967b63,0.004946270888372042
ck_fb44d15fb93a7157,0.03622420391601647
ck_fca478361870a4ca,0.012096684443364128
ck_e57b94fe57341058,0.03290129899294453
ck_5448c946cc4758fe,0.009062174789357452
ck_c5ece5ffb8800ad4,0.007957384108460318
ck_11cb98211b2ed134,0.9174240982477319
ck_f655399ac75c4450,0.020633495291693515
ck_c817259019588d30,0.0198945988868746
ck_8740a14d8096c6e1,0.027827989543118145
ck_0c5ba86f4e05b38d,0.018873734840744248
ck_ccc917533d4b73d4,0.014141297214111757
ck_9eb80edfa43203de,0.005474606248545729
ck_d1a1cf4cf61d6801,0.016295078698598708
ck_b17c239f160e6017,0.015933264670908186
ck_410c3e13b48e0415,0.0030502569074475766
ck_ab553954435e8854,0.908590623913369
ck_bdbb4230c91e1604,0.03839442694552685
ck_8fd4937eadd64fb6,0.006136469663362896
ck_e0e90b196bef3c11,0.0022585801496431916
ck_3dc4d464386f0eb2,0.23463354713289294
ck_51bbbf8f8e8ad005,0.9915225389221711
ck_c05737ab74cf03c6,0.05620338977269036
ck_dceabbe04d99afc2,0.002581882667629207
ck_5b86fd14e85bc9c7,0.38011377861333623
ck_d4febf0083800424,0.04185778188549605
ck_77d9f86dcf251739,0.007613624582234789
ck_b4dcebc543deaafb,0.03118739596067071
ck_cb856e75c949b0cc,0.0010761990929522994
ck_61b067de8ffc1ca1,0.0266433837096684
ck_c0e8560ccfd9dd9d,0.006560392273925145
ck_173e1198c341087b,0.005528376462068177
ck_b4d55bc809000276,0.01804869572712429
ck_839bf139296b5cea,0.016164234897255058
ck_78cd402a2a4f2e35,0.003267598347680256
ck_c2925c50ebacbdba,0.008835064752212508
ck_5e3bc76eddbdb0a6,0.0040067751877982056
ck_b7793edca26fc512,0.01538419882566002
ck_d79bdf04d6f31cd5,0.009826445677307068
ck_4b97d19ed946f503,0.01424662660559075
ck_37139b41c5370523,0.0592035989118191
ck_8c346eeefa9ce692,0.015332026616338711
ck_2ab7eddee2d8c49e,0.00672057031142001
ck_29da59ea3bffb9d8,0.08983645081596689
ck_c1d05ef0ec6e4be7,0.010621863443965533
ck_3882423b449f6291,0.9482717408318911
ck_5647030283171ed5,0.5616679235831885
ck_efbdcd9c181e72ca,0.015536428374725858
ck_192fdad892782daf,0.14127066676964956
ck_0bf2e13b9f2601ac,0.029190773955163896
ck_3d6046a533057795,0.027135575987936995
ck_279a1d3a3836e5cc,0.015872221079039954
ck_c375e929becde422,0.010046483615133626
ck_a59e90219939a1f0,0.008800972007153624
ck_4e9fba1ec54c3ff8,0.014716954139538649
ck_bcbd8588a13f5eef,0.0011214191373198224
ck_5f9a7ff990341bdd,0.00402910522818033
ck_e0403d507519b7d2,0.011307665090854045
ck_c9490cb61aff5112,0.028092846105793618
ck_41dd44308e6a665a,0.21761843015774812
ck_76c23726cd7ca947,0.0167474591284485
ck_9be551300209fa83,0.03615198713341841
ck_a98848eec6c9581e,0.020834835627970213
ck_61176dafb33b2d8a,0.5263936345138809
ck_92de019e05971ce3,0.010738507425625463
ck_5d644224135d7c65,0.01536068569395256
ck_c767fc454fa215d0,0.007334778901561659
ck_5df85a8924e11f27,0.03923027940708446
ck_da2729307af06ed5,0.022293733151209888
ck_7c6b577174af7a78,0.01606487213999029
ck_893b8afbe11301e1,0.011569881690632935
ck_e06f6fed020ae014,0.010215520256809071
ck_386680372fb54857,0.006670608656352709
ck_7a7f3c4fe0c9d2ca,0.0062628477389456445
ck_f908b527c4db422d,0.06356681132371712
ck_ec2eee6a133e9a6f,0.053152120261032505
ck_d98934f9fe0b02b3,0.0017323320370837417
ck_398a1ed77b0130e5,0.006604659735134483
ck_d960af7a55b892b1,0.008240836554345772
ck_4637e54a9f79e2e7,0.004730433886930344
ck_02b9f418524f6650,0.026253371677580916
ck_d4b23804cebb045d,0.013779584705222364
ck_35b1939c48182a9a,0.006528022593913666
ck_2dcbb71e39d64305,0.022346708110969636
ck_47a884dec960ff2d,0.010287059827033401
ck_71fd8c346fde5cca,0.07497930064635716
ck_98e1992ac8e7d2de,0.05656366981600626
ck_ae7780327e210522,0.028232244202108295
ck_e6c584b4b1ad6d9d,0.009839784669829401
ck_344b2e326a6c3dcc,0.005504824848110981
ck_9aa899a5230b0963,0.029650587421317036
ck_e48d14d5b70ef5aa,0.01677621635460859
ck_59d380a0973b3951,0.013594388472974863
ck_11318f7c041a5ba9,0.013393637244491352
ck_7061786fe2f22f5a,0.023857820620171367
ck_e77529651c416cf7,0.013042180275624732
ck_7f79878197340435,0.005045867798246691
ck_b0a0fb0ee9ebf106,0.006196058331290892
ck_70c7679199776a90,0.02602477999365141
ck_b9facd2210daca5c,0.038372539589783816
ck_9949f53c155b8dde,0.010515563676785349
ck_1c607e24f2c4397a,0.04930193284176032
ck_aefd1ce3ce093cbd,0.0027362037766164695
ck_5a29b7018e43280c,0.0016934059649850479
ck_69eb0b2ccfbe5f95,0.01339092576176783
ck_fe037765aa465c58,0.027042276322356194
ck_5e512ef5362a3dd6,0.00465086386065078
ck_544a9e80b7fdc279,0.006302663825905279
ck_7825494e654d5695,0.023510125637929133
ck_f1f2c3c623553f0d,0.002386858589457904
ck_52730906e5b461eb,0.8467586423526363
ck_01e0689157fe9617,0.3755195919133366
ck_9da82e567074da9d,0.05432697673308969
ck_6a17384072f904c0,0.025022662155778214
ck_8d84d771a21942a7,0.0029067902934606545
ck_39638880292782a7,0.015275458296808148
ck_7d51c86e0eec72ac,0.013479335673431247
ck_45f4c821c70d134f,0.7157798313940351
ck_0af3c13ba56ce57c,0.0022813681647134315
ck_0789a05e061b2784,0.26928066358738073
ck_6ba091eb42ffa9fb,0.16551293150308033
ck_265accb3c5c32620,0.10637497766098661
ck_179039559ff7566c,0.0187036776043467
ck_17c0a6a92b5765cf,0.0067801783433974324
ck_59371c9140239fd7,0.01894025308203788
ck_f9c4f8b4ce2691f0,0.022254879395046577
ck_a2637e4872cf4811,0.1469948176468784
ck_1de43fd6c6c22a5f,0.14220408064267964
ck_6e4f31bd108571f0,0.0020521593638032
ck_da06d97db0b18851,0.0030694517294323326
ck_e0346d5081e640e8,0.05599586019231011
ck_c1c7d4e62c9fcded,0.09007725749611989
ck_2595669e421299f6,0.029049987335864412
ck_3b6057d51fd4c7d6,0.002233303007179343
ck_c5f8ab515840a0fe,0.014078097646537006
ck_435cb24538c6f77c,0.05575932148830373
ck_d84b5403da4cea7b,0.029654786557235913
ck_c2b61a98d1c8f6dd,0.5713983946543488
ck_c9dcd92b2f836b61,0.09393285559536016
ck_9eb5b3f5f672c2b1,0.0029028806793509115
ck_e4cf189a8d31649a,0.008605550538250526
ck_6b114f2a48152b96,0.0025525552906925947
ck_3fb95862b70f505c,0.02936133992082063
ck_7f780f465c29398e,0.012364979164199163
ck_ee387f9da79e67ea,0.02094775433980698
ck_fa3b1e85d27af2ee,0.03706953748711791
ck_e739eaaa7a1822f2,0.03353209224597617
ck_dfa0ac11fcb1dabd,0.0035489657458278876
ck_6e8751b571ea54d1,0.018605969310484066
ck_2d695f8358383092,0.02338606746699439
ck_e7dce27edb700f27,0.011963889637469388
ck_e322da8b213eab52,0.00848705901633796
ck_d0b32e039abb8200,0.007650219033498436
ck_b354003302b272ca,0.008287708449392854
ck_f7485cba392bc294,0.23535615514940808
ck_d6a290ff8362c7b9,0.13689656779659504
ck_c56a44fe315c0389,0.00809473114420001
ck_f77dfe6512eae322,0.019042386017493924
ck_35fe969c58b9e70b,0.07743343178995915
ck_4c518637db2322d5,0.07419584440393581
ck_cb61902798ecc4fd,0.02091247265028917
ck_56e6cfa32156a916,0.007320245135233166
ck_343e6ed2b9d35c01,0.0068397503526423774
ck_51440f64f7250ad7,0.04538454070968827
ck_295bca29c34cfe2e,0.03484588310962619
ck_dd30558576b45e7b,0.016133925818614073
ck_3a30132a57181fe3,0.06474280931359566
ck_4a733aeb833406f4,0.01665705980644143
ck_1b0b7c3d35ab1259,0.037360813060492326
ck_962c3bbf27cd4b80,0.07902579272927963
ck_9528e1d6b1707870,0.04363754976695783
ck_b3263e7f31aab45f,0.030415408385950214
ck_e69195a3c885053d,0.0018050416698975151
ck_a907fa8795cd4baf,0.0021248570613552867
ck_205c3405045bd835,0.00507783376637694
ck_e81fc223bed3c46a,0.03638900838887525
ck_363751deae40edfb,0.15975573512810698
ck_6176baea8cbebbb6,0.008340506845733842
ck_633e6579f5c74a5c,0.8192204599074129
ck_ddc11fc481eef58d,0.017510823897984168
ck_e975002c979e12c7,0.0686597295351658
ck_8e039b23acaaac00,0.033220205525791205
ck_1d6990d94a4d2ad6,0.017594519855695177
ck_e7b583acaa3171a2,0.09232071011635008
ck_c0133f60d39b2fb5,0.01293618966124795
ck_7d6bff85e7a694bc,0.004316292938867482
ck_d305b4d82f63f647,0.002554382180056769
ck_22bd0fc71f95e048,0.03630991249969598
ck_9a65fcfc7916f93f,0.0029096839095610815
ck_d61c837b0106085a,0.07367472670646234
ck_be86a1db08dea456,0.018230101690485397
ck_90489c405e6886d8,0.004855548740826181
ck_0add2c321d579d75,0.020076747026919976
ck_482dea6eed92cbbc,0.017407244350815858
ck_c24b47184534cc2c,0.9858915497306586
ck_fa04ac31e596e7d6,0.012649333597792429
ck_084322dc5a3a86f0,0.020337472245109584
ck_ccb72a33cc1877b7,0.01898525092817592
ck_afaf374009d3b248,0.01070931477845585
ck_b53084ffede19a8e,0.0016169749067302015
ck_4760216154c8cac2,0.3980210822356798
ck_37ad3a65db673e70,0.006525437670258117
ck_0c2932cc0d553694,0.011021898920638389
ck_86b853c52f20fef5,0.0048696947656124995
ck_38703b7546d35a80,0.04202823570831205
ck_218b7e6e6dbd2da0,0.007077842779830848
ck_402db4184982fdf5,0.0182012649505253
ck_f917c82af80e4a79,0.08184088885975516
ck_3c6417a233c68c73,0.025646966831287074
ck_98068c397d70dd3a,0.022650266067142898
ck_b1cbd6679c0f8d95,0.005572506640703745
ck_9e962f9bb0e7bac2,0.018954189038377825
ck_b08247c3ad567d92,0.3496656185812711
ck_3ef7a03ebb81cfe3,0.0013305983470031626
ck_5d7ae0e3562e99bf,0.07804954182770804
ck_c91a628236baf91b,0.15378175359616292
ck_7f8e816ca51755e3,0.5312156398718814
ck_5aadd286d188f5c3,0.0061891281681115615
ck_a037aff5f8128c73,0.0052835309114212595
ck_5df6529ce8290906,0.012611969218070975
ck_5f3609511443e5a8,0.006747905056773478
ck_a6f61864fac3c8fb,0.00896824659925501
ck_2733fc6ba23ae46e,0.03355342661075961
ck_22bfb9246646eb41,0.5635490666979444
ck_bfc2a57d8fd1610c,0.34657556147018315
ck_49839e761d0e74e9,0.0075085788552395165
ck_aa4ba931dd37481d,0.0040439632668178745
ck_2f9fa0d61829f815,0.007808824110519462
ck_5b82c774df10d49b,0.0026069437088131306
ck_411219470d0a195c,0.021878506627520382
ck_d07485ba10514a2d,0.3121052286141255
ck_219bef979ee21bdf,0.0018751201592778525
ck_eb1006e7285184a6,0.03017797544163984
ck_fd242b18575e3063,0.08397047741384317
ck_95188150ff059c70,0.08710963282138003
ck_a9ca2f447b984a6a,0.017295887009558465
ck_2dd39723c4088b64,0.017287082599162538
ck_aa2b4c662ff213b6,0.018220741651039585
ck_1867b1199c864db5,0.03295076643816558
ck_850ec97a5a0dab9a,0.03179807107318378
ck_562320295fa35875,0.005662140795504863
ck_bab5759b07fe2bea,0.006014981298414545
ck_b9f1465d803e57b2,0.1488900040647894
ck_8f21f2690c32c691,0.06830627490066027
ck_df87d6f61a63eb21,0.009280771496547059
ck_770475876d0e7e6a,0.007637750995559474
ck_b4c014d5c0cc9eb2,0.0041671540858719824
ck_3add4d23124c9290,0.008886882949638197
ck_bce5b7fecfb6264d,0.10050226639290397
ck_604c17cb97dc89be,0.04930797101957926
ck_e52cbcd9aafd26b2,0.006180489381089187
ck_0ac9114076f5bf3d,0.012498703763601177
ck_dcc125b178b79566,0.0011532379528817124
ck_4e333c09f0c37dee,0.02148939042334552
ck_ff7e31ff8ba731e5,0.01272690789950417
ck_8d0532d24f1070d1,0.0010124215280203949
ck_3689fa41748a6f6b,0.17838614420910193
ck_7509eb97c1948b16,0.010663553632362655
ck_a9161cf1ca22a6bf,0.011225187017011879
ck_bed3e3db135b782e,0.026464918932289465
ck_9040edd974ef8e3f,0.4834393119230988
ck_fac32d76ed40f683,0.015975333866568978
ck_3d7b1078e2d57c69,0.004127757886420602
ck_dae09c4e074af5dd,0.01840899759778518
ck_fd84507228467b40,0.05359559962668414
ck_e2a2ce9b8cf44c63,0.00877946895558461
ck_cbe716f351d660d4,0.01793537084024448
ck_cba4162ef29a6d27,0.01764464696457896
ck_4f1e962ff8a29732,0.003051951815782456
ck_39a81899dded61e4,0.010321076103951003
ck_25382331551d22a5,0.07163316281099925
ck_6d64e1c07b19856e,0.01172521775435154
ck_165a868bdef28ad3,0.039692518620795085
ck_88774ae52e30e877,0.022737798714724068
ck_fc7a9d0643570053,0.0021781374581078834
ck_c2017120b3b88a46,0.012452649227570695
ck_d115ac6b9fd62a7e,0.006125296133318555
ck_439cf7d51ec7de0f,0.016097461178990802
ck_2468a7e9e68a0927,0.00846525193620206
ck_7c418947124dee8f,0.08059725662645595
ck_fb0cf32c4a56f740,0.020603819225427377
ck_694eb6c43193afd4,0.02296396478631546
ck_993beb188dd4abb6,0.016279670268831325
ck_77fa39d3b733c226,0.09023451637250024
ck_49969a9abc47cb69,0.018328452648661293
ck_d3f44bbe2f7e9b2d,0.03375938265102505
ck_fcf5b8216d0c18ef,0.0021528962112300617
ck_daefe1e2d2bc362d,0.004993516991000212
ck_9c9287cb28950eb6,0.04797678797393855
ck_c1d1a625b885a975,0.031913529910679334
ck_71b37fe47490b4ba,0.007084646082717996
ck_5d16e257c0635f7e,0.33044886882158647
ck_15918075563eb074,0.003633783329501209
ck_9a15fdefc47e8d11,0.01684831988831941
ck_6f04d047d1dde75e,0.0012281221459322124
ck_1af2c0b3b8d202c1,0.011739540180801634
ck_174be2231c5fd2b6,0.003566221708181083
ck_bb0713a2a1d65982,0.009676683014651456
ck_0daec63bd5b0729d,0.023027932489410246
ck_c0b5cc3e8ad2ff44,0.05805384904695971
ck_35bee1fc12664644,0.174640286452235
ck_a1c7cf63467df4c2,0.003596447891667932
ck_ecb1e15f0b185ceb,0.06653146081392537
ck_f280d31f54a4710a,0.021952119168806655
ck_30f4b2ee8abe1342,0.17546744484758536
ck_66bed631354de5b7,0.010909880440098572
ck_c2d3ecd7278eba2c,0.002179442701633001
ck_e901dec0e09eccbb,0.00264280326800273
ck_5d038ecb3c8748a3,0.01067090547538045
ck_283c5bea94b21e80,0.0050186925613742795
ck_7956c251b85f009e,0.7245440266023251
ck_9f5f81d771146aa1,0.0011799890604751917
ck_9323e6fc1e168eda,0.7142597330712952
ck_10495d3a635b8d69,0.07923756033299895
ck_1982d571cd36eb0c,0.01081281361072861
ck_4f5d7985bcc2eda4,0.00455736841898987
ck_7df526b2b4410bb4,0.030760752537434686
ck_dbb498b1a346a402,0.0019813763971303845
ck_ef059997563e3330,0.012553100842545725
ck_02ec4e06709e6b82,0.002984181403943796
ck_9782c86ba6485f88,0.0017219607934734235
ck_d69de468b44143ca,0.0066740651039603385
ck_6430a8792f400e0a,0.003372231191654365
ck_8285bd3c90af94f6,0.017315868448202203
ck_985c9ca112000e9a,0.04785574759009695
ck_e679fbf4f4f4aa07,0.0073646436891999425
ck_016e8c8eaf9d511b,0.020890635366060728
ck_bc996c523944644b,0.02617559314105724
ck_5b8315726f6204e0,0.018097658884503622
ck_78181f8e998e442f,0.0023029764019380384
ck_71c68dfd011dbbbe,0.6998547491919065
ck_db32c95ce2b6f502,0.5800333330524339
ck_755010362a9b1bc4,0.0020237200599332664
ck_114141d85256c9ff,0.0009642520755357139
ck_9d1a5cf5a3b87e48,0.014030384357253546
ck_ab640420858ab5c4,0.18147266439314513
ck_97a8dac48dd62488,0.18923587837831146
ck_879cc3166fe1bada,0.00161042025983358
ck_b0ed11080076e381,0.010676740923240804
ck_7334a9ec656263b2,0.004645578120605774
ck_6494f0ef13ce44d9,0.016701891731731252
ck_724e459b9ece38f4,0.03658917100869442
ck_7fd8b1470401695f,0.6267306052294266
ck_292f81186358b0fa,0.011595343871966639
ck_fa7de64d37287615,0.04083731985779809
ck_d00e09e66ed6458b,0.16556602644862034
ck_b8d210e741be186e,0.0035210707115932256
ck_3db59982cbae4410,0.0462309646946398
ck_69887d0a9aaca6df,0.0018581205576392752
ck_4feb21e2fb0b3977,0.010972588346313785
ck_08c6cc1e143475e3,0.007125653995001528
ck_fe6e168cdbb46b9a,0.07518285366084976
ck_07f1734be7fac56a,0.03303129041644534
ck_d66d59981307db93,0.04725526690854412
ck_f928dba0d587d7c1,0.003054068487889169
ck_786448fe3004cbd0,0.005727420014001594
ck_29ea329fa40ace62,0.01303658865674966
ck_7ea52b6f27edcb73,0.04878052733161903
ck_18bc51bbf3ef198e,0.03779938356904528
ck_44950df09ff14ded,0.0026122216988251424
ck_c1466b52c0a10b93,0.01199110885902881
ck_6cdac067cc4db5c5,0.044194149795784954
ck_53f55c6e8cf2d432,0.0036406415720653855
ck_95945f48453ca532,0.06932474789360268
ck_87cce4126e215153,0.009308704331158976
ck_1ecd5516c92caa4f,0.002972063602768861
ck_819b482bca14c068,0.45025942241923644
ck_a61a879dd46fc9f2,0.0112931137238657
ck_af70aa32c009c3c9,0.012529627484236179
ck_f4fe78e249092ab1,0.022455777761789756
ck_12c46bc52bf45b36,0.01920604198094911
ck_f05f5e4b40afa52f,0.05250979187211381
ck_0f8cb09d3f4fc980,0.05635531109668823
ck_80a64a7f0275a71d,0.00822039066293347
ck_683af7b1540a0b22,0.040244254916272454
ck_51fe0b613c076cbe,0.006334956197690688
ck_da1a2450219dcf19,0.03277509929981012
ck_2a7eba01ceba6c2c,0.07889823516813814
ck_4e329e29dfa743ea,0.3028271943432766
ck_0274d881d6db82c8,0.00865929977691657
ck_0af5b7d128035b35,0.015456107169992336
ck_ae0a7be6b0a0ea68,0.017637054152597264
ck_de5bb7a4d091386d,0.20652399418443454
ck_2bb7c17168a9d17d,0.020412823047113414
ck_0ffdff7b2f5fdfe4,0.013144526664451248
ck_718a8390b3d42d7d,0.010486448912495987
ck_7c4f12d70f184533,0.0015812716339818214
ck_d3e2c26b8adff099,0.017070840532148725
ck_ac9d3d9754104cf0,0.0024921857150857723
ck_3b1766a1d51f8f0e,0.21128217009186423
ck_a9bf75bea912027b,0.03141859982774668
ck_687eab3ffe1f8cfa,0.019203984089889707
ck_25dd0b02af5b2f37,0.0453364486326842
ck_1747fcc466f0ae38,0.002235274588930937
ck_f6e9d14dfb6f3c28,0.03862163742409623
ck_c6a7bbd0adc4d5f3,0.04467384941530437
ck_46656a23f4456d22,0.5423789723493572
ck_7519260415c2998e,0.019087484899882108
ck_754f30ea19df857c,0.025478251209346922
ck_ba88a244d5f7380f,0.016524848749769488
ck_f268416945316815,0.015131676363607327
ck_21860dd2159dff28,0.003397464283115961
ck_7a86ef4e2beaec38,0.001129145640631065
ck_0414507baeea936a,0.029570957671276647
ck_60796eb60fc3043e,0.007864711318383136
ck_1e0841ed17fe0562,0.02017242307299031
ck_0d641d32658d6e0f,0.004744878505962897
ck_b36086ae6d87eec1,0.008471573433736439
ck_962e65ab33b5c311,0.8883784921008495
ck_b046a42684468e63,0.014081288997999004
ck_ab3426435b0017d6,0.058160162024556435
ck_fcfe06e44d09a344,0.025529770382525324
ck_0f6d916c92189516,0.025802295160895786
ck_d4c8f0d957c3965d,0.03317962515075716
ck_2ca83dbd728af019,0.004379440452499973
ck_2857a4ce9f72fbfa,0.006159548380257755
ck_a60e6edc48e3d0ac,0.4394818323136025
ck_0cbd3b27063d4415,0.0888592223710066
ck_612089ec90c37219,0.0175027946139744
ck_ec4e597f17f473c6,0.0037444548777763893
ck_1c93cc58f314bf71,0.041756845327395445
ck_2b359a979520276e,0.005188851057561553
ck_1496568ddc3b2d56,0.042751611280208664
ck_41d91dc9f5063566,0.020392346792189327
ck_4c5ff58afe3d7a67,0.0025769715476083145
ck_81709736281fa3eb,0.0016085781509381518
ck_d89abbab3d4957aa,0.006476076686900653
ck_52453401f88935da,0.02548218171860548
ck_a477654d34783e06,0.003312010794676014
ck_72dd0dbdf808cb00,0.03756045856301883
ck_c183dff3781746cb,0.1178476260285434
ck_c8b7f241810b45e5,0.0025124544147883702
ck_f88028c3f306bc70,0.03935796062114781
ck_91d48d69e4f5d9c2,0.0046626758199857805
ck_b74b9ba6d7c9aab7,0.1730029830344033
ck_03e904682dc73bba,0.015199658390423785
ck_fc6fed6ea96a004a,0.011261615824254417
ck_51efdd240e34c642,0.024709050823296892
ck_e78ab4ff52b5fd2d,0.008535921822599813
ck_4af7b97c24d89a45,0.04745066544374489
ck_295c0072eca7f7a2,0.01114433853634764
ck_8abd1a50a9227463,0.012794844867586166
ck_ecaa6f13304e3dc5,0.0020105462700336124
ck_de436e7b319be1fa,0.984417509008999
ck_c802cf8f61466027,0.002150179825959768
ck_3d83e0a3c1cfbf8b,0.019090014140150383
ck_28d2003c2d16e4b6,0.0019234040918147907
ck_8ddaf745bbb9cd62,0.0012427222955449426
ck_493b6256091014cd,0.020008827367465624
ck_a2245822cfea997d,0.004450539547054618
ck_f7305b3c64cf8a03,0.07397676691179787
ck_9937dad93a0ed3c1,0.005319038115484658
ck_d654449f9231ad76,0.006489350986378403
ck_850e2b59bc535490,0.0409452195719642
ck_e55e5bdfc0242aef,0.03410561648507149
ck_d35c51e981b98c5c,0.009778708090499046
ck_27cdf9c5e6f0915b,0.019595149812880193
ck_d328db1e1052d820,0.015205747380792247
ck_0ea30eff5f361cba,0.007107023742675313
ck_9994323f97109f4b,0.9612530167190587
ck_09054e97bdf9624e,0.002508782030997612
ck_723b4afc388113c8,0.005444323113093567
ck_588f6e6a6a6d93e8,0.014900740367131295
ck_e1d563fab4d6116a,0.005328077009945323
ck_53aca610e20598bc,0.011322218803310418
ck_c8131ddc7ed33448,0.008575324374118216
ck_899f88464305824a,0.029660859348166146
ck_1c17c65804f8889e,0.018184139361589018
ck_45a16ce12893cf9b,0.013370764958045255
ck_f9d481aa4f9b2808,0.6108302039520629
ck_1d5d74169cf892ef,0.02688184521148102
ck_aba32acb61c1aaca,0.04403437216798429
ck_ec4dd3675a8d28cc,0.014074224919400812
ck_5dcd443fe0bbdeac,0.0030981481745086265
ck_3a47e3f54475e854,0.006428269735056106
ck_a9aa5c344c315532,0.028294210253417322
ck_9652283c9f61fcec,0.005183400875817724
ck_752dd3d2487f78ea,0.00989392068761551
ck_a821980ac4db9943,0.2574067366861036
ck_93e0d6befb67f7a1,0.03850079974109438
ck_e7a3881c3e36bd51,0.10344727080558887
ck_12631b78f8a03df2,0.0038881058224270286
ck_57b8226610b48854,0.011335242252269392
ck_352657008983fd4b,0.04620049194403535
ck_0841a5c24fd3dd28,0.019560020844287394
ck_db9b9d5d30f74070,0.08930342715774578
ck_a9dded7f6294e44f,0.05134623481170077
ck_91a16336ce3217dc,0.03784225088393242
ck_371bd9388b287677,0.0013136279424086697
ck_f285e5e1912a7c62,0.0030176465323754806
ck_368b65fca69fc415,0.05500296720762901
ck_d27a73596b6500c2,0.019957428965993028
ck_2d963f9b2c4d11e1,0.05392027790113025
ck_7c500e219af39486,0.006535852841642092
ck_7d025dea5951cba7,0.006143353163999022
ck_32f632706608859e,0.010853350505712303
ck_53816231f3ffb48d,0.0037713594656658966
ck_9dbe184e81c1ca8d,0.06807940554927286
ck_d74123617f22a21e,0.006821331840342184
ck_275386782b1606f8,0.004480694235953203
ck_0b0e79d33e50cba5,0.003808341754720765
ck_ba93cb604f792915,0.02952896471338265
ck_a86cd653472eccbc,0.017968288661090237
ck_87771861e0447210,0.09149597443531626
ck_212380e0371d8a6d,0.0202156269135959
ck_ef0d702d7b0ed745,0.0022410461281769717
ck_2b8f33e22f939372,0.7084961184123684
ck_480347ad92037105,0.011411164335012621
ck_20124c3a16c53ce4,0.012788648892511568
ck_c9e1e3229baae708,0.016747297287073016
ck_b1befe967f7a5ebf,0.06773610951289008
ck_4672167d7c989bbf,0.14101076185578348
ck_f0c44ee5e3a42e3d,0.0509503944122645
ck_c416357d20238a4e,0.012785431613707533
ck_d0f470f8078c91df,0.010249311138472378
ck_3a70b4ee59084715,0.006823166511205018
ck_179ed66cdfc1ce27,0.004648196960166618
ck_387e5a7f163c7837,0.019382041525204712
ck_08fb463e69f647c8,0.978743442883522
ck_732f725747393ec8,0.04663327285951824
ck_7cc5e0fa3ca5a713,0.0024330862228338027
ck_ad4a4daa826ac68b,0.21733992836473193
ck_472e0be7a3b533bb,0.03476621463783406
ck_7190177963eafdd9,0.012812666332652795
ck_647ac26c5900f082,0.005618916968234999
ck_272ae2179bbd8e58,0.006967885557989594
ck_09b0d8af304646bd,0.00124059995084665
ck_ca0cc8ea9f344408,0.012689359787739773
ck_332ad134fb909869,0.007750718071920445
ck_fca2798914627dc8,0.10510886568540351
ck_4450b55f462ae134,0.007125520280312858
ck_d67d9dfb60b286b9,0.003990112236552637
ck_a9d2bb4f2bde7052,0.004689533548914947
ck_929bcae878a3ecb3,0.38483580014767294
ck_59a9e000fa275e1f,0.019042877566633875
ck_57f17254e2688637,0.023410397127872223
ck_0508908697f60ce3,0.12868500787841203
ck_946afc2943298d26,0.004425090278617807
ck_7176d12b18f2cc0e,0.01670396996758342
ck_5c47b49c26cce286,0.025661500980079674
ck_b6a2bdb2d335e1d0,0.9838716890559775
ck_1d58f6caaa4d012c,0.012980575029344778
ck_71c917295020ccc7,0.007663278237507645
ck_bc89644ae3688995,0.009086797898319149
ck_e7c212f16d6df272,0.020755861513933157
ck_c6d2e11a368184e6,0.008466665587264421
ck_eed7f1f7548df15b,0.01184454385526899
ck_75b69034000ca7bb,0.04483707553713239
ck_38da3bf629458682,0.0067679011217009226
ck_90114c891239d821,0.004763206628344034
ck_8ee08f6777cc155b,0.024318607768500866
ck_bd86132499defcd0,0.012577627486413723
ck_b95fbf2b5640aa82,0.015440641927569318
ck_c530235393360e3b,0.01655601847277679
ck_be52a7ec43241ba4,0.044765543375593145
ck_d96eb3cc55f2772f,0.014353268666469774
ck_dd34f0a844fb115d,0.17535217668210334
ck_17cc7b411f448e66,0.03595972293944165
ck_856ea65fa27d06dd,0.05081064934747921
ck_056d5f0301c30902,0.13658869560827633
ck_e662b14b2bab23a2,0.13605668676867375
ck_209f574c8d92274e,0.02253720443536361
ck_62720b81617896cc,0.009555675948825653
ck_041614694b77e599,0.007697903708991923
ck_461e3f7b97db8d16,0.03778014142799092
ck_1b74b798eebeabdc,0.012198906984140499
ck_0ed2739384f1d644,0.009053836812003073
ck_5a4d19f1b83feeb8,0.002214764843876469
ck_463937167965a1f8,0.02508839540793574
ck_9d7151dbdf100e0e,0.026045636843846406
ck_20a7d1ce6cc27312,0.005324916721911173
ck_6031211ff118cf0f,0.001604075698100052
ck_a6fc92aa91e99b77,0.864715084231758
ck_0aaaa9d2f75a0518,0.02984002857664615
ck_ec26e327cc1848b2,0.007440281932367723
ck_0e6bebf8ae9b9b03,0.02062555008613337
ck_e107537a4cb738f4,0.014293346696912571
ck_e8ea56e122a5a487,0.03802109254005401
ck_98149ed45d38c4d3,0.04803502040048561
ck_0e719b3a6906b8f1,0.0008554273420294196
ck_0c6e7bd357e4a348,0.0019340910179339904
ck_d3b2b250da61db19,0.874228565734464
ck_8bb6b0a292754576,0.12421969312374781
ck_87d70f5fe48a6128,0.03729440257967115
ck_ea9edf9c107d429f,0.016377311579198948
ck_059806c52cebe4f1,0.18465667332226066
ck_a72d6df666e1c21c,0.009993646232163285
ck_1d2b80ab6c4944b9,0.00677834300943134
ck_60557f077abc42ca,0.38635203346834
ck_e5f5cb7dd6ce4a37,0.015080313037942022
ck_4c4a939154446053,0.003339775627735791
ck_50ede3eb561a202c,0.021057860599594268
ck_6d03a542922b2ae8,0.005976686597083412
ck_d6fe761ed0db3270,0.02340143932723779
ck_7f0cd6ea3096f985,0.003485995488975965
ck_23edb6d938a3b87b,0.005427992177446611
ck_799aaf9f2b9ef621,0.01241755009234459
ck_f8f6a03613b6dda8,0.008458029525348291
ck_7cffb189f4f514ec,0.9562350249515315
ck_c081e1967dcd811f,0.04974236379631233
ck_583d6ca78c97d91e,0.4359307559198158
ck_9332bbc7125219a7,0.00906141134389407
ck_956b5af6d7d86c65,0.7964367874186339
ck_2d634e3f24681c0f,0.032735086890633015
ck_7b35d218ed0c5a60,0.016465920795857982
ck_ca5b1057f8248f73,0.01745672759648676
ck_ec5ea81cf813597c,0.008441554747455511
ck_eaebaf4d28400fb8,0.02009468878247127
ck_ae2ab6be219219aa,0.002758842110404334
ck_d99a8b4c820eb46b,0.007866610133436844
ck_bcfb7ffb7cd428bd,0.00808715050336049
ck_3dd542c2d31be2c0,0.01331310385941002
ck_c7dd84401e29a7fc,0.002263360414125722
ck_c4bcc7cefd40f8e2,0.0021896843764588727
ck_c251898b5d51e3b0,0.012627754178422393
ck_36d37be780c1291c,0.005415701934311669
ck_99b4f266b61ae7ee,0.01901199619195221
ck_c37f03995f0f0169,0.00207458920826934
ck_65a23ac8e44eb901,0.006780127621695384
ck_644b1c1149eea9e0,0.01784166695894453
ck_9cf44eb0237c2429,0.00677037926776087
ck_20541686a94fb71c,0.053682891855504844
ck_c18245be844680f3,0.010837340930654735
ck_56de216eda6b7fa6,0.0010392695179170294
ck_406c4442dee45cd1,0.0014014280711645674
ck_df1585c7d72a96e0,0.004535170749618257
ck_b8e8dba20676d87b,0.026903364030794526
ck_0ee6965e68efc177,0.024022350352840505
ck_c2a5c54ad8d0d297,0.022797419867402385
ck_bf6fb7e6470e95cb,0.002018859711111381
ck_27fa694569140345,0.0009530965273785237
ck_e04166b0ce66393a,0.0063438444501861275
ck_8742114f4f0cb22c,0.08788195650818437
ck_6eceeafd56b42576,0.09129217772220807
ck_34f9951b0eca1965,0.02117434011946908
ck_384ccecd342a24ad,0.00450799775414967
ck_49c98bebd1338879,0.0027353479384950373
ck_6c26c12071c91ff6,0.004515580651833146
ck_01e5986ebb9a78f1,0.019618058594402986
ck_121db7ba3be29ee8,0.030165065444199203
ck_039e6d5a330cea1a,0.10563795758423312
ck_ae8c9163cf957d7e,0.013379519204996856
ck_3f5e8f3f1df0c8c7,0.16238403206444302
ck_b1c51fdafcd80122,0.028304712444569544
ck_12e2b5ebfe8986b2,0.0047618627624539936
ck_d55eb81a4d543c59,0.01612069482901715
ck_f85155ca5c312c7b,0.015364619178529344
ck_133d8a1ac7c0e301,0.9787003507424534
ck_04212a9bb9b28696,0.9910837918482658
ck_4cc11c7d3ca61f73,0.0048967785916961375
ck_2df4854186ec515b,0.02007578127639827
ck_aa9b28e7fc43af79,0.4166077974627814
ck_47cad6c3def4c9e4,0.0035277925275699435
ck_fbff7b5da8111567,0.008721896562972606
ck_bd25ea782e375b22,0.03200015968920059
ck_7989376f8cf64a9d,0.010539301638874347
ck_675c0ca1ebb1051c,0.005837581695025606
ck_1436f6e11d4008f9,0.01374296417836119
ck_812cb3a4482cc618,0.02854572830684883
ck_6e606f73a1094afd,0.010206419163094319
ck_1b708e2a4a0584dd,0.022301749433078756
ck_a60d6b324bae0330,0.01945974697783853
ck_706a4f673a9fda3b,0.3449805561525292
ck_a75ece9a9044eed0,0.0031886054713806157
ck_9aa45c4e03c8c57a,0.029011732021649764
ck_9fe9bdce982b312c,0.06292406446066573
ck_c6fbdc5ba68a8466,0.018275048340900386
ck_ed0cc1b1c28f9511,0.04425194533818996
ck_a4e2607b4c8021e8,0.0012373764160325694
ck_e02f93f51cc8caf3,0.006699618765339524
ck_7084ed3cf20781b7,0.0515449599433849
ck_cd4c63155570d6ea,0.0069498531599629185
ck_d1b9e5d32d2d789f,0.00767898282361616
ck_68f56f6560a7a933,0.006373152236237167
ck_8bedacc6233c6269,0.026083435175672996
ck_ab7cb50407d6b13e,0.03332609392575289
ck_f17ed7e0fd687742,0.052210256522944955
ck_b0fe4b92fc70f72c,0.00289394580812711
ck_84d62b8196da2452,0.01226520045266735
ck_9e298cae167f4693,0.004353400599335746
ck_405b20ef9ad0ba5f,0.08260874547687311
ck_813e02e1ababd177,0.013332126412337386
ck_f234ab47061ba7c0,0.0017278742088090513
ck_22b587c18363899a,0.011732474923978374
ck_4e862c2f48c38aeb,0.004032673082579555
ck_b89cb90a420c9075,0.006519648239738921
ck_be2251640f27a3c9,0.1800434933158332
ck_46bec0bff167ed3f,0.01705131686399608
ck_c0032232c2868328,0.006034192999699903
ck_030cf09525dba4ba,0.004120006706846816
ck_6ecf56236789fc09,0.9486521081283459
ck_38d4ed52cbe6d123,0.025292267270927964
ck_2d923d957ffd4d53,0.011573353478050077
ck_3af1eb88728ed8c7,0.015726649919116573
ck_2f8120ca80a1592c,0.024288265122609103
ck_6cabb1a133f0b151,0.010477185336694752
ck_bb6cf7e7b707731d,0.7457018623336802
ck_c8307fecafa90140,0.011997925372338732
ck_75f968be67f46d24,0.02562425420723678
ck_df6fe4ec5a233213,0.006015140785604677
ck_b53e88c0e927d896,0.000922825975220011
ck_f0093064aa28f4d0,0.031485389777890345
ck_ec9976cabc63ff92,0.003461248516876487
ck_30dac0a58c5590cb,0.0973721784676628
ck_348a525791ae6475,0.07242295182605421
ck_b898d912d1181ef9,0.02018996742092349
ck_f5b1200dc6f95760,0.012196695797961375
ck_54978a073e7a0b1a,0.010467082029027727
ck_55933936536a4071,0.006025977105723794
ck_d6ba7ffd2ae08863,0.016034212168955564
ck_404e2217fd87fdd2,0.003706528139385048
ck_dfaafdaefa5716b6,0.05668298807579686
ck_556c62e92d4e7e5b,0.0685790934286506
ck_7ce44f4e06d58111,0.27450030451557683
ck_465cb8ce232c7670,0.01396067826974106
ck_237508ca4fb37268,0.10370782208839124
ck_ba4a6b9aa63964ef,0.024294626344384077
ck_4802a0a7a1882c88,0.21034603323618306
ck_9478dfe4114c30f6,0.005317758671569405
ck_5138f6c575dec64c,0.010540974563331622
ck_aebb42afe430e2e9,0.006126279858105512
ck_004efa95555437e9,0.008065974442584084
ck_11af112667c98394,0.014225345613879517
ck_44e9a18a8645c9d3,0.0036163773124662305
ck_2605fd571219e28d,0.0016181029146538652
ck_dfc933493561d84f,0.010892382594056029
ck_67674348e68d1f25,0.008578774605280065
ck_dd97429277a2fa00,0.023545798329674458
ck_d3eab7a06eb48348,0.04635367451571709
ck_0b9fcff9667ec05a,0.010378584728242768
ck_fc4bfd6e739bddea,0.004046600199063662
ck_43292f70a03ddf2b,0.020890858513888458
ck_5ff6108056a3fef5,0.00766869264700935
ck_767e0be086b5f601,0.0382140230509614
ck_b8465b1a5666155b,0.031277515086093374
ck_ab2e3fc56f5b3aae,0.04398952649438503
ck_1833c81d693c1e07,0.892366297441032
ck_0308e0602b856445,0.004263048060616346
ck_ccbdfe744acff8bb,0.015114524385312942
ck_b294aa27a0b586d7,0.003920096287668787
ck_a3747201f377626d,0.9540117584969554
ck_edde1d7d1db24725,0.029925346756863473
ck_ae3b47d6e1063704,0.011985768269677965
ck_3aabf5e0f4defb41,0.01250886207840866
ck_f034adb57391f3d7,0.04070551312711012
ck_533672fb40531607,0.09639584386105261
ck_2a244f1ae08ef83c,0.0249117540421464
ck_a35d81bcc54ece2f,0.007003762635878429
ck_78a61215675b38f0,0.010995660747947538
ck_e013d88ea7939616,0.02224781555351088
ck_e5018f9418e0102e,0.035688758686892155
ck_d4e024fcda401a31,0.011469132750005936
ck_f736cffbdb82db34,0.0008824090202976206
ck_1507f5aa50cdf3a0,0.010396736168741571
ck_18270fee7c8fcee8,0.008746314296466702
ck_95ffa1a805a1c9d1,0.005284636691616723
ck_11132d245b94d045,0.012276459522573358
ck_7b93a622e40d8b14,0.02032855549360843
ck_3854c08d17704347,0.06417196338974039
ck_7717fcb100dc4b5f,0.020012117180617406
ck_ba54e0a1c328119b,0.5180883003139354
ck_a7afdac4ecbf2de4,0.4697777117264327
ck_ecfb771ed2352085,0.01005905275542026
ck_68be4fefc85a6b64,0.250951211817793
ck_dac7c50bd6d0148f,0.0024077012686192657
ck_87cf36a03bd63c24,0.08310427674622943
ck_8adb40b168b59d7c,0.024532021143164533
ck_8d2f62930777416b,0.09517104973718866
ck_9958b58da9e3c21c,0.032324914250701955
ck_9440335375701f44,0.018773922430941944
ck_e2f88e202b6f700a,0.029538393794500798
ck_4c7c50684827a2cf,0.0048386770583133416
ck_8a6ea4a79b1c7a8e,0.01047518551667275
ck_186dbff4b24a3bbf,0.18457006685018768
ck_220fda3c11c59b6c,0.11893796330333098
ck_3acccc69f8b1fd14,0.03856113667247045
ck_9de191bf79afd676,0.010534267687410552
ck_6de6b1663f9457f4,0.0026393813416514937
ck_062754f8b79b86e5,0.0018267975867901453
ck_aa153a89a52f7eb5,0.019891409708289308
ck_34a6bd3be642f15c,0.017928661553300494
ck_9371c700d9830326,0.03761646173531319
ck_a99e0c258ad7576b,0.0062317548531580745
ck_0a7ba51d626e932a,0.0317657270826595
ck_852c50bbba1ead13,0.04097948336552502
ck_43dc13b6b6d31297,0.05932601496620721
ck_7d81b59d615a6649,0.019518223911947605
ck_39a3f1da060e88bf,0.017241152580903987
ck_6fb2d142c09ed3ed,0.047425003084221345
ck_6e5752b87324b58c,0.009100355377759474
ck_9441d48a12e8a4bf,0.19129538786062142
ck_09e9c51eb538b255,0.008360594686498416
ck_8d0cd981ed3a183a,0.019053620132464703
ck_57c07c45269ca8c0,0.008878487447048857
ck_ccfc9ab888ba933d,0.021677688912555407
ck_9658a6ef471053f0,0.005911461298371482
ck_dac3852758f4ea89,0.0029056149817241763
ck_b1ed2278f5f14d82,0.021889838769646452
ck_333544d173524f70,0.04683624770130489
ck_fd4582e3853ef23f,0.013529027486575773
ck_614d936cef98db04,0.004148462126677243
ck_6bc351a3d57aac54,0.021020632351414072
ck_af5842fa7202ff25,0.020331074078392047
ck_81307759252571be,0.0035571220157713333
ck_b4d2f02d2cd45720,0.26388990273290186
ck_1bd753a4681946c8,0.949514348366088
ck_46d8c029d46867b2,0.004727764410204446
ck_b7da6640fa2f49cf,0.15585763141044195
ck_9ea3d5a5a91fef9f,0.11809239309684261
ck_7b922518f667f76a,0.0011181610459410941
ck_2a5b31594206eb30,0.4459324745719113
ck_d9506476ad3f9e08,0.014293679448857422
ck_c8791f7ebd4d93c7,0.04014311700568955
ck_b5a3e20fd210017d,0.01682549204143774
ck_8e54386f4fe22cad,0.01044722254224531
ck_75296704f5806f56,0.024716387796614808
ck_0fbbc7a6af300368,0.005316843892591358
ck_d19bf4dc0627113d,0.004354982860385132
ck_7951bd4eb99a0175,0.0018123209887421642
ck_059e4fac6b7f704e,0.007291108027776707
ck_2ce8931af02a2ce3,0.015114788152866845
ck_9e665618a4860306,0.005993796210937292
ck_6fce5a893613fd2c,0.0015306304317632968
ck_9e3fbd04e3532f32,0.45441996958288167
ck_55f2ef0de3420e3e,0.03897571532536764
ck_8d87658a6f5d204c,0.6450012390994997
ck_6d6ac1f5dd882aa5,0.0015572161955015804
ck_55d0c7012d7ef236,0.07060349570538998
ck_7738eb085e5753d6,0.009058273355761995
ck_0e6e05c3cc8c8242,0.01490879361262026
ck_8d27ff8383d48132,0.0036352491855654767
ck_9afc3bb849f3a64d,0.014351572594237853
ck_27eb86a9898cdfe3,0.004404189186819028
ck_1d40e4fc541abe93,0.17524498860288965
ck_4fd9dc00e1913587,0.9018667780005857
ck_b26cdb2b7b165d2e,0.03827780600328663
ck_a79a27767a02e31f,0.02869246501876043
ck_f0c18cb9f951a71e,0.026388921270831176
ck_50460e0189de6274,0.8808458336554665
ck_5e5280539257c986,0.008347587296411793
ck_eeb854318b3a6f0a,0.012376939427423834
ck_943f66f28dd24750,0.0009991046646285317
ck_984dd7452aee372d,0.0458221922173552
ck_ecaa6de0aca5e9a0,0.04162873728291078
ck_8f1cbc432e2774f8,0.03021560141278851
ck_d91d9f8445b9769a,0.39750076549320423
ck_73c18e03e3c7612e,0.0017034759029981915
ck_aded05ada490da20,0.010933762721798539
ck_f744e208183971f8,0.0031595507362125273
ck_02d4cef6358ad3b7,0.003406697592298702
ck_08ff5bd467226a5f,0.002373896855512374
ck_f824b326d5089885,0.2622353375003145
ck_3420f2fd520890f3,0.004321577381680831
ck_1838cf8d00f5b1e1,0.011577743974600018
ck_a85182ad90b6f1e1,0.0016745038735105444
ck_fecb39c82c43e76d,0.008320138246700094
ck_162513e73782929f,0.03436987428246413
ck_2c27b77c59d8f23b,0.17970281075463476
ck_4221e07b17388fd3,0.0821271081008157
ck_adfb8472d5c3d669,0.03066952095443493
ck_0742fe64055d686f,0.004861621810526305
ck_5060aefcc8b6f958,0.0351060951424174
ck_643f549b4ac78a26,0.39708861768031123
ck_dba767885bd6ad69,0.018246968686800417
ck_0dda35c0c64c7073,0.9389977462498778
ck_38ea56d43afa5660,0.021512638035871185
ck_d813e15ac91f487c,0.10560550757060376
ck_4c840e5585a7b167,0.3217914621894414
ck_cb8551453a7bb929,0.011917444864340968
ck_05a00b1dd5a03359,0.007351622532571369
ck_837cc7fd48453a01,0.01457380141729889
ck_49dd816b31fba6b6,0.47730964487492544
ck_86a61d9a39768e87,0.029228585072901346
ck_cd0e76f0e7bb38cc,0.022380126494591812
ck_dbe58392635133ca,0.04047003256383851
ck_3caec7dd6f8d02c9,0.05418636613068799
ck_bfd9bfc5b6ab4a54,0.11398928554834271
ck_2103399bdb2898a6,0.014314381975728523
ck_329f7de7279e74c5,0.004425153162401696
ck_9bf0d28119fc42c8,0.024715970813556115
ck_f781539b1042dc83,0.003125478479338819
ck_9986c7d781ac6b4e,0.012530586518635442
ck_a627734880aca848,0.0017280959242220284
ck_2106e509d77fdb4a,0.4967541075865241
ck_420d1a9c604293ce,0.015412432727841426
ck_fce0610c527e2b56,0.039723819659802546
ck_073da541ec3f9d3d,0.019469593507497815
ck_aa5f3ab48c17fed8,0.1462216282046211
ck_0fc1086e1c9e04b6,0.010647310277770331
ck_5c33bb46c1a5945b,0.024655294135596136
ck_500948a8d4bd8e13,0.02541439760793579
ck_19becd44f2c3d2b5,0.010735168632121175
ck_7d0fe77dd5ddb656,0.011492623375819563
ck_f158d9e5f101bb35,0.023856268180751358
ck_cdd7c77823c2257f,0.1048974567309761
ck_6c7b41374f9b2e55,0.012403251414548781
ck_417090dbffb1a63c,0.02953971696896341
ck_dd0e17605f970319,0.014724193412577701
ck_3646515079e6be55,0.01177029962004563
ck_89c8b06aa8c84b2d,0.12272314519464668
ck_e4d6dedd97233c07,0.06737961486753352
ck_bc82fb1895fddde5,0.009825282219204654
ck_88a8b1d442ca3686,0.03252231689219179
ck_5791f8f76a629a4f,0.07040288629874226
ck_9cf5e88e97c8c7ea,0.019451075870850272
ck_58fd684aa5a6f289,0.0020665985014177253
ck_9800c21dfbd8e811,0.004710650233413101
ck_8ae64df60ab6ccda,0.02477224852369489
ck_e535fb0f0c00418d,0.05201252646408363
ck_48011996d54855ac,0.22655475362016791
ck_ac79c72a8fe3fdef,0.03997402107003821
ck_b8cc2df5192bc49b,0.02628050763722141
ck_e96a5e1f08f8a867,0.00286757628625407
ck_84df6770549e43fa,0.004760472675247902
ck_e5f7b99ba6ec5767,0.016023948429781634
ck_8347455ab53ff620,0.00427238393170279
ck_a84f2cdf695a71d6,0.006471149523931543
ck_90456160115f9ef4,0.004172904421926465
ck_ebd178b3f3a9c50c,0.019525765836663826
ck_e1140be6157bacbe,0.00253501921984144
ck_744ffc11d32b96bc,0.00754385153835979
ck_e12a9f7d027e3387,0.006775386478221923
ck_cbe525da0b69f18a,0.02218069706968192
ck_aa59702537557ff1,0.02106885466391274
ck_0348cc6908f7f3af,0.0012562559787811143
ck_120e995d50956bee,0.043727436397349294
ck_9fcde1ff46cbbea5,0.0033997753980506383
ck_54b0b070689c50d6,0.0012557370289536963
ck_966a167758fddfd4,0.04555655572524122
ck_d5194f2e92fd6427,0.012016036567821492
ck_2ee84f3fa27f2cb8,0.003088835934220933
ck_57d0a7eb7eae2eaf,0.03297327459344666
ck_6a2c4edd82e10969,0.0017082795011412603
ck_96e4d38ef670eaff,0.015739609796109208
ck_52cc2fd5095b169d,0.00852211545083658
ck_4b088920f3a844c1,0.028901286864345652
ck_8f3ccbd20d59f1f4,0.007699600946012743
ck_e5e5dc431bed6f9d,0.013768225470882856
ck_e8b5bfa6838e28d1,0.03400250584815278
ck_4bfeb78b47b7c6a1,0.07058620503220363
ck_a705c61bd679496f,0.005898449321828115
ck_731869a0c39cb2fe,0.0340016199160779
ck_259eb102342057ea,0.0067912845220129475
ck_47a6005fabc33551,0.00523083325471922
ck_682262b455a9edd4,0.0013674836506475168
ck_e839d104854945f0,0.0034137196273031412
ck_761989aa4c47d746,0.03786339822819751
ck_44211dc210139ed3,0.015529644900084204
ck_9915ceedf63a5289,0.08351077627065985
ck_da59ab47cb6284ad,0.0020142796841639272
ck_e5cdbfcca2456652,0.007160495197387578
ck_13f2560c6a1ec62f,0.01483548292909113
ck_a0543e9b3abe1001,0.021621806477866663
ck_11c7a58e09e6547b,0.017496469138837564
ck_69587a134d43a4ad,0.06592599471132196
ck_28dc0de0ae291f37,0.018787792286501986
ck_298922703c5bbe05,0.02554615393627319
ck_fa5ba9ed9ed6a343,0.034968868001278006
ck_c08e64d424e56c05,0.04285401969185677
ck_598e036a28262aeb,0.06432762576223428
ck_3f7c870510083a51,0.011210054834898172
ck_364f8203a3e98d36,0.624836374890915
ck_7333cedb61506ead,0.01221190193762636
ck_1d96d7fd65f208b2,0.02186961308362955
ck_63133a79f23e2627,0.05828827838901197
ck_901d820e0b72abae,0.001440129069861407
ck_5dd80b3c01457bd8,0.019254688148082413
ck_c0b8067c144ed6c1,0.017738089687154283
ck_cebb8aa8c8f62c60,0.009492615767605857
ck_79749eca42ff1f5f,0.029406921186523282
ck_2cc1d9b587f6da31,0.2662739103406681
ck_ccc7916b56d42195,0.004743954329136168
ck_e43e53cc7b8b8e41,0.018539463974367527
ck_4ab74a6e7450416c,0.005463803139835218
ck_6e44024e9de301c6,0.0013847375012544002
ck_dd78cb6ae2866cc6,0.024806179270640983
ck_c363d3b050baf3b8,0.06217067536877634
ck_2d46291975f0dd08,0.0026077586091476142
ck_76ebeb5aee42f041,0.029727536588080604
ck_8395f004cf4d4c08,0.0029856485127218385
ck_de7259c3741db179,0.020009545223125834
ck_3938e92585df2b34,0.02108604816334696
ck_af69bfcf4f07d932,0.014879698422710239
ck_1723900ab9afe374,0.15167959989386315
ck_3d58628d1c853c8a,0.007681226863342353
ck_12a074db100481cf,0.05342434176381082
ck_8716cbf892c50e29,0.01747260725729821
ck_fbf7351958ad9615,0.012010915909687706
ck_a50370907e6b397c,0.0865581720278644
ck_937402a60df0821c,0.0020846634726618095
ck_8ce9c5807acbef48,0.008311273098775522
ck_acf7d65eaaa4c31c,0.0021424360272722116
ck_ec3eb6dd0967cac5,0.01809006808374873
ck_fc832b0c90c9bdb9,0.7969124895503886
ck_8129e81cde280131,0.008225207881115734
ck_52c0ef68aa2fb8cf,0.01382940389850034
ck_06f042e9b1b662fd,0.04968788281790193
ck_0bf35dcf7b38f650,0.0018633674852182396
ck_615763afc2e17a7f,0.0019523733388207426
ck_e72db9d4b2fc9997,0.9758379389191727
ck_13757bf0eeb353e2,0.005002723746496276
ck_abaf371ec8249c4a,0.09538869745409459
ck_9b7167da0920c37b,0.08211598486320167
ck_2e824b0b27494a17,0.04279661750094842
ck_9a0b605e9c3220c4,0.0204542726940009
ck_a5276af466b681de,0.003253679867924409
ck_9e0383e1fb6e214d,0.08204801041071302
ck_6a27c44b691dbfac,0.0029649322293007173
ck_af39767cf583905b,0.011967827599690404
ck_243b1b9fdd3f9a74,0.00264579553388077
ck_c0422e638a9c6046,0.026564074236834156
ck_e0f3ea3373dfc4aa,0.02347072947870564
ck_d56ee1654378ffc7,0.02047889952388092
ck_20cd2f5666719baa,0.002006374738543218
ck_4dfa1c1e9b69fcc8,0.012154523741064245
ck_5d22e9ca1d15180b,0.6427844930042441
ck_f4a7ac178fd55f0e,0.004402385475785952
ck_fd5609bd23a1eaf8,0.006312060620597672
ck_49c3bf13dc9471ce,0.0442125142694951
ck_724085c3452d4693,0.31809025565294546
ck_e5d1462846154a75,0.04568151210647102
ck_c69ef0f3e7d6acf9,0.0754808655874563
ck_a2d0417791d4132d,0.00886306829192282
ck_00a07fc2a9183c3a,0.0018724707776568992
ck_781b8288e54ba8f8,0.1373082419299006
ck_d74a62ab3804a81b,0.008884307388325916
ck_abcbde211b6267f8,0.0315478990413433
ck_16dbafc035574654,0.004745158001826271
ck_018f780215ecaf38,0.009410122645229864
ck_0b259620eac51618,0.006159506513528527
ck_4f875342394c110f,0.04036328099311759
ck_399e45e5fe9beaee,0.019979520561114867
ck_36224a2d394ebfe4,0.0754770055643214
ck_c189b551bd111332,0.0017278534522134775
ck_125c5a720ecb177a,0.07823480074445038
ck_76d010aa02eb477a,0.0025462057194486232
ck_1071d14c46c92379,0.4012129502857166
ck_61d244b2cde483af,0.016482040703931302
ck_2ff1860da2004c84,0.0027839026352438822
ck_c5b583490198672d,0.011720880043837893
ck_1294f7af22fade11,0.10857844074406423
ck_e3a22799716df39d,0.004758105803419198
ck_c77e22834ef97005,0.6937649544714946
ck_73d3689728270a2b,0.004766220257489371
ck_295565fbf77ef885,0.0031869704309649832
ck_80c0a7f54ff4895d,0.003562206997484111
ck_f1ef5cf7f10b16c8,0.02632035334051206
ck_a958b2461ffc21a2,0.14470694053583377
ck_0e7899a57cd617d6,0.001461747663308672
ck_9d4fed252718f58a,0.022966084317284446
ck_83c2c34add971d76,0.0020172149816686867
ck_9ccc030ba2de9fb2,0.03251419861781374
ck_cd691e3466fb3742,0.006016684474544334
ck_49df70f908dfd069,0.045625516727016244
ck_362ce13eec1e33a0,0.0028313054045443087
ck_2452a30397dfc54c,0.01369245303707479
ck_a443d49c2b4863b0,0.015049382736393058
ck_c8b2e2cb349dd0ff,0.00541281297729209
ck_354909fecf5da8cf,0.012607690134793868
ck_841f598bbd54c83f,0.027621976219422334
ck_cd6fbd4e8724f994,0.021911132801281298
ck_e0b3158111370118,0.016797641067947813
ck_4c2f2eb657c2c60e,0.0034657448940218945
ck_ef346071f0b7654b,0.014283874746960322
ck_f3bc10e3decefce4,0.0023905487023324536
ck_189b6fbe9b9192e7,0.010842635917541064
ck_5245cbc5ff4d4fa6,0.01862632914852954
ck_cb42e3be6fe87f60,0.008862003864578265
ck_966d4d713cbc7792,0.002712241201894871
ck_1c8c969667cbaab2,0.7954685223442586
ck_d35e3aa9ef5d405e,0.1593972710797962
ck_a1c39df50a5873b3,0.07952957169524161
ck_a152165caf295b51,0.021626214575456357
ck_891eaedae139828e,0.00798735087969087
ck_1a46b56f4734d52e,0.014897924772681126
ck_5e36042cfad96c99,0.21481021912837645
ck_02a8582c2603e675,0.012583514753522778
ck_6def9d0429e4ed4b,0.034797020730698555
ck_e137400825a1e3e6,0.010936640956658748
ck_d91ab840848a54fc,0.0036752664445824576
ck_becb6e1c608e0078,0.0020590359869740614
ck_6fd8c86ac719d7eb,0.0912225850772992
ck_3ed4d13f12fd9d0e,0.10662486929358254
ck_007337aa99a4891e,0.001728559963354538
ck_60c3d8306527a08d,0.0020369772345954947
ck_95458880a54df0b1,0.25784255337214834
ck_b48cd8593533fc1d,0.3691302965824389
ck_021c6a4a7e3f1f0e,0.002956998741142242
ck_764d40f865e710af,0.01621221803018981
ck_4b84357ae8ec7777,0.009980280613267233
ck_3397c7856b4669a5,0.0020078718141573163
ck_920bb003b42e6310,0.0037492335979222124
ck_8f59f11b512d5b7c,0.048074902953020124
ck_a3acf4b986afa98b,0.08415415177282524
ck_e89d25ed7bdeeaea,0.005182043117872133
ck_70e6bca473bf6902,0.003755654499815537
ck_186161ce152836f5,0.013260257212221245
ck_9191579254663f5d,0.004141156433800456
ck_1e6628879e9d653c,0.010542087374810744
ck_b498fa91a0776ff6,0.015690592762733185
ck_cfc2384f22954830,0.07119429075778655
ck_17673a1c2867888a,0.001265906617727327
ck_523dce06515b072d,0.011622581314578322
ck_c20638a325ead2e4,0.0025250839718426402
ck_d3877e1f907cc148,0.06415671517147031
ck_e9a2495dea8675e2,0.011687557247863228
ck_7e561caa5fa1f3f1,0.01869108795772545
ck_455672e652fe1abc,0.7285397615267458
ck_7f8f864fcc90ca82,0.01993855548520167
ck_1ad36046aaeb816c,0.00804203678408343
ck_de056e37c82e8e00,0.02422920094226145
ck_7484c214c889fe7f,0.026963610897233592
ck_32430e678c4f9f53,0.007501757358072613
ck_6276ece8f80ea799,0.026001867258542408
ck_ae8e5dc4b725bc25,0.025962571401981042
ck_f01be92dc78a2dc7,0.02267157342560483
ck_233397a8bd40d38d,0.005632951456596112
ck_f8124911450fdf31,0.669314187075877
ck_aa0a3179f1111674,0.007308398332859666
ck_2366b29ed9887a5e,0.002767538757193243
ck_1f22f04dfc08cf27,0.0068788966344929155
ck_b62276c3426d680c,0.024070450073709955
ck_d099fca88691f66f,0.054729063825647115
ck_166bd1dcbaf4d6fa,0.0010225028983081284
ck_7b1660e942436e12,0.028323764683992905
ck_4a9a791a1d409a3d,0.0808047149818348
ck_b003e5b54df65db4,0.02338338484602991
ck_64b4dcbf436f0b75,0.009970598111994602
ck_26e9a7bb2061a58e,0.026575479903033064
ck_08b77ad5f8f73007,0.012980563780816266
ck_366616a725afc6bd,0.013135873478142351
ck_934fb5064b6eefe2,0.0029413101486075958
ck_c6abd5d57b1009d2,0.0023172071884978054
ck_edcfa9e1cf29d813,0.027387707850775746
ck_c30201ebd003fdc7,0.008939454039839322
ck_c54643d94d3ce355,0.029837245474333845
ck_02adda6e91e49650,0.02791798596964176
ck_5b73d7c5255e58a3,0.14897354705244156
ck_129ffae92dc01408,0.0030612755316394066
ck_fa321945ebedb916,0.0351150168572148
ck_8da980cb2e1e2bfb,0.01729966053847977
ck_0576b00d728bdf19,0.02510888028668832
ck_c543d82e22b3c8a5,0.004223241562471581
ck_0027ba644f9ae2cd,0.24252901566646068
ck_8dbf61df902a6bbc,0.0048878144718224985
ck_90eeca1cda79fd41,0.004755801364842709
ck_86d7127391d4e01f,0.0024200396333079535
ck_73762038c7ff2f6f,0.003636134220093833
ck_a1484e6215fac651,0.7047429264488401
ck_cb83b9f806e90dc6,0.20215582877600238
ck_8c6f059c95872126,0.004166476083681411
ck_3174419a81e7caf2,0.00742020392361935
ck_6a0f8f8fa4a3c2bc,0.023570370835614737
ck_b5777605668bfca1,0.003088123655470695
ck_27e4de495abb4d15,0.006534329782418771
ck_7f6fa79c7a107161,0.022455758156605506
ck_c36ed9f8e6792ea4,0.022683396471040836
ck_67a1aa88d2ea554a,0.044808340579314765
ck_09748dfe4df3d540,0.0025199954889193964
ck_27fd85b1e38b675a,0.0011597707697336233
ck_2369689bd795ee10,0.008201428290973296
ck_4eb1c12f7d092bac,0.0020044395438208536
ck_01fbafc42c8e33f5,0.010351245196594826
ck_93c4e05699b3b7d0,0.011322260067087725
ck_afc484d1b6907983,0.008948214914615069
ck_1b2d9cae92a1aab1,0.11869585889280138
ck_73b729cb161487f2,0.0064590177278615445
ck_fe3c1d0ac090d960,0.10488386562487971
ck_408efac1d3885ff8,0.07207971220251179
ck_ccb4dd9d0a48a76e,0.006313016768083383
ck_2987eab34ca7805d,0.0408979438260995
ck_1dbf1f15193197db,0.06187286541450983
ck_4ed711fe4053e74d,0.11148991923128267
ck_6c54adce174f45f4,0.0024553447664585138
ck_a6c740041faf0bd5,0.0071639257082568245
ck_b05c4d33c4f43639,0.026260183780750304
ck_032880f1114dd51c,0.023511848021245344
ck_22311b037456a76e,0.0018407081793223833
ck_5866b413549765bf,0.0047869391995611
ck_0e808afe2570ecac,0.017099191524533763
ck_634276b05f4381f8,0.006850292672177676
ck_5d8773badd0d4740,0.013162628625892193
ck_82b5b79ce3517102,0.8936881788010049
ck_b378b8d8100ee4b1,0.023386432920059284
ck_54e581f71be5430d,0.001914740801485465
ck_798ba4b8aa544fea,0.0033145026604217325
ck_3fe86b6331ff95e3,0.0793526867018739
ck_81275d9d4c559e6f,0.007411634946012883
ck_99a4e5ef02d89493,0.02424466730107254
ck_54e2eb018d947790,0.013778444210634873
ck_966901ea9c77cc02,0.006564488348722613
ck_27d69ff4e0cb428c,0.06666623970626641
ck_2cee2dd7bbfc09a0,0.8703901578648102
ck_4136b00924695ab4,0.0005334950315469323
ck_59a164c40c03a45f,0.009591837223586634
ck_3e24b026bc66789b,0.0013589091482251185
ck_8105bcf69a75ee47,0.005995857813175283
ck_7a1782cefe26a456,0.08009582892720937
ck_970c7dc195161272,0.0011142900314232921
ck_a48ec0c00ae20e82,0.051107960323035745
ck_54b374ade34e1dc1,0.0057400027285572615
ck_74e5dec189761d14,0.005027386270484922
ck_4717f24f2c6f40e1,0.08545265450304865
ck_fc8cd8a8209e802d,0.01419192022774756
ck_71db4131d7efe218,0.0058727239946822106
ck_45424ea6f0bc4650,0.2498566866484912
ck_3716c6181a5035bc,0.026228755265230448
ck_26de14b96bdad4f6,0.005261585515511322
ck_99c0a41ac9c73857,0.0029747789122156563
ck_645f15bbbcff3b4f,0.9585891908827724
ck_b7e25ddd41514d4c,0.0032785407596382108
ck_d5c14e877ca7b755,0.00599045664035631
ck_05ea4440dac6cfad,0.0279522671284909
ck_c58bafff7b1955cc,0.022824239376980016
ck_f0cf85b67a9b840f,0.018361304801681345
ck_ce1500a7f0d03fba,0.00503372154843283
ck_d4972a775aadbbc8,0.011054337923298652
ck_3eb6146c262e0fc3,0.0021938061321355295
ck_afb23858a4ef42ed,0.9757111009886145
ck_2c1def5c91c52a5b,0.25985540099169363
ck_72e550559487b919,0.010243648882169734
ck_0284dc2b4f856b3a,0.4380553159962822
ck_03be334935e999a2,0.009094471920118238
ck_e35a4b4a3cb4cedf,0.023279027575222624
ck_5abe57dfff4b735c,0.010244187131279312
ck_f5f87f772388efa0,0.02562699878307992
ck_5a22cb36d612236e,0.008400883164174052
ck_8ff1e6028e764472,0.555056238259288
ck_2ab28149b0986642,0.04914255522629747
ck_c88fc1bac79fa6d3,0.08611262413633997
ck_5b137d74bba6b1b4,0.0010412299924925615
ck_11f362dca2dfaf5a,0.028980698749588973
ck_7f960541e5174565,0.0054207400379790195
ck_d5458ba39ae94498,0.024036546547383103
ck_0a921a73a90c2e39,0.036313194178689945
ck_6ad56ef40086dbe4,0.010183318789672947
ck_b68199ecccf2350c,0.0017703675744427244
ck_6dac66c8198c07d8,0.007063887961693216
ck_9b9ce7bebc235fe8,0.002394423970488669
ck_6b817117d87063a8,0.025392282439945218
ck_900d62b3184378c7,0.002630410203445686
ck_eafe9b89857149b5,0.008331430213604586
ck_e74716a525ee5b24,0.0029459260673252155
ck_4e9a6f06ab134102,0.011967249546624302
ck_b0d33b5a3716661d,0.013382485276615216
ck_8703543bf3134306,0.01668667831655028
ck_923d6a0f83accef1,0.014519596348955149
ck_52e37e2170532e2a,0.21879658649095934
ck_c1c5ea839c58958a,0.027340597454318202
ck_660f0006780e87e7,0.012107569942259352
ck_830b2c5d1818ac07,0.024323162744895918
ck_b080ff636932d1f1,0.0010169597647041798
ck_38730aace405f2ae,0.9824175711726386
ck_9790138467a06223,0.00087789516836517
ck_10de0b0d86b17839,0.003528313758134805
ck_c3e37a4d3382c32e,0.001988558615846094
ck_dd8edfefa1eba531,0.0018887002415501903
ck_8153cdadd300d234,0.0013207909418683338
ck_74d0e7c2c6b63d36,0.8881842195045995
ck_c478aae3031bb328,0.004505425120253857
ck_cf301f2194975866,0.008040265282818497
ck_f4de03f44e3a5bd5,0.004694736426457385
ck_b06ce826e593b210,0.037512024017319685
ck_2fc70b6baf6a0e26,0.004466323380533372
ck_d208494cf5c90047,0.08818023185090679
ck_086d29ccae565e5d,0.005325052713612911
ck_d5ef6dc116dee408,0.009378192628130323
ck_fdf0c5b722d83464,0.005724570317936703
ck_de8494b13adeffb5,0.006833038857646969
ck_556786868599143b,0.0304953074426731
ck_4940e78cbdcfecf3,0.019337247638088115
ck_d32fbbfe32c00416,0.02809558006032263
ck_bc7710f7e9fae649,0.0033249428080905294
ck_416f7ac57da081a3,0.017647740769793446
ck_6fb39b60c67d5475,0.0026309532507895503
ck_e40a156511345d6a,0.003136779789770669
ck_49ab879b5aa7fccd,0.11514791444240341
ck_bb643194d1cbc47c,0.9771041766885713
ck_b3ce8f1bcedfa043,0.01461120879611019
ck_558ebde8c29132a4,0.017557768161223963
ck_e6222925762273b8,0.07955393985954824
ck_bd80546b4807dd59,0.020242790415779824
ck_bd21164bd2bbb635,0.031095559393898672
ck_ea835557d7043667,0.006252717528325728
ck_1411a80a157ff39c,0.011855293296254184
ck_ab973888c20c9120,0.10429854325869728
ck_95b48972061abe82,0.00900522533448769
ck_fc4a43f8876bf10f,0.16130161856081654
ck_f34fb7ccf82f41e5,0.008275482887389964
ck_5af9934a56801ac0,0.011232481326666655
ck_fc7445ec76389a58,0.33704742441429053
ck_1eeacc26f02fbba4,0.039615517055364216
ck_4f325dd15c9bd45c,0.028265805104850966
ck_5009a6c8bbaf15ba,0.0427579238273798
ck_0f3de7f074bb33af,0.006920164728031196
ck_2cbc2f93a32eede8,0.04438923045183109
ck_4bb90a61c21a303b,0.012332974534342608
ck_3ade9eac7d7b0dbf,0.12297852021496862
ck_4859a58629622915,0.020264289204017367
ck_5fed957287ebca03,0.0019341821024766626
ck_ec01ae5351500355,0.0026684204945384
ck_703b41624ae6a5b6,0.005522466612915506
ck_97c38e7f61c27e47,0.014886800330996928
ck_db2c0908150cb2cc,0.05647167710859148
ck_64ac5e6fed86ab60,0.9410437639860112
ck_da1c853b0a061e83,0.022039152561382135
ck_9a36916b60178ded,0.7555412984708589
ck_3715bfa7fed2c675,0.007748888933761466
ck_dd3feb77d7d4f6d3,0.008639397938195374
ck_982ebb24174a4ade,0.006151813203337407
ck_f6b7a10d47dd9a1f,0.011230647147297962
ck_1f56fe99f250cdf4,0.023783765944959546
ck_deb3ac0606d6f6db,0.012990861708759703
ck_e666629e5a41b39b,0.007921678919341694
ck_756d2c13d02b3e09,0.03138383458436555
ck_7bc752ae7cf5d55f,0.016384957760614275
ck_fc0cc4b25e6a8194,0.00496505891252147
ck_9b2b0e286de78a1b,0.01365489485283837
ck_24b0803447211bf3,0.025332523469527926
ck_82eed68d05a42128,0.04299610682701793
ck_c8a03c516ed5b05c,0.13077844618498993
ck_e914974cee1bccb1,0.018775108625115167
ck_0c533ff2d0f9962a,0.016803560294994663
ck_c12805fa5d970a83,0.06697253726352165
ck_fc2cb29918631f10,0.11062646838549012
ck_c20e89afe575549b,0.004268795821025026
ck_e1ff9e31becc27ae,0.10168033217760378
ck_18116d0ac08f1996,0.9376039397610045
ck_885a83975cea5e64,0.003933423558118556
ck_a0c3059a959ba5d1,0.023302113881792222
ck_75257ca7d7da2861,0.020468975115501047
ck_2210f7a0d13bdbef,0.04419801430018608
ck_9cbd9ecf8374f65f,0.009865314067021732
ck_18f67c00ba21fbde,0.012516214261774648
ck_2d28f14d3973d8fb,0.0035846938777645554
ck_8b3401b44aaae728,0.007918421500986431
ck_9d8e9ef37797d3af,0.5520699440129863
ck_9f50920c894f64e1,0.015354117311391264
ck_4737e0d56c6fa0a1,0.02004303349076322
ck_52c311f29ca3aca9,0.0009097906060437609
ck_6a4981bc721df37a,0.034203019340626056
ck_823539d936c55fc6,0.004860286938612127
ck_df5aedb4118020bf,0.8509811341997704
ck_a911a066ff0f7b56,0.03418707819775783
ck_684609767df4a14b,0.05001443179026355
ck_f2350bf355dc919e,0.0173360022022133
ck_8452b6cf97c65a5e,0.013575504411454602
ck_084cd84501012218,0.7750030893696374
ck_ace6b72e5bf3e93b,0.16230309648751884
ck_2afdd69094c955c5,0.06761443959320836
ck_fa7d5be26bf7b31c,0.2089233587268422
ck_4b041217690fca2f,0.032640453401630076
ck_9fb8e3d38cdf276d,0.8215955022004255
ck_c1ee56d65a42f59f,0.03257258161499059
ck_fdeaa1cd085691f0,0.06604526589913898
ck_5de33a7a87e9aa62,0.03162487945393527
ck_7476e7fe1ff45545,0.04177236707878551
ck_b0a947b498e47018,0.014306731606343374
ck_e3894ed88a7977e4,0.0036990245319556167
ck_c7e07ebfb0bc15f6,0.048756213876251064
ck_3a3daa8b376f2a18,0.002957692031953959
ck_87809324c2675b0a,0.018180175874052597
ck_7eb4f33260f1dcd4,0.027347053288318546
ck_ab9f0e08af030060,0.022098254797775947
ck_5b8fc4a76f340797,0.043940444979123805
ck_0e7bf10ef49aa818,0.09223237511564004
ck_a44462a3853ac67e,0.9845500463027173
ck_2d14bcd2e0fc043d,0.00506902670950052
ck_df1f2dba802296be,0.9024383168547274
ck_466a7316eaf149b1,0.019807835950169442
ck_50df50af592b0c06,0.013769004095094402
ck_5f9e34c849704b95,0.0036833936143920044
ck_7836bf6def26aa87,0.02234408657626931
ck_ba175b1bd8efaabf,0.01837967734502902
ck_1a0aac7f7b94b1be,0.2194603071571984
ck_6768c4b2aa8ce586,0.009881028139587933
ck_eefcf0ed15897898,0.015965204803123707
ck_7a6cb27e390b6ceb,0.01570066350042452
ck_5275be4e1577c1c7,0.003058125327399915
ck_6bc0e5b8c0b7d2bd,0.03794121774225749
ck_4874bdec79f9106c,0.01973706347601143
ck_a678731156ad7bd2,0.09398216236773702
ck_db906debc36a5d1e,0.04027879197483617
ck_e87897767c612942,0.025481186333428857
ck_45ed5ee496ef8a67,0.007514059589594559
ck_ae20e28f9854f3ee,0.038120273073692736
ck_9ee044b73943a90b,0.019861930278222372
ck_dab34cf6f0626c9b,0.02699228735970654
ck_64a02b7b96149810,0.002682147064196714
ck_c417d06f3e94685d,0.0072650581086242646
ck_3e0149cdee4cb294,0.02642038792671999
ck_0e6046fc30f81705,0.01770329878376989
ck_c383aeabd53e9c89,0.018137016326363126
ck_2ef76f1f36e8b869,0.18442601863019542
ck_43948784650bb9ac,0.011429067750778388
ck_bdb966f43ac350ee,0.03932142557856416
ck_5bea0e0ee0b094cd,0.0030996188722020876
ck_dff090f03ca5529e,0.005605241592843854
ck_a4691b57f837d88e,0.016031441390714513
ck_99ee90946395d74d,0.39479534003151184
ck_cc81dbc83a8879fd,0.00857706023605153
ck_f3dc0725621b3a35,0.0042193698398931435
ck_1bb212d1288b9689,0.029898207094272634
ck_9e7278fc7679f002,0.03043284579250865
ck_3ded7a8720d7e311,0.007360639723571053
ck_798157bcdb9453e1,0.0038785654808647313
ck_9fba80f56f357fe1,0.007491231291661189
ck_f1e1c8491f16f912,0.006470485639389794
ck_7b1319a5ca2f63c6,0.9728613742873069
ck_124432fd5c92af7e,0.6486642292034662
ck_148cb0c723284dc0,0.009544395245242934
ck_b56c62c950eda009,0.005079207869160956
ck_a0498755cd8d7188,0.0019806787878462375
ck_5379452a9d74efae,0.003254031841985262
ck_6c2453229d608183,0.039545555991853915
ck_f9d8b4813a88c1e6,0.008873456068602768
ck_c2c7d1e45a521857,0.030988644483153208
ck_4364a83a11743888,0.007080714113145674
ck_2cdf5fd97ba75e06,0.12329782351084739
ck_71bc01291e0533a0,0.007556667573316996
ck_a725d7aed2a0bdc2,0.0014573229878086641
ck_a9b0c4dbd7db6a91,0.025733534400753745
ck_a4258806a533efa9,0.02272985579282272
ck_905e460591d9a278,0.08922937324991459
ck_20de8abfd8960ee3,0.015489785522539958
ck_252b0a0f1119b220,0.0017090501576956713
ck_95e4bef65c36af1a,0.0015758261010022539
ck_5ab68b434ad53fea,0.01108153604175171
ck_13677a1957078827,0.002614992906688353
ck_d251e9fa09e542dd,0.9841458181927689
ck_700cb620f300dd47,0.007480874203852282
ck_39a68c55a1bd3ace,0.1299480308915246
ck_61a59a7944d6c53e,0.19777987131041896
ck_db6d1c6d31da967a,0.004179286562407913
ck_650020c500b1b50d,0.008034659906695399
ck_d812eb6930192793,0.002059029372701625
ck_92f6ebc11ebca89b,0.08329049935691812
ck_d87e26eb5bc84b01,0.0029546356395985856
ck_66439e697695224c,0.005163130191454052
ck_f21efd504faa654c,0.003941016224765009
ck_15eed0f5652f0352,0.005125204324749912
ck_bcdbf57d98dc0d27,0.03926705768249795
ck_873ceb8004d3a9f7,0.037408692943125973
ck_70bef9ddd4bab005,0.0061212292322902415
ck_7560f1891d66f294,0.002520537203739173
ck_f439f16f8693883f,0.01908957345219118
ck_14f9535e53f9c7a6,0.019544136355225727
ck_5984be472d2bc267,0.24800261740154939
ck_ed01be7504dc4187,0.05454050330835862
ck_dc3d8b5c17b67ae9,0.005722845994236428
ck_9dc23031b6b494af,0.02064346108348352
ck_fbdac0221bc03f66,0.022127355819074733
ck_863708a99b92ef0d,0.045906011551466404
ck_22b52654776a1ea8,0.5338574442304453
ck_a0714f98001efa0c,0.014950198098675647
ck_9c56114f84e9a541,0.020027073411585897
ck_e155cf506b2fb699,0.0020655263131649825
ck_65ed7e72f24731e7,0.004078855195669249
ck_822d6e8e43befc72,0.4204648631270961
ck_b1182471d9ac6b26,0.0016524106146320202
ck_821446adc95e6da5,0.010087576985146401
ck_ff182f033134dbb8,0.0510418020104562
ck_9c5feef7647b0588,0.019296177650342382
ck_df935d8bdd44883e,0.0169814962438567
ck_01eb24c18ad11fca,0.20786244885149985
ck_00d6730134a1eb51,0.0108484699931933
ck_79ba8e85678d0224,0.010598583730864182
ck_97e3b04a1350f6e4,0.03239525850494237
ck_74e9747954a46eaa,0.012816145685197242
ck_397d5fcc9972f909,0.03651014486294567
ck_9ede89e8a43c3f53,0.13769089775177656
ck_303b33910d67f306,0.0038683736988682172
ck_3c17841636f6f7dc,0.009403978894460124
ck_78730527f8ba1438,0.23289562843312528
ck_5ee32bc6bb5d1d4c,0.23339469724172862
ck_a13fee8cd925d0dc,0.018034162739175658
ck_6f847263379f2e43,0.028638366995431035
ck_9b9d9e579e7b55b2,0.08220654451175557
ck_87c1d0a79e79c84b,0.018989925834755082
ck_bfc453eabb472f91,0.003207365382844634
ck_978c21bb5fe3171e,0.03691658274701341
ck_dd882323474431d4,0.03706245090946829
ck_533c4f7400d5ab22,0.2550354689051896
ck_5f217bfe28954e75,0.9422552548163041
ck_ae96d35465b3b4bd,0.00990309375290157
ck_512ebe97c0af94dd,0.11232259192161295
ck_f558fe02bb0219b8,0.006994559099761773
ck_84092e23d5ef4d51,0.0658893905202537
ck_17d3022ca12eacd7,0.010050412015414921
ck_8a8f81bf3558fd9c,0.003708355944560297
ck_0ada6fed1864e7c4,0.01917242051778257
ck_21fe7bc59dcd78fb,0.004539234034770577
ck_e136e20c1c74fe38,0.014720088473542328
ck_e7a530e09d113dd7,0.26872292318367136
ck_7cb0c9ded4d63027,0.023530694607120657
ck_102db9615e722c9e,0.06561682872926569
ck_129e39ddfde92eeb,0.0014904109945905444
ck_d730ff21bfd7769d,0.011222607631103478
ck_54459b45d2be8459,0.00559476054148767
ck_7f1c20319eb60aa6,0.9808141617126855
ck_939fede90473e412,0.007016139059497175
ck_e0f9506a6d5f4a1a,0.0025724142337980975
ck_9a4967cdf49265cd,0.18650342794712915
ck_b9eaf03453ac7d5f,0.0039041810736735955
ck_522477be6376b450,0.01462145986702849
ck_9b6282e3bad50710,0.013644010355821464
ck_a0e3a2facd508e49,0.04389696626709526
ck_97ffae702f7c3d08,0.0035783402381762077
ck_344a95cb7115ec67,0.007482078412759118
ck_1f2760764afa45e8,0.0038699154913644247
ck_720cd658d11ea428,0.027258831432906108
ck_04e32ee9834c088d,0.8597828614188405
ck_2bb1389e5e72c8f4,0.04453985326383371
ck_961e7dbc217cfbbc,0.003595818389519494
ck_f3bce4eccfa6d6bb,0.007146165019103859
ck_e0ccfa0d689339be,0.0053403549914830635
ck_98217aeafa0bfefd,0.03030767401850711
ck_a02aeec1914c158a,0.01628760539348048
ck_20a17e8f206a14c8,0.02098420693667452
ck_114c32aad4b6183f,0.045736211962034395
ck_79f5198f0decef20,0.0047886752215217845
ck_2209de229b4c71c5,0.015837402685507963
ck_6ee939b7f396975f,0.00823139780148808
ck_202f0c14b07ace01,0.03165886505285509
ck_fa24db9d416ab904,0.00694887380242584
ck_cf6aa24b92c4d33c,0.39539768504889783
ck_45f57fb8194cefc8,0.02660832674678787
ck_d5eb179dc45394c6,0.02367220785876919
ck_efb24be983342f75,0.024165193820391125
ck_245f5d62ead5ef28,0.018069191877817227
ck_15fe2a47fa7e92ea,0.0037301550815876956
ck_b6527a85fd682554,0.0259344252852192
ck_11f9390a11ce9ff5,0.0296121396039455
ck_ffb4d892c5158201,0.001605508711607079
ck_d4c1da5a1427fd6a,0.06048753032680816
ck_2c041b1efb1c5063,0.009145871707060979
ck_ecc18f40b33be769,0.13339707780513516
ck_0525349f3945375b,0.05751085001497162
ck_0bfe62e0c7eab9c9,0.037000586638676905
ck_b7c37d410b1646c2,0.021462304019495036
ck_4b15b0746318cf42,0.0960098319099262
ck_e5ee006ecd8ff661,0.04218696309194062
ck_ccc83cf66365357b,0.04385597223446233
ck_34a33ffe8339f66d,0.8558443365921696
ck_4e39e3b165edab58,0.8466341809852254
ck_1a71f8081ae00190,0.9464300525431839
ck_ed8f1200fc049c40,0.9461049962462703
ck_8a5a57858e8c77f3,0.021993511116289728
ck_fff9fdc2adf5100b,0.9102831758891315
ck_c76f1bf40f3b787b,0.0008960170168375568
ck_1a6ddfeef82b1b1a,0.0073426231107211375
ck_478d2667aa9896d9,0.0127476673874451
ck_641c8e7694b21f3b,0.013057233056192153
ck_293581d879f6663b,0.7538760119534671
ck_1bfa8abdb22be8f0,0.04667972839530503
ck_05ab5b03d0bf9ce4,0.38638275315294124
ck_35694db37f0cde7a,0.0015361033274546008
ck_fe33eb743d714c03,0.011724446841843594
ck_abd10fbcbaf2b038,0.007940717917413968
ck_46d51648c1bf80e5,0.22152439678126792
ck_5c8390017fabfaef,0.039176058489354716
ck_87d55ca333f22072,0.001997930515139615
ck_c39c6a1453e2b92c,0.0016036277596796615
ck_69ff1b0aa143a168,0.0015124917523711729
ck_e57c79eaab35ded7,0.005898500873636964
ck_463ae759e2b6ad1d,0.015484802772428908
ck_0dae4a7eb587f3ba,0.021201096921722895
ck_9b12fb56529ebc4e,0.023569739422408732
ck_1af547077ba2dd03,0.1359335299073622
ck_de13de941bebc7cf,0.0013932252393660666
ck_83dde7da2bf647ac,0.0013044637338872765
ck_c80a94d4660041fe,0.11765221894283695
ck_f39cfeb277ef6528,0.0010341384147465656
ck_1cec1ed1512a2d3d,0.0019526963449001383
ck_7955a359b6448799,0.0021223636903807694
ck_8c0955dad13c3ca1,0.005254197733932219
ck_6d4cd2de601a2308,0.012750975517659184
ck_f4536ba8dd2d551d,0.01266553007620868
ck_b379c198d6db2d62,0.01720682755635464
ck_76ea90ebc74bcdc7,0.0263068344104863
ck_734f06bd4aa92781,0.02720191422470021
ck_677e1d0c14cbf569,0.003945126940484644
ck_259271c70f3fbcbe,0.028142865038828055
ck_c0b744eb9e7d4eb7,0.011816379835109823
ck_3d41faeb96802f68,0.00446880867381664
ck_8f604fa70fc3c8e3,0.00899318245653381
ck_0b3c3bea0e0ed339,0.015190590144487691
ck_be5df076b8a86409,0.004274856955557654
ck_6a475fe324d7d790,0.034771893462852706
ck_3ba3fa5387bacee8,0.0007271628645702511
ck_324b9939d9c1c31e,0.005449488577481328
ck_a7fcf7b592f68ca1,0.03374494026901122
ck_5b2728f7cca414ae,0.001589753048958433
ck_5f4a25ffd0b85a47,0.0206688546411826
ck_63d4f5076fe4406e,0.004971502047569799
ck_af528d66c86f0cb8,0.020870762673174875
ck_ac7cdb9b8da7b5dd,0.020502165910071063
ck_3bece63711407e25,0.026006959836435965
ck_d4e0b2a12fcfc35e,0.006867548299010073
ck_ee3e7c9d3a9c74b4,0.053157292316563534
ck_50d7c4dab837bf66,0.014300568469641468
ck_ebcb93a2990fc914,0.09646488745819078
ck_2329cc9702cdf7a0,0.03456982041342174
ck_db1fa53d588bf99e,0.009556898233856444
ck_44e57a0bad5a0745,0.018028929915308967
ck_472c81a144f4631b,0.0020927183111181824
ck_1658429acd5306ba,0.018484788721682608
ck_466103ec5bd9444b,0.02561247367773469
ck_9757163e25262b74,0.04525332693746534
ck_34ed59bc2c9b0186,0.005942601956085706
ck_b7bd3a7f263f4f29,0.04120503749974664
ck_149662b09d632e41,0.01216098176438766
ck_a9ffd6b3957bd41e,0.002665478177862069
ck_ab80466ef615e85c,0.0027346657380498906
ck_f2c824d3473db24c,0.007222214226241091
ck_a4a01fd45936b078,0.04703563967016397
ck_8f6ce158c2902877,0.0017485141337969432
ck_5189a302cfa7cefd,0.0007386507545184397
ck_430a3d03be588201,0.006844477942816335
ck_b5f9dd00914b4db4,0.006141347891461261
ck_52dec82e9cf6135a,0.007549715234040886
ck_95e444a01e2ab4a5,0.03445984161103284
ck_e37cee7b123692af,0.050291512546369294
ck_d68d42858a55adff,0.0379035872967759
ck_3abfc010091d679d,0.03138165383334528
ck_cee4e4e1b62bf82f,0.04745645178062831
ck_9ccb17c35e636c5e,0.008526721344820992
ck_f72a5a3b0d6c1177,0.0026264336789208493
ck_7508aa554fae6afb,0.1755706511595581
ck_003aa842b7ca1d77,0.6250879242663776
ck_83b2b192f41ee2bc,0.12801828696149128
ck_64796b6b2c3c7f06,0.019048811185136866
ck_6438ae81d43cb196,0.01194597234932828
ck_2bd73d9098504760,0.06645055794685091
ck_aa8b9b36a099e4c8,0.03225452165611906
ck_e5ece47d0dd10526,0.016031041029747388
ck_16077ac345472e6a,0.010276334220003652
ck_a4d6e152b0076964,0.006934089957450552
ck_d90b1d03ae151f62,0.027432112854782847
ck_18b36d342b530af4,0.015067323661707939
ck_2a01e610348b84f8,0.035236404384668546
ck_0a93ed76bf36c8b6,0.0209205686589768
ck_3d56b477fe2370b6,0.0344883629658428
ck_17ab3068fa303682,0.0037056477993122876
ck_592a3520d841d11b,0.018150295743485433
ck_84d07028b5fca2f6,0.021027618507828236
ck_f4a2bb10afa85743,0.005412327734059542
ck_4fe4b072f03f2c1e,0.002597810157216303
ck_9ad08fcc183ea1e7,0.0021453171498307085
ck_130d3848b9dcdb05,0.006094993618817891
ck_bb399ed6bf28c230,0.033116713924210894
ck_a31a64a39a2c4941,0.009659441413733533
ck_c49f25dfb39909cf,0.030628405697157204
ck_55f50a9ae2db8ff7,0.002592821853746394
ck_09faa4e771cf876b,0.007410160419738993
ck_df520a7a6e405889,0.02382611476146381
ck_8c8c98cc694ac900,0.03863780797015089
ck_7f0c4f609673ef62,0.01649269571737226
ck_f51fe59cd445d2cb,0.01253409048240486
ck_b3fb83f0d772a831,0.015703499002961887
ck_d6e7e257751c299b,0.002658915373455725
ck_0d362ddb4a1cb6d4,0.020548019233980194
ck_a574a08edaf81781,0.0068938138148890715
ck_a823f5bcb0e4b9df,0.0012509589949645833
ck_f792586ad0381eac,0.025485090436989755
ck_54bfd70022c66983,0.004295328847459862
ck_fe0a9372c9372de9,0.007132087525700783
ck_5691cd6fdb6d8147,0.022468474927740963
ck_a95f212a02433d23,0.007520318538204521
ck_f5adad75e1c06731,0.046560643219608885
ck_e09c97520eb0533c,0.015919247564898778
ck_a1e13c0d58560340,0.001096600085472319
ck_cacc2ca410cbe80b,0.013077073199321748
ck_c0dde2a6ef1e08c5,0.0032817501750080635
ck_a04403073c90ce38,0.0010749951184612092
ck_03d3026107175dae,0.019591213122326236
ck_50176dae5b1b716d,0.0036943028162799655
ck_6c084bfcb38e96c3,0.03061966897922537
ck_36d2be9012f7909e,0.023355326901574137
ck_958acf84c6137a22,0.0277124491304346
ck_114722e12db90a73,0.015576208546076296
ck_203c2a22c0c165ac,0.023483928883402887
ck_2c44ca550e5cfa82,0.024866832814166732
ck_df0a8f20ab8f14f4,0.046711620478444245
ck_826a27ff7555192e,0.009105939436298015
ck_09a988ebcf062297,0.028598615825859874
ck_5c82444b3b9160ae,0.017921058838752574
ck_f6a4a7ed27fe76fc,0.044318373635570105
ck_17de46314b5c6a92,0.010606214883492775
ck_335e63101b1e6c4c,0.19941566964186425
ck_c5eefc0697451de9,0.0491798680667504
ck_49a0efb5d4067b6f,0.16851125820670576
ck_c1f4509c8f5dac5c,0.004542250601212735
ck_57658eda1c59bc52,0.002838153640168632
ck_0d5c0736ec76385a,0.0010746956212597642
ck_e0239e6ae30795a7,0.02929745212606969
ck_e4459115cd8e5e4f,0.013568775346071503
ck_bb4aec09d4968dda,0.17628419608144547
ck_a1b4c96faed3e0db,0.04622572408800786
ck_8247b79ac67aae7d,0.02012566933821898
ck_fe2fc7d6e5d83f09,0.009225558754121881
ck_f6aea576cde8d592,0.0011514086740186922
ck_b7e7f7d0cd886412,0.09133779605204578
ck_ca7b993e8286af7f,0.19726250982544735
ck_47de038381a9cd65,0.017564220396779115
ck_d38f941d09eec820,0.05338014125491518
ck_d9ba2a6c0d926b4d,0.006759587915564596
ck_cda72f597330d0f3,0.0037310985219280316
ck_16d2d27fadeeacf7,0.011052566960492692
ck_be05447853d423a9,0.0015558239374237923
ck_cd92852d7376a4a8,0.0015692644268671782
ck_2faf7ecccc9fec58,0.0007999670747270303
ck_db8733fd92f20cd7,0.029878672747966524
ck_a9989a3a94c26634,0.019114498633916246
ck_957fb25437c75e41,0.04949304389465001
ck_e6a6caf6e7de17c2,0.005923421324020715
ck_f7bc569b37e8bdda,0.01114882862611008
ck_703b375dd86a6124,0.023563200938006165
ck_d3cfb3603f2c6ca3,0.044895182642437526
ck_07cb2b6f2a4303e1,0.034108630415064366
ck_31631e2028d4f855,0.020708639089532143
ck_1631bab0ba1256db,0.015773986922131382
ck_5fdafeaec036f016,0.01593424550583447
ck_6eda4c36aecad602,0.007476557619703228
ck_bd1bf9e3e29de281,0.0706729439029347
ck_bf378ea558a4125f,0.611335302929626
ck_7aa2deeda0e57412,0.975080255765882
ck_d229cf7f5a3f38ca,0.010975552168208936
ck_9e109edd124492a5,0.00516916497909056
ck_779491819995625d,0.6125913998234527
ck_b89c6fa2ad0a12f5,0.01133676829499237
ck_1d01b4a609918c4e,0.940157136728325
ck_714c5d7cb17bc9f2,0.016778595986568896
ck_269f1746f2609ed4,0.007059445355973862
ck_4be03a2aa62b93c7,0.0016231505800245781
ck_cf920313f6dd28fa,0.01641413612534301
ck_fb00aae4e17740c5,0.0067091794626731385
ck_085d8c42739e2b10,0.9912068702546334
ck_c72a7d0d03cf3e17,0.1488265240349638
ck_8f6ca5d3b17eac6e,0.0025286541632345604
ck_d9573100bbff4014,0.19861914978006118
ck_79d6793d1d0cf43c,0.001752451246324852
ck_91fa5032f7aff0f1,0.12703495048253396
ck_87110d84872c0fed,0.02048060388752273
ck_8220da627e9992a5,0.0031103404432079947
ck_2ae44938847f3852,0.013256026811307034
ck_b0f191e44f9b6f35,0.033773095311346805
ck_3049d744b527f4d0,0.010768089165803704
ck_47d3e8d1dd3fbcef,0.015108671072063271
ck_ddf787359d2b5deb,0.0017910594892727471
ck_b27a9e39726b26d9,0.002112842859706815
ck_80c4e9274cf976b6,0.958763374761322
ck_c6afa913168ce8fa,0.010236452047792964
ck_52427b3f8478db19,0.027772952998126262
ck_3b810f15ca0eaa55,0.00842904206738518
ck_0c9e420f97baaa06,0.808713033743874
ck_f8540cf3a8b2f8c9,0.019425080664394696
ck_1402d24dd623df72,0.006687716062059975
ck_eb4f4267e24d042c,0.005313595573003016
ck_6f661b428d6fb8e4,0.03317401248237889
ck_519a26ecf3d29c90,0.0034520666428221195
ck_e886ba71d4a6fd73,0.03066641031243083
ck_437f9ecd2016a1a8,0.006590023416950525
ck_f01af1b0c977cc06,0.012306845008534874
ck_614f777c2eb5d537,0.0025836568704299557
ck_b804e784cde9af8b,0.017156123300999693
ck_c2dccbc1b24b137b,0.08582735564561947
ck_1df4a1781a0f6999,0.022413427063574777
ck_bd2cdd53fca26171,0.00910119347544217
ck_424c254249a109f0,0.033468144182002606
ck_cf2ca4f286e289ba,0.0662190991428117
ck_6c33cb15b0d8af54,0.012310485377592467
ck_311d395fa9b8550a,0.02268591836989093
ck_9f792e7e721ff7f1,0.0033735056424290277
ck_4c37586080edb7fd,0.0014607978259783133
ck_7c4f42c5397113b0,0.004053838414295848
ck_fc418f53ce4aa579,0.8976507114413763
ck_1ba28fb7ef726ce2,0.023781749309670315
ck_d932f98bf6b83956,0.07507987737259655
ck_248b3659a9239240,0.025239834540530803
ck_6a92cf5f4cf5de38,0.020574634293556056
ck_65519d0fb137e0c5,0.005360700389867002
ck_ddc3fc99eaba2064,0.029506612406880267
ck_7310cda3bc65a73f,0.005447857127839767
ck_c01c85bd631d4054,0.004237864048649273
ck_b4954d16b9749829,0.009913688580135967
ck_f301f6758e170d66,0.030432795998157007
ck_9bf95f8c47e7c7b4,0.010021568901008002
ck_c91b7fccf6aeb4a5,0.05614792943561913
ck_785fa45e86bc5e95,0.011976001412600086
ck_2a65f1cc23f1180e,0.0022814688010479047
ck_a49a2c1f881a3560,0.006901372347325785
ck_def344d68f06d749,0.01646921062785465
ck_abbd1465fc730d78,0.004777651886999279
ck_07a5610ed28162fb,0.016400297231886886
ck_7ecdee2d7127be8b,0.011983438708891004
ck_67858bc00e81490d,0.0010735684142558688
ck_b4ad165ace910222,0.007830719617086866
ck_30753ffe481a1b8c,0.6213811246458507
ck_c401a26725b17177,0.0018168392838222324
ck_819988d8a7f26415,0.005230183315546009
ck_3364a1d9261b3638,0.012807778289108125
ck_c484c5bda389bf20,0.0012235443038506734
ck_ae416325fef92c9d,0.9133725473522336
ck_5517b9a865960542,0.0038207938652411364
ck_a0e96fed380440b2,0.013622790377326801
ck_e83409471d2b0b44,0.021348846400639325
ck_127273af97d7827d,0.007616591074420614
ck_aaa9861c91bd14dd,0.010831392831014171
ck_a378c58294001a36,0.8941287746408721
ck_abb9d65ff1f95b64,0.06893908482398955
ck_a5ecbefa849ae569,0.011054143602910137
ck_aa9953c0ca2bed7b,0.0013540199009353013
ck_40bc6de252865f32,0.003314102321783789
ck_9fb11688dcfe1513,0.006621489377715537
ck_ba68841ca2ba073d,0.038238685286762567
ck_1d3e561a7d20be0a,0.9616262329934493
ck_99a92d710a29c1d0,0.008907248597807116
ck_ede2e887697ffac0,0.004043983149445401
ck_e6de67c0d82a7b83,0.021437971246536926
ck_6b38763bf5ddbcef,0.03522635737789541
ck_8dd44eead7d765a5,0.019545287499851086
ck_30bf5b0056eea9e9,0.21299855666536516
ck_2981d16f8a51a8ed,0.03309283940190849
ck_fc60f42c68c7024f,0.07845912467931107
ck_8e2b2251ee224aa4,0.012258955601606196
ck_1906f0dfaf6e9bad,0.6283105169080387
ck_dcbe6814fc4ca0b4,0.07609497570370714
ck_f7e958a286ae3b57,0.011058108614831223
ck_713649668a7ca824,0.03658632243112639
ck_6f73cdbf9305e2ea,0.012327907900265687
ck_dd1c490050cd9051,0.020736832976797154
ck_e30db36e376606f7,0.14986278580077297
ck_740d8fe8028b5a2e,0.004611442159508007
ck_ebbc9418cd41f692,0.0020069604895357777
ck_7b3cc6cc3f250f39,0.014029557379829834
ck_1d30eef7110809e5,0.3360064438549225
ck_77e0589ab339ca66,0.010384432104050854
ck_15ccbf8ff7d14086,0.01044962349474746
ck_246989b0c288664f,0.024862897287938363
ck_fc2a6e27b10b10e9,0.0026371174401967875
ck_8afc1112c12f5402,0.00828372142198018
ck_a76e8d83b9141364,0.026148449017434836
ck_51d3e8dd7465c015,0.005220789253320766
ck_e7b4016909405981,0.002772141707646168
ck_e7a3cfb9bf908e80,0.024037044548419047
ck_2bb49dc2388cdc1e,0.004334635756720029
ck_94f4266ee7871345,0.014690480544507084
ck_b2c896beec146477,0.010443742140689678
ck_fcf5d4a4748cdd53,0.0059567505736242005
ck_fd0483639811f62e,0.1762836799891564
ck_9a21d183524734aa,0.07788972637832456
ck_1df4b46c0a4c317d,0.01796234308392192
ck_638df9e8a22dfe0b,0.00587207474532323
ck_65acc43a6dc3e65d,0.009448089879996617
ck_7c67b73196e3d0d9,0.013037565747706108
ck_b0ee3a98175b462d,0.004309951062356011
ck_20fad010969f1abf,0.002691852438692499
ck_54b087bd873af8b8,0.010296536091169312
ck_8007824431fa803b,0.004568684223624503
ck_23aab322810b9fec,0.014583817650435461
ck_c8001bdb9aafc8a6,0.014293689667834949
ck_3a34c3ac83cf84b3,0.007532216027799118
ck_60187ac2c473a662,0.9199376464962636
ck_6a0ccd7357979f0f,0.07880289120706224
ck_27f20337bef5ffe0,0.024718517382168608
ck_f9fc468915afe49c,0.04250282015610725
ck_1eabc15a94bd9009,0.017179302673347885
ck_26896c494b2768ef,0.010749266131304955
ck_348c874eaf0354f4,0.019506317331694466
ck_be9c46acd216b45d,0.034882792496074566
ck_a3cce46d15cc20a2,0.06587450984654972
ck_70804f60d9704128,0.09374823863043862
ck_a019151ca8e7527a,0.03725043036249688
ck_571133b2aa8ead51,0.027354462865730626
ck_0afa4449f20d5196,0.00755280230469031
ck_4d503c41cf4e5034,0.021390445908391467
ck_d6fb9cc5171e3e9b,0.6405767623684553
ck_05ed92a7c3e10e5d,0.03380651533844962
ck_bfb067986660afe3,0.07047646113474529
ck_c1a31690c8573226,0.005417206748025742
ck_cb88ef3dc1f42225,0.0031256742045734642
ck_21e3b3bd998745e5,0.03636274544759212
ck_cf52e46fa54e4540,0.000905793542663709
ck_b72c7ac4208052ab,0.030470380855222322
ck_e6465c56b337e6c2,0.011291156615744535
ck_5f87eb05d18186c0,0.03393050119690085
ck_263f6c5ff26b5e98,0.007581009896441499
ck_e0b7e2c0bbe228d9,0.00713728426252232
ck_b657ae3c146cb7bd,0.005637705528482281
ck_abac514d8167ea58,0.08995375725238586
ck_024dcab126876002,0.017525092227251987
ck_5d8481e2b38bd99d,0.011133518676446293
ck_edf229c17d25dac1,0.22092427837877887
ck_6cb7c97b72d6b5d3,0.010178572936684161
ck_c96ae2c28086a059,0.10951759310497969
ck_2f241b97c0f8389e,0.012607399795854523
ck_9158bdbb63ee8987,0.006473841669146078
ck_e7b40b60786c1530,0.009032938632968961
ck_66d38518f68e6194,0.0030021447188382814
ck_8c9b57ad2a991416,0.007197750159622516
ck_cc91bd7152d3e9ba,0.031688799621375954
ck_0d846660c7957a88,0.0060471108671049534
ck_60896cdac2212bea,0.08201927917720685
ck_dc4db8b932df49de,0.18394281923696848
ck_2dc31db181150e20,0.009302634888435081
ck_2f138fce1171e277,0.03452188470003118
ck_68b8b859a6ef505b,0.026096332231154547
ck_c3fe0c6c5e1f40f6,0.007680366170764752
ck_15886fe84866de92,0.02910140205687917
ck_ea269b35406473e8,0.001334769979079273
ck_3ce7cad1f69b71d6,0.023771896594458688
ck_054ed4288ee58d6e,0.05479417258424848
ck_3d4913a86f207fee,0.05772056043336808
ck_23ff85f9d2355e8d,0.013771977285098977
ck_d87ab3261322216a,0.001847140753557337
ck_fac046ce336fe39d,0.00568222407874467
ck_beb97e498e6cf8e8,0.053367282383729876
ck_1f517e0ebf397b51,0.01162539312135967
ck_0af57ebaa45877a1,0.004035919827265711
ck_f99bc1732ce5e999,0.05192912939421439
ck_abb056a9deab275a,0.017729783397140857
ck_0bfc394c5faa65cb,0.029866163405635693
ck_ddc865af1dd5670e,0.021018076814740255
ck_68b5542459638b56,0.03705656172243649
ck_0b1d84252c0b46c2,0.00526856210414752
ck_520ec32c4f253604,0.027806571779383643
ck_79ffcfee599d77c7,0.011774146900505399
ck_eb224c0fd146253f,0.056364025558879094
ck_0e477084434da450,0.01983625599797048
ck_07840bba5570785b,0.07899066682577735
ck_6b67fe8e310ab865,0.010418224019834858
ck_e2a1068c2fa22525,0.02271001774036565
ck_b9c6b32f6bd92a3c,0.0037556291537754194
ck_c1e7d1021ae58f00,0.0013080536576872484
ck_5d7801201749ffde,0.016977718411042557
ck_c8806749e263f70b,0.0016795577336809918
ck_c9eeab826781dc91,0.020645381974883935
ck_309a432c160a17b3,0.008437851848218879
ck_b22e3337b8e3dbb2,0.00922663385348714
ck_79c30169c71b8033,0.8852594262591431
ck_5a6593d954085775,0.0030621194940947645
ck_70b9b79ea1aacba8,0.02526727444614293
ck_63743141ffa11f45,0.014946345622542968
ck_dfd3dbd0d97a642b,0.007853672916806916
ck_635646a661f05b4a,0.017769779136774872
ck_4b123d6931b6d0d7,0.13783390431806053
ck_f2b0e7a47f442557,0.9143113953336598
ck_1b1df006b81d38ba,0.008744541082975989
ck_360237c1bd30f4bd,0.008920070660467176
ck_5e84bca0e362da20,0.03587730533412626
ck_142dba210ed2f3b5,0.08612710866940479
ck_a3564236069e3524,0.09062017489364449
ck_cf36d8b070ded782,0.017030639245485847
ck_ddd6625c5eddad70,0.0010941442063390474
ck_ad54292a0b2f44ef,0.023248573752079046
ck_45cd5ef6b359e9b4,0.0063432224077528306
ck_982c2392238b7be3,0.5227277166951801
ck_083e4ac78685c3bb,0.013885884830637478
ck_729cc0b46cc2e546,0.31343147636919527
ck_f2b8995fe5402759,0.008899362930563755
ck_73e24f5a8da289b3,0.029841370734258757
ck_bd85f30c36f5998d,0.05203844794139179
ck_ee4ff3aeadf912c1,0.0025882147966718424
ck_63d2978706e193d2,0.031490622491148604
ck_6a0684436a1e66c3,0.29235749545604955
ck_182dc4a2f5a366da,0.0014280509999154965
ck_e6fecb82fc2a82de,0.014543061811327307
ck_cfb06f07394dfe64,0.0009167790520079797
ck_7bbe1dc8add17ef0,0.013401631343795233
ck_5cacad76e02c8e3d,0.9668484095226018
ck_ca68dec0c7df5a12,0.008789318756469171
ck_e4c0fc52c82065d3,0.009486786234186343
ck_f9197b070416f443,0.0046473943142711855
ck_2a07c7021b71cf65,0.026141193888050092
ck_4fa85cebf707de2c,0.0022276172367866457
ck_0063d2a9507467e5,0.00996422437828957
ck_ec986285fff05b7d,0.002710555163952416
ck_279d43303708109b,0.009436725424362684
ck_a406bf11e48cf8c5,0.06105340167721371
ck_064b2aa3f0bfdb6e,0.011323371747346657
ck_95790440bc4bd2d0,0.009556427397433741
ck_70066eea13b4c34f,0.009684661940245384
ck_19468fe07e26f992,0.916756741705305
ck_86bfe328e0a533b9,0.7022674972844154
ck_ace3b96c977a7560,0.11156653178444115
ck_642344e5c652d8df,0.024055422262263388
ck_074be35c951ae10a,0.023970950766374628
ck_f14dce41036486a3,0.979001203377931
ck_5cf67a3a747e684d,0.08733805153036853
ck_f7285b92648c1c81,0.0033808429618349695
ck_bef3193f124fca5c,0.18300105653950424
ck_05c4dcbb45de1f8d,0.0030356803362519844
ck_d7c28eaa05bb7144,0.017104422189960583
ck_320df984791a1b99,0.004099641749984581
ck_f45bad1606fa00a7,0.005964840231198159
ck_6f81c199e986d9fc,0.007540419214543742
ck_d0c9633fed57c344,0.052922104321559235
ck_a3c25d6cc7478068,0.02428525657347345
ck_4185506d12cf9fa0,0.0021718245026839797
ck_7a02ee1bfba7353b,0.024293599479028892
ck_1b52590757c0fbeb,0.01139730565493931
ck_a0e5656e1cf9cbf5,0.004111293716960616
ck_ace21f6daef94f6e,0.0070629656237890075
ck_646d8d0834782d6a,0.23924700938346788
ck_1f136a4476b5e775,0.009088654236254944
ck_325c7643cce02da3,0.055853255391406356
ck_9b5e7fe28208f5d1,0.005696039601508149
ck_05d81b1a150f31c5,0.002963677732770003
ck_0e9ec486bff403c5,0.015192874883397415
ck_ee13c091bc379188,0.0352930606609472
ck_f7a7f8f5903617c5,0.01625160151797397
ck_96c3a3517153390e,0.02456588951080381
ck_538dad7f096458ad,0.005807900999000724
ck_8758fc6622bbb7df,0.02436467054419303
ck_f7e53af3c91fec64,0.021492635798694634
ck_80b50fad7f255e1d,0.007902669021934015
ck_9645e7adc08631b5,0.023253351753845408
ck_e007aedbf37d6ec7,0.017231961480775312
ck_2951d76c41de2569,0.04964820560831401
ck_9439bff87e616d4a,0.015349497641898344
ck_a73045e96af0e4fe,0.018548744341377113
ck_7b382e533e2e925a,0.020728096278199132
ck_730226c2d216cacc,0.013057626404911607
ck_bdf837d761a7cec2,0.19632735113228109
ck_0b34197335ba3341,0.010406549061648507
ck_49170c4b31a20f5c,0.0014396332510402117
ck_cd553ba6589d8bfd,0.012703903135219255
ck_56b992c6f136fa5e,0.024833652297936763
ck_8beae3d7328fa41a,0.053813757015026734
ck_1a065ea906ae3d6a,0.007998892035451573
ck_e9e3381d5e0e5051,0.0032434524116267795
ck_a6d4f998dadc90c2,0.9392186083142524
ck_d36733da917115a6,0.03165677250194807
ck_e738e920bbd74a7d,0.014939656805270247
ck_af65eb885a51048d,0.00165208162663332
ck_73f4eb09af29b1c0,0.024413917269234923
ck_8fc641b1750a2542,0.04330061867307938
ck_41b954c7a948c060,0.005373302111985405
ck_25fc3010e8a0f6d7,0.007958935674642429
ck_a2624e0387974e0e,0.03885591454991778
ck_5cb9d7b2329d5ab6,0.05838090322314987
ck_6c83aa1d100a7cd8,0.033317891904009925
ck_67025c64588abd1e,0.0036704246501873036
ck_f5dde68f6f0468e1,0.0021220949635442554
ck_46bfb2cfc29a6d2e,0.008468955569869386
ck_49dddb894d33f6db,0.05311310281606454
ck_f738b633b8862d18,0.001975580868793165
ck_3d6c3c00d854f5a4,0.09180493763921545
ck_cdb8061d8d1a6c5f,0.0030427116922012226
ck_5e1b81848718bdc3,0.022310735972942045
ck_8def763034187436,0.036521668678972954
ck_8f8e4fb9c6190272,0.004876274678609708
ck_368b968b5f33431e,0.0011968871480813475
ck_ba7e347251ea399b,0.020183419943847352
ck_9075432001a64e75,0.011466357384141208
ck_73c5371635aca173,0.6525963297735842
ck_81793387b38047cc,0.0043998668985896485
ck_0cf220816e320ac5,0.006136415727294051
ck_820219bb9c761b52,0.13893011148158546
ck_70a932ab39d86a24,0.0019963396909178934
ck_2c4be237a7ed79c7,0.003534494196545678
ck_acc764b49ef02826,0.4769621624062528
ck_74c3c3452e4e7cce,0.004526721149836664
ck_34dfb57e5bf31d2f,0.03458151522234845
ck_6ec39903f765956d,0.04779016737158076
ck_5986119e7d81e831,0.020412616545696385
ck_2ddfc948b8eac752,0.313361919130018
ck_921ff5ceaf40a968,0.06076025333098797
ck_fb3b68b4424b5f92,0.06285474891618346
ck_c3db1b3ad4f16679,0.010387727652300009
ck_124a197be41687f5,0.0314938566314736
ck_c58d9151834f5bad,0.023093847151719984
ck_389607982eb6b701,0.8266755326217092
ck_fb0c138c003e933a,0.0024629441721735826
ck_50d0bb7edd8c69c0,0.03790725748576991
ck_c6cb651149dc9a8a,0.0026647153983195334
ck_81e21354e477eceb,0.033281710918797794
ck_7696e38b3e4197b0,0.014527924996335895
ck_586001d3ed9e7fbc,0.0021338164069084776
ck_bba413492dc46f2a,0.025447558334516
ck_95b894380ad2702a,0.0608835526693321
ck_277621473369614f,0.9823587756305203
ck_a50621b5eeca84b4,0.0015384756163034077
ck_bfa7ba218b988cde,0.03206161013703788
ck_5ea89567dfe78e4b,0.019065700142172196
ck_6c679602a6476ab2,0.006723440886842506
ck_d3885e286b3b11d2,0.06100896162298009
ck_cdcf6671b37c9c92,0.010332261046680122
ck_b5c93e6d34f8d366,0.0035372811378332142
ck_c24f61925dc158d5,0.07291906089785499
ck_cd09375e6c81d2c4,0.02138459233556661
ck_a95afc7a00303a26,0.05343587510291271
ck_8e89ca8b39f3f8ad,0.004839800126435751
ck_9a84b396aada3fa8,0.048556622076690835
ck_5124a2e415384945,0.05172500160674854
ck_d66bb1f063357f99,0.005859556011108614
ck_0fd9312411b0ac55,0.025203552273287324
ck_ad8cbe6e27e47ede,0.019119298906125026
ck_8398adeaf41f9cae,0.019830010763425665
ck_dcf851e7bb5855d0,0.0036406236105994113
ck_9affb0f26776b642,0.0029380607695836253
ck_f0424b3b36bdbef0,0.05424576322937158
ck_66746d1090d6d9e9,0.0014667010595312642
ck_e5f8c8a5824db594,0.007185008171601313
ck_3e91dcc209431984,0.029221200917381392
ck_126a82e8d42e5ce6,0.0037889416283727463
ck_38e4a74ab256e2eb,0.012369986892462046
ck_1225a97fc413a419,0.029383521061031113
ck_9b5ec0f78e160e65,0.006718796064563545
ck_7c5529bcc079600b,0.023066650810827004
ck_29640fc2fe81c251,0.2648784477931134
ck_160e9ba0a3f7c1fd,0.003986064356259285
ck_bff090cb4ab76b9f,0.018084859088874774
ck_aa06ed358e43db69,0.04877443676078287
ck_7264486eb512d84a,0.004732640265680801
ck_f5a32e6160b28379,0.0040687505003704615
ck_4ba8bec14c2217e1,0.013796594791881786
ck_610815786d729d2f,0.010598759483827058
ck_e267999226b6321b,0.0013776575093407367
ck_f3996a3c8eea1ea0,0.014962749747358672
ck_e9b75ed7567a3f23,0.02931585850164197
ck_d21612d48bb4f7b8,0.014363908310255295
ck_1f871df76c6a995b,0.08275443275527758
ck_953bd5de48ccd70f,0.5664724343849383
ck_02a9104419a6dbaf,0.006834044231584905
ck_1eeeee651e05d535,0.05277150710826638
ck_e2ab04136a442a98,0.007712196579152328
ck_f0d806624ef3d359,0.01338283483094119
ck_4b68b38c1b3326a3,0.009273494785630495
ck_74e60495f8861156,0.031192849003608684
ck_398f3f4cf05c721b,0.003066653718436574
ck_f761b7650a0c1a85,0.044701767213771317
ck_7dadef33f5e2d94f,0.9543519379616812
ck_6ff6883633b8c7ba,0.0017311121992695344
ck_4d2159603045109e,0.012982019668163185
ck_a38bd07a5fac5c9a,0.0029910525280057378
ck_f517f06551e69507,0.0019737162251193753
ck_a7ea00a1760ad561,0.981218563533073
ck_31fc51d5a3dfe16a,0.018084420349975344
ck_bac5233623b25ca4,0.00987278932834705
ck_385188ab27784fe3,0.05089775107459958
ck_9947a323bab5cacd,0.14798708328488308
ck_7973edc9f22ee7b6,0.025505465213879516
ck_f97c477986043755,0.004360248365161566
ck_1a3fd2cc4b4de196,0.006421293061880906
ck_e18ac29ea62cb435,0.04942582761590738
ck_9720a472a3e0140c,0.004264444129437635
ck_668c7fc7d7e47c0e,0.04961432339428867
ck_214af0806470ef48,0.016105866754979263
ck_a46c1773f01f0be7,0.1294530749156304
ck_f2bdcfb4203ffdee,0.06283368595099754
ck_40e84e6ffe788a4c,0.02309956639097182
ck_dfc6f5712d8d6678,0.13716755315474585
ck_01ef1036b2e66a4b,0.012630814339476798
ck_3acfec10eec32f9c,0.022263132317099678
ck_084a85145c15ed77,0.007185905639039068
ck_fcdb4fe2f095fba1,0.09339850861361362
ck_023908db0a193076,0.08931499060844916
ck_fec0ff92fd622253,0.013768387224896594
ck_c009c97d5fafbced,0.11697086409771955
ck_eb9f0c06ee017ee5,0.010836535601319258
ck_d7792b429620fc24,0.00807116721762788
ck_5e9e149a3b69c726,0.027685255966260126
ck_ce927322ef8f651c,0.020785846622219772
ck_b8fd61a8e82bce32,0.9128131893340032
ck_9aafc33fba1474cb,0.007859905437960245
ck_ce81ff9b8b35562f,0.011515383267108908
ck_25bfca1d8eaa152d,0.031789738589054706
ck_170c65860e2a7e23,0.0040330516591756856
ck_952da7ca9f33decb,0.014610742676690318
ck_1ebd574406235957,0.013685468429461431
ck_589109a188adc2c1,0.0045705971029109315
ck_f0cbd5383bb07778,0.03851694384462874
ck_242521e261148fba,0.0067393879980472545
ck_509cece86a558de4,0.005115930357037099
ck_0dd7c5925d28755c,0.005189099207093997
ck_a7e669cf1c3985aa,0.01454326501310959
ck_acb84dc2351eeb76,0.0022618908624730755
ck_b837c7dac2a9b931,0.019312481647473498
ck_18eb1f9181f95df4,0.007173789647394589
ck_b0b9047dddb1ec84,0.25970846795842034
ck_43aa136bdb0a2832,0.3816420592052189
ck_3e47f8c56c811700,0.008019377882664205
ck_77c587d24695ea15,0.01714809943371922
ck_20578ac693ea4e93,0.03217663370501103
ck_b9f6040eebd1605f,0.07230736907747248
ck_ca9d86f65cfdf018,0.007850791061618394
ck_a4fa8833995c716a,0.00796125808513591
ck_f589f1e29301b5fd,0.010294009570244449
ck_961ddb8ff55d868e,0.0013071109515112528
ck_5662492a54e6688b,0.0702662370467193
ck_ad48826c1c26eb78,0.566204718152533
ck_621c9ddde6bf2eca,0.027979876052175078
ck_417a3500b2c717b3,0.026860440857860997
ck_c7e129058beb3ac1,0.01861764240934157
ck_ec1c902b9b9b9c5f,0.1492929130587761
ck_317360ec0a67d27e,0.09366137889518089
ck_3e3ea5d8c4a229dc,0.02737345982045753
ck_d11d27de7bf0b973,0.14629949656078167
ck_d37d56e931105db0,0.00709944725841127
ck_4863077723cd6ce1,0.003254995723231368
ck_479a065d5903e9c3,0.005830751018786447
ck_e66ae4fd586fedea,0.003993259791851322
ck_192bbfd0d5720134,0.005076315502055708
ck_3b436cb29af99f3d,0.01649671463707171
ck_7c7ca54969eed187,0.05636743810608026
ck_826ee896c9f1144d,0.1153210415030739
ck_ba1f6dd43fc8a0b1,0.007547466397939452
ck_49685deb63e4e8f8,0.00950244521121439
ck_687ab5d5554bfa79,0.01355568025655076
ck_41346ccd9242cc8f,0.001673998997389107
ck_8f8e5e2b9dfec3d1,0.031519889048558264
ck_94d5ce61a0c50465,0.013806432796771045
ck_6b954c75aad8c012,0.03522212347388462
ck_748af92828c9d288,0.004729813586325177
ck_dddd14091ce812c2,0.023503205655628773
ck_723323f6870fab59,0.0440754812663676
ck_dbdf8d0708cc6718,0.008842823396361658
ck_f04938570a154de3,0.013156170125807241
ck_58afa1550b3b5294,0.016024971852038827
ck_3b150afde386ecff,0.04128517405956436
ck_666b95e75d99ec4e,0.8143000693699016
ck_e00332597cf1eb24,0.03208732959008795
ck_9a9e3dac79280d7f,0.06282851213299463
ck_e8d37262e859d9a1,0.01615874594281397
ck_895bb39d24bc1c4c,0.0018681010224325162
ck_b367449195e36499,0.015983845101466984
ck_d23f9a50d1135ce1,0.14382831221433817
ck_670dc4910cf476c2,0.0010901289217739767
ck_3ecd8a5ce65e21ca,0.010567826630037462
ck_8584fea2df4c6317,0.021373316216844403
ck_0789ff4562202b20,0.035990648203573374
ck_749e0e50c3907be8,0.005472457657744482
ck_c3ff6790cc6d7e34,0.0080492547645169
ck_75fb7e56432ee4b2,0.013276926879091884
ck_529fc3170fd11abd,0.042682340246080114
ck_34a69b3b4a681796,0.36106046238809275
ck_255f0e5888ae9e23,0.065896343332857
ck_65be698386474170,0.0026088516242738866
ck_5eec9ed855c26000,0.004776595779348023
ck_5ab39bdc9610f6f3,0.3474396091488218
ck_1b5b75762f033462,0.018123420952904562
ck_d3e208671cf37f91,0.760932777748653
ck_5068ee554ceff971,0.04349022134015215
ck_d7d50fb57fcb2d0e,0.0018029946184743874
ck_ba6e1115fceaa067,0.045439007901664996
ck_d07bfb16a4a7dac0,0.9100180456819807
ck_ead68310311690c8,0.6938673884830133
ck_ee53ce862bc9c111,0.017445626714560798
ck_97e56e6037024dff,0.0012736862362028244
ck_80b04344c98ec072,0.05136622859921858
ck_5954f45a2ab45f43,0.019907711627284275
ck_18ddf7e836256e3b,0.011951744867247555
ck_89a1a780144d808b,0.018152716418469404
ck_a7331e8b808c39aa,0.07678786587396821
ck_a1fd0ad03ff9b776,0.022019773655827232
ck_c0cf50eef030b401,0.0018559379649931754
ck_074f20921189e7d6,0.007108534411499579
ck_e2aa7be60794593d,0.1270341441709899
ck_72771757dfb7f7a8,0.015772831667265935
ck_a9cd84a6dddfe584,0.01377774694175635
ck_142c00f9f8557504,0.03715439782445415
ck_221b5d40358230f4,0.020541703789245348
ck_a2d7a563f520b7ea,0.014521452292488433
ck_66cd34bc568d95e0,0.01772193819100791
ck_a17128972d3e507d,0.018625809849889974
ck_bda299466bb2136e,0.021479608802378786
ck_2b699066665abe8a,0.017961730028176696
ck_0ac9848bd4ba0c14,0.002714474436196891
ck_98d2f9a6ba3a3077,0.7307149276506788
ck_a872df31b28a5f7f,0.11692118536782593
ck_7e73e1d44ce82ed9,0.010776773044514746
ck_1a415416f620d49d,0.006101549446104561
ck_c95c786d2f8b8edc,0.01704464379661843
ck_e45012f22b7f91d5,0.005060085280755227
ck_aa0b083e2a6813eb,0.08917093645024
ck_4666232ddbf77756,0.00846251789306841
ck_e08e9c8ec5f23d8b,0.014535105371955546
ck_31d4c0518e5f52c6,0.004778039890585124
ck_c1ab40638f04cb02,0.0106274799258665
ck_4c1fdd1669c7cf51,0.0037591167018809985
ck_11662cc7940ffc82,0.07308305733730203
ck_2e679af24adedac8,0.002875328620596668
ck_454b9e21b7f25a4c,0.0038089596854430407
ck_355c4f29089731e8,0.8411354065260079
ck_507e40760a24d2d5,0.020579780326717347
ck_0943e0f305078e34,0.9859805564088151
ck_abc54ed7111e9ed1,0.002251527005592533
ck_a60fe02fc04407a9,0.06673713583414104
ck_244b897bb4d57c1f,0.008090162112359777
ck_8c84fcde93a04334,0.20371095794684274
ck_9eea37d2de633b27,0.011671710542493361
ck_b2cb9e6610eca967,0.0087033850789217
ck_09aadb4c41b166f1,0.0924674765283924
ck_8d94fbb4828ef326,0.004865986606340921
ck_089e3a07abbe3b8f,0.005270511091666721
ck_dfee9de05e3971cf,0.00453997678542475
ck_6abf8302ce052451,0.11424525557015727
ck_6ffa90143838a4a2,0.003412914645860449
ck_325caeab5c7a9c3a,0.007340197482722794
ck_1964ee9db929a173,0.8755562023534643
ck_942b95988a6245a6,0.05428048809124417
ck_913ecdeeb8e21a9c,0.03039223903035061
ck_ecf9794349eb4b3b,0.0350826192719953
ck_b6cb8d6ae828eed1,0.04154361393994442
ck_2f82ea66c4f53b33,0.11131135593201039
ck_6e676daa4855b58f,0.0622847814700386
ck_2a37fef48b44e9c8,0.01475728454411561
ck_3bd12d468fdc2450,0.011508535690385692
ck_1a28b6a40a6bd3b4,0.05309202921134936
ck_61b79dec96d15713,0.0033128313806166567
ck_31d5e3daced93d3c,0.011935921509861412
ck_e6c8611c0cf233d7,0.00331059637376064
ck_f04761b4a937ac3b,0.008987758742392106
ck_38c1c75cf055031b,0.027948211595433856
ck_59a561f3df01441a,0.022898701571972917
ck_04e40f556a5062ef,0.012088813934832496
ck_8409716d174635b6,0.005569877486828172
ck_3019afee83342701,0.03252081415368677
ck_b51a58e7f032c9a8,0.048476051788520796
ck_5043e474f848346d,0.033668473421185
ck_4388abce33ecd01b,0.2930707544764394
ck_c93def7392f0aff5,0.07944754487244164
ck_72e7b1acc19df820,0.01413441939723255
ck_f253130dc3ca5b3c,0.020253978493056865
ck_eb264d1b180d4b4c,0.18777693415342767
ck_c2504f5a113433ee,0.004918513744309086
ck_c16ab1e4dafb4910,0.15714082157089984
ck_4bc42878fa180991,0.03241780937986202
ck_1c771a7c78f6622c,0.05540199728095668
ck_d523f0e50a2747ad,0.004583006779978016
ck_9060f4e7ab7a1b0c,0.013560010994461826
ck_6b55ec4e87a5e22c,0.04697449572484247
ck_55fc62a5f89a7251,0.016256796978170972
ck_bd2545c62f258231,0.058696107792093735
ck_1ccdc69d0bb712b4,0.008494825496417953
ck_710f867a3bd5898c,0.003425967022086463
ck_f91d48c40337d375,0.005574963049749559
ck_f76d929541ed41dd,0.04890093065127048
ck_e26a6659c237b650,0.026281634542937936
ck_184983177b73dea5,0.01731998452594284
ck_6d0d081bfa8a0022,0.04047216049779567
ck_2f6e64f638da0f97,0.005288479359003061
ck_15b93103ccd38609,0.011828896863985099
ck_094d10439b7b4eac,0.006873167352835639
ck_d2ca47180a926ba2,0.01730745087332408
ck_a69ca7b9d70972bb,0.0037340231659941836
ck_68914e67343a7d32,0.007568772656394768
ck_8176616132458c0f,0.013604627139019675
ck_eee99af3598311b8,0.047388100104603204
ck_94410eedfca91304,0.04711682867707133
ck_cfb11a0a2325bff5,0.005865726370102773
ck_75217ee144b715f8,0.08351191207546953
ck_d56fc799542299b8,0.003327958065361831
ck_4c352dd3e7c81269,0.044029017556395
ck_e23e50e02cb3904d,0.04547588897577976
ck_b921af37d500e139,0.020263605254338145
ck_82181b935360dcbc,0.9737179197809354
ck_22a7cf3b99c5e5fd,0.012229065621379927
ck_f67ee7910d532216,0.0299293258019905
ck_5f48762a14a0326f,0.0022805222549802866
ck_1757fcb0e6e3f88e,0.15186506472476272
ck_2c2f080ba185016e,0.039216651325366864
ck_4c25570eb72711b8,0.0034880743086268496
ck_a3be871ca22ac416,0.01967072084126867
ck_ab70961e7c6695b2,0.011579878667695574
ck_a1cdebfc42a52448,0.002422248129798938
ck_f1b80b821a20186d,0.02173398236327415
ck_ae668e4564cd2aa1,0.004883016846884386
ck_0e2bc3a5afa439d8,0.046467806030631546
ck_3dc378f37d0b74b8,0.01430254091370824
ck_9f9555197480d1cd,0.008732320430580412
ck_bf4e7d48770a4a8b,0.09330340935363149
ck_614ef655f0685060,0.06942554944565484
ck_04d2ea38ee27770f,0.0028681582173474126
ck_e03a9d8ac94161d5,0.0031222779415560576
ck_d4007b5b26d9d854,0.0016293683546423387
ck_2dd147ce6d61749f,0.019649495071013337
ck_ff45764ea7d6619f,0.02252070132601717
ck_dbc487cb0a6c18da,0.8489550889217686
ck_791d5392bbd80447,0.007862518612000052
ck_b4068439c413b150,0.02906513260333443
ck_85df7b7de9700aba,0.0033333580352396513
ck_001e42551cd06e40,0.007872029131044827
ck_a6c02ae50932cd9d,0.005108911268296759
ck_9fd0be2c018ff5e4,0.011388519654711679
ck_32a495128395fde5,0.002126368511733459
ck_b6f2a2fd232c141b,0.016082641237779235
ck_28dde633692904b0,0.07343941485942898
ck_a1a93c5f375f6021,0.0029574412370823337
ck_e3982142336782df,0.024456323681699154
ck_a9812ff3c111ea94,0.026350644913990924
ck_f04062216f95fa00,0.023050600046265177
ck_7c560467daca735f,0.00047093355072978896
ck_76ee10d6e2dba70f,0.07749564998422367
ck_3521243bdac61178,0.010537009007836572
ck_28588fb03b320520,0.0425206891213201
ck_580dcec33ec232b8,0.013028946659239588
ck_7109923fd7dab20a,0.02526049227905771
ck_7c872c99481c1e9e,0.016994576016261614
ck_46f4e1f5026f4d1b,0.0008368498102767133
ck_00d1ebc31ec4653c,0.016704342990733596
ck_aac70764dde15168,0.04252864582774561
ck_648c03f9aa4e45f1,0.019787746189445888
ck_5478eb69ef912785,0.1943804373838045
ck_79b8523137bb2603,0.10185975631705534
ck_795c49f312640019,0.0010579328222071885
ck_89184bf7b7fe41cd,0.29042945662515623
ck_97d4bd922996fa10,0.014612710677101712
ck_1cef30d08f3a598d,0.002486401353676969
ck_2f9fd36a4a40a6a8,0.0030933379103579716
ck_40780fc0f8d6f309,0.01731583890641852
ck_9083ca9fec2a7f4c,0.013492952606631591
ck_62081bc35aa59931,0.008035701159065427
ck_2e1b46c5fc56b863,0.08813966084420316
ck_3d139692c51b604a,0.040448904607052624
ck_b5e54e22e3d6960a,0.007128024527731088
ck_c0c4be3f44311b04,0.0044967001234493265
ck_82a8bdd2692c2a5e,0.0012145793971139905
ck_bdd2da300b530c5a,0.008917008534084614
ck_ee40498cd97183d3,0.010234025758619186
ck_70b9274473bd6dfe,0.004675936752677412
ck_473d6314ea614b29,0.005876268015582455
ck_7443d6dca8cd1352,0.004284068622830982
ck_3b49768b448b071e,0.02868998276062663
ck_b43f04431c267dea,0.0017742843738803849
ck_4424a5223ba2fe00,0.014910579166870563
ck_819bf3e8231f4081,0.024231151220556565
ck_91d417507a8c58cb,0.17598276932028437
ck_e88e86b19cada4aa,0.023962564304347463
ck_59684167f9c6bf4c,0.061696491466611963
ck_d5f5b0dc97b9dc27,0.01853786396749032
ck_13d1b192bbff8f32,0.011317014322062087
ck_b21d8630387cabce,0.015853162820661702
ck_e4ac22046699b99f,0.010508867584950383
ck_74b848064f2ff45d,0.0053108396447487
ck_166aa980cc87fa77,0.07359366125368987
ck_98e337806104dd88,0.003206273620877506
ck_66eb09be007f0755,0.010506949869291637
ck_3ec9b9d8dd7be11c,0.014266733828054486
ck_8b8b9de339d75d0b,0.02263297795693943
ck_6715139e240007d9,0.005359238463985828
ck_a0255ab46e122d2f,0.002164205032671976
ck_66e81a4190c33510,0.017591772661159945
ck_5d75ea4f5c9080bc,0.22072073239686565
ck_df69858b8a8b3165,0.010343533830295504
ck_e15252ebd7553422,0.004792195553804785
ck_34d6d74bb3ed11e5,0.0027526334408067804
ck_c2608f78f6851d10,0.6630173921810474
ck_bb99071e8f58c8a4,0.6237337421742979
ck_06010f0df5b7cef8,0.059662190492537064
ck_8c582eb0f6c0148c,0.01941788584886301
ck_0034d010d28aea78,0.013933660187182248
ck_01c1f06692566ca1,0.014554669658838674
ck_4807726e797fb893,0.018941051492000566
ck_edc9668282e3c8cb,0.016701995423716053
ck_5486768475af7bb5,0.7891432703970505
ck_3fb9813849e51837,0.013125644457470118
ck_861af5a9a9a6d619,0.0048260856265177135
ck_da39653add0f1109,0.002115311841787524
ck_74a4244eb1f162e4,0.0009119061965704255
ck_9a930faade55b8ea,0.0024523207706363247
ck_fb6e06ca88519dcd,0.00909335675514191
ck_9776cd8263a9f415,0.006878807290177308
ck_b3dd1198ac5aea73,0.02113123866117752
ck_b6675a04df1a4276,0.009016012688734327
ck_5c7ad6e731b69333,0.32592936251593935
ck_28dc0fdbaec00580,0.18488160897711103
ck_8e7a32f7e3905f4e,0.022690734274177955
ck_8563fed6674afc77,0.014200090021060239
ck_9a2fcccb82da663e,0.022235518842857276
ck_6a519bdac0d94527,0.0025206689404722285
ck_a0dab7aa9c4a39a9,0.004023826101856889
ck_a3ce05e9e5e32142,0.02299802287983021
ck_7a7e40ee3f97c035,0.04131600537972671
ck_9e9a830785112a73,0.020970845006813905
ck_ab1bb02f6b189304,0.19573889599686428
ck_7b8cb0f90fbdc8c6,0.006729894081569438
ck_b138fc249e659e60,0.011026786084337032
ck_e73caa3771ec5e0f,0.005615573632752486
ck_18a55b06ccccd88b,0.019724077059757185
ck_fdcb1d9265d8fec1,0.07911023178118477
ck_e21a900556b382ad,0.01522814654922492
ck_c6bf67470f526771,0.019388861865838977
ck_b568ba3837afb39a,0.0011864895678518263
ck_a2858979dd5645ef,0.0036927965391354697
ck_1da9d40837ebaa57,0.022097113222235835
ck_9341c7959543c542,0.002288743572229556
ck_c8ad86806b9a2369,0.060737008483783446
ck_5c85d93ecfed4b0e,0.005588201953887245
ck_f07b09879d697b82,0.012654320156167364
ck_fe43da07608b1749,0.01600642466514559
ck_4bca22b5926b9c28,0.004400974909957602
ck_aba573aa942b1d41,0.007669354625132383
ck_57c14e32fa4683bf,0.003065628347673219
ck_891530b489ce402b,0.007923537623010663
ck_5e74fdadb93ff293,0.03132146116693171
ck_14436a409ebcc90f,0.011829971884101391
ck_00013fdfa0bd37dd,0.010202213607567841
ck_7dbe24ba01316775,0.028420759252604642
ck_0e3f80c1553c591b,0.017455806387463843
ck_3edc45db58760d76,0.012647404152300114
ck_29076a13f539187a,0.37795249679137766
ck_b1e81b58b9a545ce,0.07401854262053047
ck_3f8571d4f7420b2a,0.07326104906365226
ck_7dff6abe4bd644dd,0.6037778804803803
ck_2884bab237af16b7,0.006368943000874603
ck_231e6dd1fe708000,0.007542963342899857
ck_33ecaa7b892e73df,0.01068666337045455
ck_b109ec4c63503030,0.008975155917422518
ck_a7f522382509cef1,0.0031285090540514185
ck_748b3ea941d8b3b9,0.006677887811818062
ck_29f3a1737a2d9634,0.011040183659909764
ck_cee8d42475a0f020,0.0044433797385599345
ck_c6b6ebe145a8ffab,0.02532696103765096
ck_21c99e1d6b881894,0.0013346960005819442
ck_5ad798286384484e,0.030686700651004116
ck_b621b6ffcc7f4848,0.002208135872554493
ck_ea819e337233475c,0.10776945511698223
ck_9e3896c2668ce06b,0.07044733230985943
ck_501dcf1ead036d2b,0.00875743961564682
ck_8d5eda29a2cffa3c,0.018616082846354003
ck_4d3aa36ff83f1132,0.44740839629907037
ck_8e9faf94e3e6c757,0.0013278494057204192
ck_ce0ec41f96951048,0.038201332130984963
ck_f09165d73ee903b1,0.009271442583831706
ck_a432b1bf1d3b3d5e,0.31694488468569615
ck_ea618f720ff0b4b0,0.003525449279627518
ck_7584e7bd755cb28a,0.01494558414301027
ck_e14681aad43e1a72,0.029522507416508276
ck_5e18870d8e30e379,0.021016567081238682
ck_ff7c26a62bda8089,0.00328913643928373
ck_cc5a35175d381d5a,0.008253843542712844
ck_3c25029e40aa8a84,0.006377301346617087
ck_771247b5bc16c12a,0.005485922454182834
ck_664b5e02759f985a,0.0038462821059993607
ck_692a9e8f504b9762,0.001054085702579327
ck_df8ad2deb0a4ffed,0.03026867663917817
ck_eb48c0bcd12ea654,0.02019606295529646
ck_7c77e597c951cdad,0.02799046531548636
ck_4f75144c6f3b13ad,0.020346273347605505
ck_1bcff399166d7c43,0.004734341627402825
ck_975c2aa3d4a8c51a,0.012041167642943466
ck_bc6f07b06aaa4ce3,0.28559808236841355
ck_80b072b7f3c7e8e5,0.008560529813445442
ck_471e4018a23b4e56,0.01115425233035951
ck_53cddfba570b4a3b,0.02428690561845242
ck_630530e50764f229,0.013704027449388322
ck_dcef7887a4f1e435,0.06312590019332864
ck_2795921a055643f6,0.0077172779198717446
ck_7456df89f3792235,0.0030702534569240067
ck_5014a3b07e1f049f,0.461019640713496
ck_d4ec44760cbe03f4,0.012870830937723388
ck_96810ad39d4cb7b0,0.034108452259993344
ck_3222ea25aa29bfa6,0.0033395202022244736
ck_f6c42001b84a10cb,0.07879952156092182
ck_5ac86682385c86b8,0.014838804295792436
ck_4280c33af57eb4f4,0.001590589971305931
ck_05f79ddd8eefaa56,0.011322441721522029
ck_3a57a13ce032a6fe,0.010144493400989059
ck_a721f0d635fad68a,0.009078252177694944
ck_a3f821bdf408c326,0.005220393611089739
ck_0ada63008be5685a,0.04760247932168167
ck_8c949bdc6e8720fa,0.060177372115406434
ck_c0d2c56f9c722e99,0.9390800588770083
ck_5d2b9e6e087b8dfc,0.9869760469370394
ck_5217b55593a332ca,0.09527429282271813
ck_7a7bb9be5a7e48ad,0.016755720423315027
ck_24cd0d779e866287,0.004209982666509921
ck_7367917891a63771,0.028384138724781238
ck_4b31a8862a857e6e,0.8623875724363053
ck_81429c4910ca46cd,0.006606717122852631
ck_b35d803568f82d9a,0.018855660396599562
ck_4b00e75c2d2d0522,0.0021291655294066124
ck_77fced07f6dff42b,0.01248900972356231
ck_3c9a06eb07c300e4,0.0013976000635861415
ck_b3867f7f494db64c,0.0017890896336374268
ck_0c45e54897ab34e2,0.04270128269035102
ck_507a6a580ab55c76,0.017381800142334647
ck_291bffc7809f896a,0.0027668059829481914
ck_3753cc5b9d02e2fd,0.004703056248264122
ck_4f63d5245b3ac1dd,0.020188657578241388
ck_9dfb2ae78659240a,0.010797548246542506
ck_90f6f5ced708aa75,0.0014228388868170816
ck_8b5b5a6b5539e39b,0.8518722934814371
ck_4719112b55d20161,0.024611746692023265
ck_fec888a7108ca52d,0.9760481525529066
ck_4f5d022c99f118b7,0.07239568143536934
ck_e967ff05514b697b,0.028528426710437996
ck_839ce35819bfa4fc,0.001281542826390922
ck_bdee1221b9addff8,0.011967270748754717
ck_9cde4036d0914427,0.010508744623557165
ck_5ac959cbcc5e98f3,0.002634630886580779
ck_619842688294dabc,0.014492632526109345
ck_7373d7b04c7799bd,0.03533649364512961
ck_c1dd3feb9a0b6471,0.01878429941758197
ck_0324a4812ec319c6,0.007425568499864046
ck_7f3685aa2933b251,0.1286987869708872
ck_06aee5a62a67a84c,0.08063392080030808
ck_3428910b44b9d08f,0.027289487749833516
ck_c3ba7534cefc1de8,0.030491622294366715
ck_1f1273a67cbad5e5,0.5138056212040267
ck_124565a11b2f8bb8,0.006282553216726329
ck_38e46bc861e0165b,0.039111655898446895
ck_c8ad3f01319c065e,0.057536617651826244
ck_3f94a34f5038f7c1,0.8777774273036791
ck_cee56be5a502fbd1,0.16523698081074495
ck_2b90b76cf4d162f9,0.017030748281423858
ck_884b2e463ff1d54f,0.005340651469296457
ck_fab4f2f8531b4827,0.01855631500347382
ck_4fc6256e0e60a926,0.01427226924944672
ck_0a2f8b2f8a5b6f02,0.006081662386411022
ck_9c0deab8a8367c5e,0.0018023878196220772
ck_d3a2a4c011fa2554,0.0031257039753277097
ck_4108b4038f762817,0.415810473617208
ck_4df036e2aa7e1056,0.009977483648536338
ck_ec094eb1cbb3efc5,0.0024383291776394413
ck_09f8f51bfd2492c6,0.015467507155335923
ck_b60fb9a10d6f4489,0.07017810646319442
ck_3638bc3388dbc1bc,0.19320784935323587
ck_7a58e0cc9943c39a,0.003621005009245845
ck_37dab6a0a536ed49,0.06961260802609122
ck_adc576690df5b33b,0.027837677095579393
ck_1383b2b1875000f2,0.022961395035477995
ck_43c1248db37a2eb0,0.005087449420202455
ck_29c11bd68858e923,0.0018548021258348825
ck_9401f9e11f65337d,0.06609216811530276
ck_ce5ed372b1a2ed6b,0.024169784148383305
ck_08b4619490e751a8,0.8581696083205974
ck_44b9125526acb05d,0.026251501487813387
ck_ef1a1de20d2124cb,0.048682310859960096
ck_e5e2624b7fc89774,0.027752005027108048
ck_f5100511609b92c0,0.000951796174547215
ck_64f3bb17101b7c42,0.010004042119822285
ck_ea1e5b5128ecba2c,0.0026780539482715864
ck_516163fcf04d5e77,0.021852136650537923
ck_7f9a748110d70005,0.007745482788582144
ck_d263b55f0a681cce,0.03458871610281514
ck_0e962eacf98a813e,0.004309753994015202
ck_0406931800e0e2e6,0.005210349466517153
ck_0e9b982afc88a3a9,0.9776602813632209
ck_8bbb625384edebd7,0.0013960484623339686
ck_5eaeb87bf6207406,0.8652301700939548
ck_cc3318839c4b0745,0.004318253960493931
ck_08a0355d1f1890ef,0.028974079097889197
ck_af7ffd1a822460d3,0.25337422733741866
ck_2a09c7aa870edb6b,0.003461934317673419
ck_bc04f51c23290bcc,0.012008532398966801
ck_d3a8333cb389f4c6,0.008025175261840378
ck_88e3dd3039508332,0.018039711970203688
ck_b8c7771de9b57705,0.006102063607097887
ck_585ababa02383b50,0.00513427869139579
ck_e988c108754cee9c,0.016374345959103587
ck_4a691892d9d6cf89,0.009133245859416805
ck_7cdce37d895eefb8,0.007778685131238259
ck_483fb981a1fb4317,0.006498192981530435
ck_c1e5182bd99e0e35,0.22788167282182598
ck_9a1e3ec9a1839939,0.010697925545827363
ck_5c3f13de0dbd5086,0.025639275506410125
ck_f4f6f0caaab70040,0.002959065776353272
ck_791be3378dd7d64c,0.028924356240569382
ck_956dd784525f5886,0.049023628303512985
ck_098167eaf124c279,0.029469073646773793
ck_33ecff7914349ebc,0.011230346401195124
ck_e05d44e46c7174e6,0.016567934416025182
ck_1b2ce474fa6582b4,0.023844307247241757
ck_ab581082e8f72e3d,0.004294264248305334
ck_e63256667aa19070,0.04462106308055152
ck_f568772b6cb3febe,0.02487950721196069
ck_dd89a282375bbab6,0.18783843856760346
ck_a39d0bca345b492d,0.006330330665665202
ck_d12d2924d0f7a64a,0.01660168560035211
ck_6a548da1728b5823,0.9653020222384328
ck_6d64193681d2a94f,0.03835966554491181
ck_ced6b6dcdc7c201a,0.011165214784114749
ck_d1b0699d26282871,0.02563924964266308
ck_58f757e40a9b8877,0.02638909890975946
ck_3272c2c4a37d5220,0.5931533210200957
ck_d94dfde9e03c9d1a,0.02727152600579242
ck_08a6d4903a7fbaca,0.0150418390829429
ck_6c72a36b05fa0f4c,0.04285192817425827
ck_dbb4bd4eda97255d,0.016649312220543333
ck_94b59bbc824b307a,0.003974165239766856
ck_0229a07185f15469,0.010454817180486109
ck_11bf1039f8b3025b,0.008822602859769697
ck_36789ca11459131e,0.049135921817607286
ck_8572c5f5c1447c62,0.023895553174133454
ck_9e75c6641939f4fc,0.05515291993689449
ck_b45e47c39d4dc7bf,0.014702018967911831
ck_02903c48b6cfd65d,0.006771394171141053
ck_b153386f1729de81,0.007587518955782158
ck_36979996f33498f7,0.4388936640550857
ck_3c02d4dbbf6716b6,0.011005889367626035
ck_66c9a19963957531,0.09155636915304535
ck_bae8dae7cfd8baba,0.002377911497877643
ck_bba0ccc6cd968680,0.012166418331671112
ck_3267fe3aac05c71e,0.0071988448600536995
ck_40052cac10562cde,0.01295623841155065
ck_d973444855403e2a,0.01355507175354436
ck_012519bb095ad36b,0.9828779794881247
ck_ad7c256ea10c4a00,0.18170803325166215
ck_70a60e095e9b706f,0.004377717047290012
ck_f2734417c0db4ee3,0.0025995186349745897
ck_9cb89cc3178e0172,0.008134851424489869
ck_779cc0f2de4d5488,0.06979450080770158
ck_35f8656bf93e3b3d,0.02454826570452722
ck_bdd8eba728800e29,0.04925435740509308
ck_002cf760d173f0f8,0.02142061187176257
ck_b046067c6ca3831e,0.011375401782773076
ck_a4a42d4bff8af645,0.003913173245463364
ck_bce253d2396681a1,0.011401232469040675
ck_00dafc060c8de32a,0.035415858880916695
ck_968a99e097ee78c9,0.03166075548652372
ck_66949171b387bb93,0.01564332229434335
ck_ad305286702b1958,0.0021397606885093417
ck_4732da7e0d2dfc7c,0.013069279166526986
ck_17a95bba77217d85,0.019361493752108987
ck_3e2516a3e35067e0,0.009967905146233424
ck_0b615ed566da1f58,0.033202328081762524
ck_d2b3ce1ebabe9f93,0.020283703264188144
ck_a892252e4e0c2828,0.005645972199627369
ck_cf606fd6ebfdf9bc,0.004526022841836266
ck_718865237134ebe8,0.0043806240594776984
ck_878522cb775b904c,0.06098219746261066
ck_9ed53de6ef779ae0,0.002307373632617443
ck_3f16e2cd7e6874cc,0.015990254025101666
ck_3c59df37895ead2d,0.011514769446467784
ck_6821459b626d492c,0.0022466840758246518
ck_11c7667920541587,0.006380126980109209
ck_23a016cf6b98d89c,0.023446149192017884
ck_7137eeb394d200f1,0.07752430646692264
ck_9c4886c5c90ddbdc,0.004875325793851085
ck_1422a7bf7756294d,0.905886613108614
ck_7ebc5fa7f0d3b8f2,0.014792971857888602
ck_fcc2059a8d5c41fa,0.19540376146482108
ck_00ff7389d6a83e29,0.05761358580107469
ck_03129b41457795d2,0.023631018684634346
ck_38ba64efa7c38250,0.032326903123881055
ck_57a6b56b09bff24e,0.007015940279751427
ck_e3b3c5a80a567418,0.004955919798766339
ck_fc40a16adfced018,0.005483418422818388
ck_9d4b5e6b43bad4d8,0.0033656645250112697
ck_61129937ee466b49,0.0261407935193877
ck_74112e47b8629c2a,0.1620479651972889
ck_b4703ee97f94d7fb,0.0019324480322708373
ck_e560f720a988d8a2,0.791164500895808
ck_708fea345f68037e,0.001290091522285625
ck_25394c1b83e0b803,0.033201864579482716
ck_17ab24fe914ae44b,0.004195124985841875
ck_16c501470d9bb006,0.003369920913457616
ck_628f449e248c19b7,0.053781941387867085
ck_6d64190623dea714,0.004599986596150121
ck_504a45ee08db72b6,0.011660459009578208
ck_6cbb011e0c70bc7c,0.0031660879623972493
ck_b3225a98acd04f83,0.00649913472276935
ck_aa37993f1c17cd1e,0.07551584846957879
ck_558cfe5f77a55a9d,0.00715913375321957
ck_0d0a1a021efea5b6,0.05253652974000263
ck_daf7aea023b7a8f6,0.04273425328404306
ck_d75f25184ece2b51,0.004816777419091334
ck_466d4b5366c50b98,0.0024207496805958603
ck_88f27ab479063852,0.059669666508143544
ck_66779098e78c1760,0.0027718012850837456
ck_b150fe4efb449b05,0.005045148929512944
ck_9c3aa9f23d01fa1c,0.006589258085721855
ck_6a01c375fc26705a,0.002840790148633022
ck_002eb6552b504ea1,0.014196758517502541
ck_affa5aa0bff9bb0c,0.016382947003690265
ck_027614eeba8b1a4b,0.006873452453229825
ck_67e075c982add719,0.007115750729402702
ck_399b0d510be98bd2,0.019527906301247875
ck_e9b0bca7368555ef,0.004334787443389767
ck_59c29d9c57b4f994,0.005222599648729077
ck_37176850ed68831e,0.007147160449418854
ck_a0db4ccca08030c3,0.8907185826466842
ck_aa188e5c25f7f42a,0.019045356748559207
ck_7de6997178207800,0.002268449429209708
ck_c729d19053387be9,0.06158348596052378
ck_f2d3e3d90608596d,0.3857303899811577
ck_2db3fb565e0211ee,0.0030701912284517947
ck_bed8a480e27e911e,0.027207147119833804
ck_d7ad9921a4d25926,0.03908253566903218
ck_2a59f23fc5194699,0.0825594770444265
ck_63601a58a6120d8a,0.02952147156423278
ck_efd7b9e22c6317d6,0.013125196735459544
ck_9ab42875a0f95b43,0.09257015586280459
ck_85cb5033fca7c846,0.03916281719678187
ck_5249b223000915ec,0.03272503443615917
ck_3efb0e9bf25612c7,0.002607598034695704
ck_678e74532ac19700,0.015106490572233032
ck_a980b296c95153f9,0.023677388664931784
ck_01ac687ce0d696a7,0.02966615704261047
ck_52e1418cf1aa9871,0.017898707820672103
ck_7d28da4f1dab09ee,0.04654368844623662
ck_010d0c2e6c1657fd,0.06191876135958095
ck_b524f7a2e752b9d0,0.009519804037699777
ck_cc447fcc24a0772b,0.45625035032942773
ck_2cb3c99845e572da,0.0037115568713158758
ck_604c710141327a81,0.003581637826982326
ck_8d5fa65717d2e0c6,0.02554319623142537
ck_31199510b40602a1,0.009431268740959575
ck_49e253ea12f4e922,0.047753907216232176
ck_780738e0d71e7e43,0.00468689829536416
ck_2cd21137a07fdd7d,0.0076560802612995115
ck_5e021f2a3b66e256,0.02659977742028454
ck_efbc79246e32c66a,0.02557102402685062
ck_9951bd806c13c7fd,0.033337292105071366
ck_7a52674e2806d8f5,0.03715071365453465
ck_1a319e509f1efa1a,0.0015772578913653395
ck_c920901b9a4ba993,0.8484821456495992
ck_b71279e807d0b3a7,0.005886790031508491
ck_47e1032f490bb018,0.017638491438805824
ck_192579ecdca7ff83,0.010736948730719453
ck_b1496c474c4a3239,0.0036801426598877716
ck_5e68ea2c5e893cf0,0.07634546551810183
ck_f2ecab85d4693b4e,0.004342053483815801
ck_89d7bfc81c3df597,0.010175911079293658
ck_7929284327667791,0.0424492696187342
ck_494ec63c5ce8e150,0.01107357141641406
ck_319b059bb2145586,0.031185764299054237
ck_ccb3767c239018c1,0.003796479496622063
ck_a1c7adfe26e09a8c,0.023213065058603027
ck_0e13c4f73818149b,0.017057739614627185
ck_c285a51ed6214f52,0.14070187760432762
ck_916784595f028226,0.05086276497592898
ck_6cd8e0196365c474,0.024799431263620934
ck_57b657aba4daffde,0.03414008062037342
ck_562c76a3753fc7da,0.45307583385424854
ck_66cfc1ebc9a513c8,0.0040171222768557585
ck_0f38d4aed68d7d24,0.020389416408272708
ck_d8ddf5e99f7859e4,0.014216435958605935
ck_41bc3efa0fca700e,0.04090803581294672
ck_40799e129fcf42c5,0.13612377036086176
ck_786f079389126e44,0.023152017082775308
ck_bb4c6b713eb0b978,0.028896711925538762
ck_4f01f7eac0efaba5,0.011727806355247943
ck_47d29c01b20cf69f,0.02132120729469847
ck_bf15a1f8d67a30d3,0.016850206083580396
ck_bfecad7586f65e4d,0.029569700005043602
ck_fc9f16df35190eb4,0.28633116581883056
ck_c09c914e416edd08,0.019762722453631795
ck_c54c5d8e4433b0f2,0.009897770488880254
ck_1694c28f44480e98,0.019280368750959315
ck_1dcaa3078dbb7571,0.0011867689291921158
ck_af559f990c640e41,0.010232279981315581
ck_9b436162039a77d0,0.036727154399496156
ck_79d62ef181bd0cd8,0.009698959395972939
ck_23caafc2cd34242c,0.012970534649947713
ck_ffe2aa26f597e552,0.009200858699373612
ck_e6ffd0754ac08661,0.0026189115852495335
ck_beaacb4a783db21f,0.0033004298679756303
ck_9863bff41d24ce9b,0.01004172800840032
ck_323b9cc5c49f8ea0,0.7391934667998227
ck_ab3de3d3e41c2082,0.006685376807470292
ck_35c93b2924900376,0.004287160192560577
ck_5a9d5f9901e37e31,0.04302597398645583
ck_782b0be796164335,0.007421934984395024
ck_11960b5f1c7a5e2c,0.004439902290353304
ck_9a66cb13a9884cc2,0.01963882955715397
ck_ba666a425930615a,0.0029293582253411936
ck_40140bef4db73741,0.014250907206352505
ck_e05e91cc180063d4,0.14764281698023313
ck_c7f6f45710bc050f,0.006957747037361883
ck_055fb9f2e1c8c934,0.043361502652018984
ck_58bb02d98e2b9cd5,0.030075787817002472
ck_d9f8efa6a7800f76,0.012445338416085784
ck_69691226c68fd50b,0.30227224293004096
ck_6f2f0396e5b1c538,0.8793808734300252
ck_78bc3f1d0f35ea6c,0.011048233904222618
ck_2d5a6b6636a2596b,0.005833531452449093
ck_7878545739af0a73,0.0017733568913777336
ck_03c4fa4f3ed3512e,0.0026137625634299723
ck_1a9e51d092d62c84,0.22172784847198096
ck_9f3861940d8d873c,0.05112250475807249
ck_4684fdd61c6a0fac,0.03284454967937099
ck_715966f86d5c913d,0.0028694713382963234
ck_77f293d44b4a3d2e,0.03326967008143871
ck_24dae044dc05f849,0.03370806396434832
ck_00b9818e2064405e,0.08487323133997218
ck_c1c2cb49c3c1b0f5,0.2921412239524113
ck_bed50fc64fbbf8ec,0.007388049309563568
ck_4f6ed5ea5ab7c429,0.014008325039108585
ck_458531c22ec2f9b3,0.011198286278088984
ck_51c50c4c443df31a,0.42241790413137115
ck_732d45bd578dc39d,0.012336827094095879
ck_783fe5bc20cd02db,0.0507328399935471
ck_7f188aaa63d1d442,0.010267119858328502
ck_ef307a6aee38d1fe,0.8218664962810831
ck_e37196b20968b73c,0.021948608770602694
ck_4ef9de711c3d93b1,0.035136487892193785
ck_17946516d5df71d7,0.014837582278548606
ck_3534be0f4efd313c,0.07533256763734666
ck_29fbabf855cabdff,0.0023102667146334046
ck_191673540d8486af,0.029785022584411153
ck_5f52728d777ff2c5,0.012241058747177017
ck_a045a19369016818,0.9797241903094078
ck_4eadbe7298b15e96,0.009292152594665452
ck_a3a0bd59729fe619,0.00665384881511618
ck_a1e77090b1c6ccf4,0.010164589396833366
ck_69ab9d4784eb77bd,0.010984085006944842
ck_baa47383ffd50f04,0.01118768592110755
ck_e35b2ed08b9e55a7,0.006860957009372619
ck_b6e3af0a5119d9a0,0.05792684777378458
ck_a7c1dabf3869772f,0.0572643737290956
ck_80b8fca67a14e0be,0.3992517356322588
ck_dd9c5f0c42878e67,0.008732694015578335
ck_41ef7967faf5ce82,0.0014290539799740412
ck_a93560aa348d6225,0.045597256496847205
ck_ffe91d6f0bd93fc6,0.078711909591751
ck_fbf630c960194033,0.013810558514377536
ck_497ed60723283c0b,0.03169888024775424
ck_2a46b7ca55239413,0.01038727670870203
ck_1a4e5ace078dd782,0.021936377316836682
ck_616cc31910f5de50,0.0076097828429408255
ck_0d65bc749eb42710,0.0285788328911298
ck_2408db62e4395ccd,0.02914640928771619
ck_5d7721930106dce8,0.0161677190569898
ck_e8a6acea22b20312,0.29266832813445787
ck_e2f792fae128b18e,0.13713261507040164
ck_e6d3ce445b86003f,0.0034918967335327246
ck_263334d722ecbc97,0.6141212919484911
ck_8c5b29f6666d4874,0.031797234652523695
ck_7ea0bf310fc20c7b,0.887478151734987
ck_54d463f7fd89ec3d,0.022396793822558853
ck_79e45040dbdd6447,0.027269850993382895
ck_60b4d59953505682,0.581256052217141
ck_fb00dd5021642507,0.024997476958250574
ck_f409ff994a210601,0.05707914265680546
ck_2ca0020038bfec58,0.14885647474792563
ck_adf84b9df54c3d80,0.024937500133943205
ck_942dbf632591b65d,0.03351301130575789
ck_454a7e4d859a3409,0.0014430959773796583
ck_2139062d4569aa07,0.009700923156157115
ck_e949a0f4df0b3902,0.10335320530825944
ck_bb113e3e6716ed65,0.010732518183959967
ck_6a28ea6ce69cb869,0.10626332282080767
ck_7df9910af2bba21b,0.013393188599890216
ck_78aa4b731cbfe251,0.0063234390813207714
ck_5839f5cbd8165b1e,0.014732195636466655
ck_7158ad9e58769ffa,0.10021067476534444
ck_acee218cbe61df69,0.026105131783189392
ck_f8dc8473c2772729,0.12543313213939508
ck_f34c93a8173555b1,0.04297060469705567
ck_7cf301d075e4e709,0.026075953605255338
ck_b87e88ee5512ea17,0.003115930529016756
ck_bed0c020b10afa3b,0.009671655037567197
ck_ca10102961f99eb4,0.0033681408983384873
ck_393287947b5c8d79,0.01747919565959354
ck_2fe6cac002142f67,0.03581478086078742
ck_79c7f0d29b1db1cd,0.04323698636680108
ck_c735b643d3cbf67b,0.007708703953359418
ck_ea4332c8fe48e2a3,0.012419949176732137
ck_d39864119cdd460f,0.0064254517210259815
ck_3b963d6be2773861,0.006304291781107271
ck_df39e3b8a9fd0bfd,0.506363291016066
ck_6236a461dc0d11a3,0.0049482862767145815
ck_475ebccca25e30d1,0.010758143343662045
ck_c10c8bcf5bcd516e,0.09018445236175333
ck_49ccc3716a564256,0.0066926209073504064
ck_4e4f99102f6938cf,0.006692524576584383
ck_a97b481ade6f7972,0.02894058420045445
ck_3fa559c679751b3a,0.030805250357753236
ck_3eba1fd2c7acc4c0,0.33363521948135094
ck_18c179b4afc4fccc,0.018177099281457054
ck_cc1c0b93d05b7d20,0.09557135049435037
ck_742f7c28ddd019e8,0.02350838000625111
ck_04470bc93b8a0d71,0.013837853078292781
ck_6e8f8ef7a03cc6bf,0.014831149424495808
ck_eb1ddfc353b4da83,0.0103038948484004
ck_98831b57c7ca2e4f,0.0012939833500812588
ck_a6c7b8d6e8596d4f,0.14280619351863594
ck_cd7d24e3b095e96e,0.08008129168372888
ck_3f5ae4673a9f858e,0.008834003723511646
ck_05f375fc8ae0afb0,0.00885294254508681
ck_1fc98436281ee39e,0.0018663441172598154
ck_6c48c58678f64bae,0.001433551672673124
ck_8c95aeec6a4c75b0,0.004914614413101252
ck_364cde38958b7af3,0.2802375662122226
ck_85bf21aa1a00452f,0.007992451435224627
ck_796d3eaabc667c23,0.9741800876956168
ck_ac449ee0c315edde,0.005420257360849834
ck_6f9fd15ac6b163de,0.002359477982147385
ck_4087065be2a45ad7,0.4387997353772959
ck_ecf006bbc78ee3eb,0.14915278720938094
ck_8ca808cc5a49cb5c,0.018743118631694818
ck_94b90ab8b2dfb50f,0.030996268789481377
ck_59fd11b3232de9dc,0.9413403650856964
ck_67f3794d93e2dd67,0.14638568538452407
ck_b7f5acf5df1bb13e,0.01430580514837234
ck_fb04ecbaebb774bd,0.012742906482590695
ck_68ef3e7301c621b7,0.017068336147395294
ck_41406cfa209b6bda,0.004650026754425583
ck_b0f8f5408662337b,0.009255301183681917
ck_0d2901bfe585c391,0.08572267830715967
ck_3398551e81dbf3db,0.056460475053238514
ck_61c3e3e277629646,0.008332401384840916
ck_2825e34dd3e7ea2a,0.0036200641492604535
ck_20d7571ba830009d,0.010677004362216832
ck_c98b16f9a72a6568,0.0015665594920537223
ck_e7c8a9e4641eb9ed,0.0009874124381119395
ck_254a7c97c36dab8d,0.027624807893012058
ck_e98429675b46272b,0.007508700713628342
ck_c2fc0ac460786d02,0.09628655224556668
ck_fba15647b3a140d9,0.00890944320277584
ck_15ce50f2704227be,0.018321713569428345
ck_8c748aaa4a4554f9,0.020521349859161472
ck_e00e82a9419ff086,0.02767970532132763
ck_832341c98254bd84,0.01544737247245945
ck_27466468d06db4eb,0.036783719952976426
ck_9d7b9e3ff1f3e71e,0.009079534194104833
ck_42c6973d3a6fe983,0.0014261306563669496
ck_877c85bad118bc62,0.05412744611351858
ck_75d2a2715259c4d7,0.056644776774341696
ck_37d3e5c681a2214d,0.2297942265841692
ck_bf285dd49f372de4,0.020738576776118386
ck_a5bdd026fa9c50fd,0.008537441042570837
ck_88d9244a9cf7a77e,0.47048519665934097
ck_5881b174e49b04ee,0.003468307359083299
ck_5b16d67c5ea89930,0.023441537062423093
ck_b75b936aafac56b9,0.009727396611500242
ck_aed2681e1646a0df,0.06430849592825247
ck_f63cb5e8cc702bad,0.012121181757886648
ck_1805fcfc4a9e4ffa,0.7841910197756069
ck_25c355da356c730d,0.01992148957727903
ck_70396398e4a96449,0.006010112137015967
ck_0f743bd13373748e,0.018613698854295743
ck_4b387765f0e916cd,0.004757280944562369
ck_e971faae8a10a260,0.0029060249834374943
ck_9eb08369e983abfa,0.003733698537287853
ck_c30c5844512e429f,0.042585459071764725
ck_59e77e3a81f1fa0d,0.024776444013997423
ck_ca4465f2b5c1a52e,0.9639769846888155
ck_c89b9ca398402f1e,0.003828634178205646
ck_36e72ef9273e7a95,0.009642310430637596
ck_2bdd8616870e5e1c,0.0021296763878179445
ck_216e87a41de22b5d,0.08446410350810052
ck_60f4fb44f5efe3a0,0.0019814689741980574
ck_05652e8ace6ce6cb,0.005268379387439761
ck_8c136dc691e65695,0.0006752317927850056
ck_a08f8dfadbdca112,0.002891468822497633
ck_bda4041a3e90d860,0.0076338512705831155
ck_15dd3ecaa8ce0245,0.7116152048555082
ck_3e3c64b3b7876ce6,0.04778417512801456
ck_46225858a38b2e57,0.008367487086988337
ck_0cb9f54928f4feee,0.013960811066100386
ck_152671fbf8a9a78e,0.07360584856014098
ck_ee7a515e87d17d4e,0.012021556602283101
ck_f7276091bf513d22,0.002726249960442977
ck_4f05daf1cf0d5755,0.005637003806538224
ck_83a69c4a5d55ef19,0.02910344507062295
ck_c50fed2a7c9198c0,0.015521123081159074
ck_70d19d5650ddc8f5,0.007996774384291354
ck_4b4d99e443618904,0.017514673655226354
ck_dca0b6ca93311ca2,0.014724452814138686
ck_b7431d4706461ec6,0.005794346676513356
ck_7b59d22cadef3b05,0.23508517826202666
ck_53428573abcd606f,0.02676460126776295
ck_f538ab6aecf2adfd,0.0015238769546440196
ck_d321249fb065d2fa,0.04950954591245393
ck_72fdfc7e6d8e1436,0.003752167425288334
ck_b52b99dad89ecdfb,0.018851085748583025
ck_d2d4282f9d256b3e,0.0072786124381390436
ck_c8f2a1dd8a6141a4,0.0024183387633390178
ck_8d38747058d0aeea,0.36051207026419785
ck_3ac528caac74f563,0.009673309360761356
ck_8dbaaa00ad829ca9,0.028900737665113772
ck_7c38ec898f0fc21d,0.003653359160357688
ck_8171ef803f5ff604,0.017723838031041425
ck_01a750db6fc1168a,0.15238784676961986
ck_ceb017baa26e98c8,0.08369846688963786
ck_e2c66c72cc0b0f78,0.044579386543516286
ck_8d9518f64b222416,0.007965070112620612
ck_804c5a1fa5753617,0.009378785480074694
ck_fca7cc9c42695453,0.0045679012812709285
ck_3a632cdf2c19051b,0.01632782376965187
ck_b2b63ea65edf1dde,0.04655274709092834
ck_27b07021500ee841,0.01515958999481518
ck_9724718fe64c6557,0.9597515005897238
ck_2786cbc3e75ec034,0.14823254373002365
ck_d9c2622cb6df380b,0.011682101103005414
ck_ae1da8ee98e402a4,0.01780195864717404
ck_62967b91504149f9,0.005335905584785776
ck_6b255bf68709109a,0.008129222255869987
ck_c55afc68421d85e2,0.012531303038172223
ck_7c7266f6ef2a8466,0.021246819318782487
ck_885cf685a9541190,0.6664484074110593
ck_1a4bb7d3d2ee3227,0.010576833073314074
ck_b4911c42f3bff740,0.001480947187254813
ck_66f9f78d4c6a3edb,0.04060084575362188
ck_49bdba9ee1899dfe,0.014402586480774944
ck_79b235d51718435d,0.02538232818551217
ck_d840db8cfe2ef6f1,0.001998021178873063
ck_610c7bcc1cd7ecb0,0.015656747603932104
ck_cf49b6544aff6c50,0.528808817797394
ck_de05f97c3d40dd1b,0.08151610850455354
ck_0302f67d75973dce,0.023224770551923617
ck_54c2604c9ca6256b,0.012105185427411465
ck_a1c88c0568f142d0,0.09691050463551712
ck_5d72ff6cc2963d1a,0.0025074608715526265
ck_0446920a1004c596,0.0014118389018489288
ck_71044c29ef071570,0.016410881046460664
ck_2122e9bb1afffef7,0.01564469378035513
ck_d1e3de178601d3c2,0.02555093209265985
ck_bec8324a3587ef04,0.0030673124114497744
ck_b616b6f45225f319,0.10726155335666468
ck_ce1e695884511479,0.02135268201323838
ck_a662b4bf900781e4,0.0017750292692074285
ck_b5a84c5547378c10,0.00192321878962396
ck_f80af368cfc6cb7e,0.0201866647451868
ck_da3526ab6c5c884a,0.01120954566262125
ck_bd20be9a3392d79b,0.006463130973170345
ck_b8266dcd90cbfa62,0.006789769288432683
ck_ac84b33304362c06,0.019346722809638665
ck_794d8935a895e33f,0.02029063412487906
ck_8fea7d915259f1be,0.005174312909160737
ck_7a1519ad5ff45312,0.0011590268186480318
ck_9bf3ce30b65f75c7,0.05311004462063564
ck_5f864d72d1eead99,0.059757042385361586
ck_3c48e0cfc2a58041,0.5553778284003652
ck_d902183f80cc81fa,0.03172143094690511
ck_539cb0d117db8cd3,0.17645778620771685
ck_28f530aec8e77130,0.05236395870183358
ck_e7d903c50d353361,0.2524967073398471
ck_d288b77d1e227970,0.05609409914692861
ck_017208fcc01b5d40,0.008980133846241826
ck_7e3923d278a5106e,0.015518826904945417
ck_9700a00ff9e66216,0.043700439568031615
ck_5c36c78b7a4d138c,0.02936316986926813
ck_c457e9c9224b773d,0.038398542492674104
ck_1dfa91405d7e66bc,0.00320269429338224
ck_f1d8a2695a575e56,0.007610077921380833
ck_3b92a46daf8d00d2,0.02108105497192076
ck_aab23b5470469649,0.02489755498511683
ck_ecdd01a391610d99,0.008159673395863692
ck_abd3aa292f8edb4d,0.051003888905281104
ck_7fc9a0776e1339e3,0.002796111788467421
ck_c0389ebeb0e65cb8,0.003974213688371572
ck_48d0fc4f6a2109fa,0.973124008859224
ck_571dee4f3336c7ce,0.012359171964363511
ck_4cedf26628c84f26,0.04644955997552337
ck_63356762d24aab81,0.01952866424644239
ck_2c5bc11bb7ae5d2c,0.9666192700794922
ck_6d26a152f900fee8,0.004358166399919901
ck_c972b0e781efed3b,0.009864537006617734
ck_fa0ecbcf9a33d6ce,0.0032204235735135657
ck_fa3a766e49dc77ae,0.008187936762922945
ck_7baf1e55db0dc558,0.01814555578036269
ck_e8bc49e6494c1f37,0.002134616391940626
ck_8ef1d05cc1e53e7e,0.0401410624431898
ck_cef2a485a77e0723,0.005657248479183274
ck_228a583f23abff48,0.014675686248595717
ck_ac32c6e374782b27,0.087542858540895
ck_b9485218cef413f0,0.00585986325496894
ck_7f15503048915d6f,0.005173101333990027
ck_b62f5144db15ad34,0.02225939977319174
ck_917d82c552f95a23,0.019675027883605874
ck_fb4797045077bc6d,0.0025282335101617505
ck_2cf8a44e041217de,0.048373144670248724
ck_b7dd681eb3d2ee38,0.0015520816501801249
ck_e9e8cacd2fa35e79,0.0192343786886071
ck_342a79f91de5d1fa,0.018408229988013475
ck_2c91f62c05685ed7,0.003036257056042596
ck_e30cb64302939f38,0.05367750968668385
ck_d0e95b90ba86da10,0.009681720471924761
ck_1774faf414a5d49d,0.7323082996520178
ck_2401e8ff89e574fd,0.7891585718368416
ck_0cd8802264e0a1ef,0.025454279778693783
ck_da84a0dfe947fd3c,0.007235378963737574
ck_c8affb27ba7fb5db,0.060832225004067625
ck_bc7ece8787ca7200,0.007775865906521011
ck_469a0578d05990c2,0.007225529573974968
ck_eef67f8dea702338,0.03494216981543033
ck_4f490e379e9ded9a,0.006747282628892087
ck_354379de065a8ff8,0.004904520039329068
ck_5db1cb368bc41ac3,0.019142015751831793
ck_9b1c3742dd6fcb8b,0.016597541198167226
ck_63ce4f44c92d7143,0.029751851850517437
ck_e15e3390f5ed45f3,0.019407338787827345
ck_da645ea91d66aa6f,0.28791779228230185
ck_834ca727df855f07,0.05191372161246788
ck_e1d5ad20c737c745,0.03033100845109582
ck_ff8059ae5fa5f1ee,0.0009736039801495845
ck_8bb9e75393954a1f,0.003244018145642023
ck_4e1757d1347ab387,0.971668211516175
ck_af3f74b1d75a5d95,0.022521672783944367
ck_6b1ab0742ff04c3e,0.03024049767183158
ck_f56073911c9f1ab7,0.0034309045382988957
ck_51bd5f69b4fe0b92,0.5734808600585724
ck_fc3d95030b81f416,0.0010189599008216387
ck_cf78169633a1600f,0.0026373490810951685
ck_ad7269eaa65c67f9,0.01196854301476607
ck_cc6d33890d47a6cf,0.03380201696531232
ck_bc8f31f4a2ffa1ae,0.002634878716597577
ck_720776a46e56dfa8,0.016409580912067002
ck_e2d1f212f259539b,0.010438841079544183
ck_eaf6f7082c3db2bf,0.06371615679865336
ck_773efe58c6278c3c,0.022531616745027176
ck_c4a72c09f2fdacc4,0.008097135633668996
ck_8982888dd6611143,0.004513848736340134
ck_9d5049e195eda029,0.013144668118880863
ck_de58ef6f9fe2b546,0.016221685211893964
ck_c0b50c11e4f5adf7,0.03252332766858243
ck_ddaf228487858bb8,0.06001913535221419
ck_eb2323215ff70362,0.023050673091296034
ck_168c96a1a636ea15,0.015314235390403807
ck_9c46711b14d9eebc,0.0030601077948642467
ck_de8af660806b97b5,0.001617779442581048
ck_6ab83f45bf16eaa6,0.004284803524231608
ck_bf2228a052815840,0.009316448032616307
ck_3f943f20a9da9bff,0.024547720453365535
ck_3baae40454c00938,0.00903827675156206
ck_bc2e771a1d8d2dee,0.07897654816041817
ck_e55f5ca37f30ce8c,0.018609961839372365
ck_4ad5937bef176d89,0.005584987623688985
ck_126531a9126c17c4,0.0032517516391146733
ck_7ec423cb56257516,0.029615298160189464
ck_54748ae0f2daaf10,0.04483652928001067
ck_ff24776280ceeeed,0.014047874188679612
ck_3c3a1a1365741bba,0.0033532298751603688
ck_615277c8a4e2b18b,0.011952621138909858
ck_a96aaef34173aee6,0.07584237971114036
ck_bea56db7f3e930e8,0.00590457836835195
ck_ca491debd3b32a59,0.02133256851627089
ck_d9ea77f4114a389c,0.006033620878953598
ck_322ffda3332d08a2,0.06516443251996074
ck_c40ffefe4e30b001,0.07539054416850198
ck_3b1d7648d4580bef,0.006836011299947924
ck_23981a3261674131,0.01002561517204177
ck_11667f5b9fac7bc7,0.0015951607562750404
ck_646bb3c7be5f0817,0.019795608374684283
ck_ebd0a45712dcf07a,0.04315032890322603
ck_baf43bf1bd963f9f,0.057013389628662
ck_e0ca2c819658f6b6,0.9805825284229667
ck_f0d6633d0834fff5,0.057960477099290114
ck_91081be0254878a5,0.009517118449225821
ck_1325000bc7f35b5e,0.003238227277404927
ck_c624b9063400fa3a,0.060259510445354554
ck_0ad6fa0e23c3bd0a,0.14367023802513912
ck_6ddb55b1f23c6cb1,0.010600330294660058
ck_dce1fb3acd65562f,0.002372726863216397
ck_a9aa389688ee5aea,0.012823209094854633
ck_5c5284c45d9ad8bf,0.0803554697992654
ck_9ce743dd3e92549c,0.03724922099282709
ck_8342e08cc2f9bcb7,0.010133261727909225
ck_25e551a0a8d2fcc2,0.04600037329832641
ck_d4fd0e438c97e0c7,0.0954876798510256
ck_ac7fe1c344190c50,0.010076730076867598
ck_ddd65711b5651f89,0.0024479519607594276
ck_ec7406cb5cbc8f10,0.0030003280298737975
ck_1c65e8d5be3b9c60,0.3340847056273245
ck_38ee42f15a573e81,0.012869243599219253
ck_0e5385c70c6de025,0.006093243431670711
ck_d3137f0f7629040b,0.0061135162490650865
ck_9129c92c12e0c8b4,0.0024463794544820226
ck_c86520a00e50a926,0.035066885438672896
ck_87f82b2b5fee757a,0.0142944504676915
ck_643abfbd7548d0c9,0.033962727697522774
ck_be51f4e5e6b85768,0.061103547550923606
ck_132c16312f37810f,0.0043203699673034545
ck_c78c096ca8cb33ac,0.00100498265737641
ck_2ce5afbc014763b8,0.02331715109343791
ck_50ed8f4e7ae6710f,0.008289794919439132
ck_5a4eb535c9a11993,0.011114032147997171
ck_9b665ef46d785324,0.008236093097660276
ck_e066f71f8b296b7a,0.005444659434462733
ck_560bc6017870ab06,0.004157635446385481
ck_fd78f8a8663646d7,0.012207239130544965
ck_4af5ec61ddbde1a4,0.01589954545223282
ck_c2ed04a9d218410b,0.013632032861117131
ck_2455d43bbdd2bb69,0.008010423114041237
ck_56eed7041add49a1,0.15351846132688865
ck_5f0be7b468a72333,0.019122196187270214
ck_19660cec756632ca,0.013175767296217673
ck_fb90408f4892a21f,0.017811306470266207
ck_833a65b86a5d9bda,0.005316806003259876
ck_2ac36e1dff211d38,0.017494707631050547
ck_c00e70606904539a,0.004695950598514884
ck_ba8affe4b9505a95,0.3938411194891521
ck_0c3dd22587b08018,0.015014416204490642
ck_618c4e5cfae99dcd,0.10078398349900321
ck_c9690baddfc4177e,0.0014621170051238343
ck_59fae092fb0c4aa3,0.027621304584607046
ck_e03b7d0fa0b28f4b,0.006269040678258296
ck_d451d24c780b5884,0.009692990906197779
ck_e980d325b8dbb8dd,0.0014504977625945628
ck_cff18e2d8c520272,0.0020415892097159173
ck_a0e46b67e986ab56,0.013918587309041074
ck_3a469039a5b9d963,0.008498600953531513
ck_12cbb211ebd2b437,0.05582762248669815
ck_b8cdd6d6dccc4554,0.0028500115094392403
ck_794ba5921cef50c9,0.025593759876416815
ck_2c7667f64edec2b5,0.0053569028655774285
ck_7262b4e0c29c942d,0.013074729809341467
ck_5d818522cbfe2a54,0.0436838220267126
ck_de39c1947fb675ee,0.06891751078112618
ck_c021495606b4735e,0.007348185334917226
ck_1fc03ba33edd9e67,0.028271473509207223
ck_a6fe344bbf67f14b,0.009886313717719551
ck_963762210edc5694,0.03860629698778675
ck_d064428b7e7dc409,0.006630981298834387
ck_59be61b53d971611,0.006477385326404076
ck_ec8738ec663cd2eb,0.009913880513269557
ck_59d086fab5998646,0.013114759394342274
ck_bd32dd3b2cbb7888,0.9907085439596239
ck_ce0166addb93bbad,0.0029306146875760337
ck_7c0fdfbb447cdc04,0.0235750823480951
ck_cb1bd7635968ed8c,0.13539361414358403
ck_66f94903177f20eb,0.0068767018768544465
ck_1d7cd5dcbcdafd7b,0.22346903223008463
ck_5e418a7c04437b4a,0.025862809454319388
ck_631ea1ae91ab333e,0.01721901665825262
ck_0a8029e79a5ae7ce,0.025102430351959526
ck_c4cca8278bdad9b9,0.0010200802092373675
ck_4dec3df58077a257,0.02167627024496667
ck_609c249edd88c565,0.006679406266362105
ck_02e5f9cbbbf2f078,0.021902912642852823
ck_32e486859130458f,0.7997573986127546
ck_21ed2ea6386c5a07,0.0016580092220607407
ck_1242aa4496576a99,0.004447475054869039
ck_475ea9aa6d3898b7,0.07998428405928906
ck_fe1b1adae3be70a6,0.4928725831883473
ck_c5414d7a8031d4f5,0.0027410888031189438
ck_ca1f6f01868e978f,0.027995109039075716
ck_5eff0208c74ec714,0.017115819269293862
ck_a315c9619a317609,0.02063487212590294
ck_2b87683c90acb852,0.030464211670816095
ck_7cd9f39c50748ed0,0.018594836529867063
ck_16a06d58d71935bc,0.12845973593387103
ck_d116e0e7c19b878e,0.6481807175949592
ck_931510e384b1d0cb,0.009179475384536416
ck_e7651fb87bb24132,0.007619392698844032
ck_88ef9f85948e1a01,0.003132020153560462
ck_17bf38d51115a8f3,0.007090251316557757
ck_2659d1d3762a2825,0.012581954509387223
ck_a7285955e2852686,0.030990661528874572
ck_f2c33d5b65b321db,0.051247663804278865
ck_83e5979334345622,0.016269167099802452
ck_629537d8b4d0f395,0.009158854222808075
ck_72022008a92c9386,0.05419728779681011
ck_2973b8274f0bf69b,0.01747215171241532
ck_565e3418d2f4061c,0.016794438980182135
ck_54bb53b8f8ea32ae,0.9875577348161935
ck_af0a6540ea7a36b2,0.00918777160019148
ck_888651bfc2c8cf70,0.007321701743056871
ck_1dedcb48ac381a1c,0.1532718870430294
ck_f73273e220296be8,0.014084854840570841
ck_8424bf65223a5a9e,0.005135403712793574
ck_337b930fd149a696,0.008371077845142159
ck_8a4952de8a123ef8,0.014477262701257876
ck_884168153c9c0c81,0.004778729470684694
ck_fdda581aec411010,0.0019571571885832546
ck_2b7cadbc8b180d32,0.660781803082764
ck_8aa8b9968233a1ab,0.0035546709062905133
ck_0af18b3ce015d294,0.0029249111929807465
ck_8dde670a735d1e90,0.20544955782400476
ck_62f46226f244139f,0.08657830603120767
ck_f948e8a8fdd79b4e,0.01278717433125564
ck_fa00aa0f3e859904,0.021763231438541083
ck_fc7935f784a4f249,0.011698740488969149
ck_e7501307c0698e5b,0.035736413939707314
ck_549ed417f2834cee,0.04685702715531231
ck_fb2a35571ec719d4,0.08636980813302425
ck_25822068c86c856f,0.0018405290715612127
ck_8f35d229b62c8f23,0.02667714480150054
ck_bdcf049c1e7d0c95,0.005123131519531076
ck_0aa9db36eb16422a,0.0014850798605092021
ck_42dcf92e9e016922,0.07567749434271721
ck_42341cf31c08c981,0.010166167818330884
ck_0b20bfc515ba42a2,0.01276838884229613
ck_0ec820b670d48098,0.001752061850406347
ck_1f0bafec397da8e4,0.02058876660206975
ck_82f07504ab59ed33,0.04669839773278435
ck_337b24a474010abb,0.9851741510180294
ck_703703bda38fdcf8,0.030827356095746113
ck_01e7960c63dca3a4,0.9303117087840249
ck_be5bd81e3715cb8f,0.7748397037803536
ck_197f8058cea1fbea,0.0009703445260858095
ck_eb3fb1106f2f1b21,0.05016807882716309
ck_658b4b54be09a4bc,0.9739673632586094
ck_266ce7ccf41ccc50,0.018312887079865198
ck_110608c3b03d4038,0.6385074641638759
ck_1be8cb95d6d9bbf8,0.002638574494029809
ck_8e16a64a776afa82,0.2661112749686434
ck_34bd190d37eda534,0.07634855324587059
ck_4f521611ae14ae66,0.003435995432079568
ck_d839798f9520363e,0.05810519737139124
ck_d1bbfd246c0ac9d5,0.025282261377881875
ck_f19030e6e85a6776,0.06402947899412707
ck_cdabe60ab59f9d5a,0.015169331180609032
ck_bb84b2b30293f566,0.41786498089693946
ck_427b91925952cb40,0.03080474802376397
ck_1078b1e155b5b640,0.014270330651473031
ck_95fdc264eac72fa0,0.004056181583115313
ck_e35eb857c61548b2,0.46585328290668965
ck_69bd0b1abea7e1f0,0.1868054907681917
ck_59de511b20c842ba,0.03227869870296213
ck_168e7ea341a36b80,0.005173717174255586
ck_4937cfa6526ea138,0.02118605283432448
ck_bb1a981306b750ac,0.1060101837962039
ck_f42a43e4c3f34ccd,0.004294830692604357
ck_c7ae1d4b3ab38185,0.005875510337685777
ck_bd23cf9bba1dd33f,0.0382182922301464
ck_0fd826fad7ec7cd6,0.04431700925237483
ck_f143641bf3dd0414,0.09813534690427633
ck_ad6d48c20a3688a7,0.004680931520238785
ck_7bda5b5b927b2905,0.10026877145257357
ck_a337eb38eefdcc88,0.0658216904036207
ck_403da2a2d800df9f,0.25277976443854633
ck_aa01d5aafde73d0a,0.0029465883547718638
ck_494954023f0eb309,0.06019807571680975
ck_1c6820fc38135ad9,0.026686163127778557
ck_0e0bab173622db9b,0.09302433363641682
ck_547090bf35a3b243,0.010431084065198635
ck_d69455220b21dc9b,0.004194467122305192
ck_90b4ac695b9c6bf7,0.0097748242041819
ck_8d2afe17c0082e6a,0.025258930475951236
ck_926b81c0ba528eee,0.014251695576129684
ck_ce36b0c287bd198e,0.04197062243126344
ck_8026e017909aaa6c,0.007601411185339824
ck_dfba788f35d4c372,0.003522297322233083
ck_f09f9d0e0886e0c6,0.00601911637328938
ck_4ffe0366df388604,0.01884506408126335
ck_75bb521de55644c7,0.00649134995604689
ck_81a960fddf79ecf1,0.9000836034170747
ck_8f43459991ea511f,0.01001964714622429
ck_f878b68d66fbfd4b,0.0021853673749387377
ck_e84abfc0c747c9dd,0.8900575157470719
ck_3ad3fd3cceb56b66,0.9645771007727744
ck_7cf562578c7f158a,0.005266674354028247
ck_f81a97d350397306,0.023376496093760586
ck_255d87b7fb40caa5,0.01726263453698381
ck_b3905153b9eee924,0.01615183221440988
ck_2c80a592fb4cd6a3,0.003124764390145648
ck_57deb202d4188a29,0.015204101027468563
ck_e3cb5f31d8e94448,0.8847236472634412
ck_0db62d5f7f75f80f,0.030313207484688996
ck_ced9163ea85589ea,0.054569867907103324
ck_e16528edc694fb33,0.9204315620729928
ck_78cc5ec4940fec3b,0.0041362274256956195
ck_31742076e9a998f8,0.03569646674645847
ck_5ac335f02280271e,0.0417534039870954
ck_7cc2e091806cfa5b,0.029827795303131364
ck_3152c7115257f084,0.010786604764830673
ck_ab1b9d019921bca7,0.008877228464154695
ck_c33a762d98f9b290,0.002626013744398263
ck_b16a7c51b6f7a6b1,0.18131561806805335
ck_97402a153348e68f,0.013315414966416347
ck_95391029a21caa24,0.03346283071558713
ck_c2015a1200971fe9,0.024052478431059877
ck_ed4427962c68918c,0.9271896591250766
ck_c5e4a17d3efb19a4,0.3308545707476941
ck_8aec3d3dd51517c2,0.004547181278839608
ck_f5178a658225d8e4,0.004584000641361972
ck_8594f165e95316d2,0.003859110934977277
ck_f0c4aac04076a6dc,0.016254173504372967
ck_ac2f7397801036ef,0.03155014727922071
ck_d1ea4bcc407c7d5e,0.005302560565608435
ck_cce8b6657a538fe0,0.020064025572636708
ck_66d0c6d6b67a8d58,0.0037675275135662448
ck_1a6b30320835e57e,0.014904287517738457
ck_8cd274cc85aa35d1,0.0287555525269073
ck_ada46085a78280e4,0.01238007002085616
ck_ce1b06623e4a815e,0.005061378889871085
ck_45e70c8a9686580c,0.05321640124964627
ck_0084d8ab6b1044f3,0.00452346844329759
ck_a5f7b6fed6df2aba,0.03701640524486633
ck_94940d783e7988e6,0.006880937111479647
ck_00f9ca84d1d8ae7a,0.004948056365168221
ck_0deb56f3f6452818,0.0028383261290454917
ck_a58e900469dfc3f0,0.009977434238504484
ck_028c41b195280980,0.011830163187568226
ck_7661d7ceaeb19f97,0.03389058182068923
ck_6957905a65c47879,0.045477068279023744
ck_f7c6c26ef3c4ae06,0.013763015992592446
ck_8777beb11aabd66d,0.01406160342946608
ck_7db098a17374bbf8,0.9157870053925272
ck_66aeb00e44486cda,0.22356215528848022
ck_838c52cc1d315ec3,0.020119518899027293
ck_1745847cd4e5dc83,0.03161686482179033
ck_201687857ec8b3cc,0.027607009630393867
ck_81818169208a8cda,0.04311530825301485
ck_3303fd3f64632c7c,0.09934014436337002
ck_edf1096809e83ef8,0.0027224770607614853
ck_235ce9603c7dccbf,0.09161156309655535
ck_9df7e153868bca13,0.004837902655758605
ck_3cfeade2cf270fee,0.01426788879169854
ck_982b0bf2e2b6c4f7,0.0034818719136203388
ck_faeb0da678bb86c0,0.005837107011136212
ck_e86ad2fe815b6ed9,0.011140016381595006
ck_70d69e5d1bb99e85,0.014081529828272588
ck_7e9a8924eab779e6,0.9341206750819933
ck_019d5891103e7da3,0.007545039896972537
ck_14f0484b3817eda5,0.008753321340088367
ck_85de63d278f0fbae,0.0016010516903374695
ck_ae91b4cff57fb3bf,0.017942553195833356
ck_2a6d43b9f883b78e,0.6801675340450566
ck_7a4e3d553e8ab5b7,0.176228227123154
ck_fdf89dc69f700f84,0.14953142210561915
ck_f92e04024bf13558,0.0012967933794856145
ck_4a522ca2dc4831a0,0.001413773599465791
ck_68ba25dc3385fea1,0.04898854080626193
ck_22128a4f0d033422,0.015599003461471127
ck_5b52ee0a13c71590,0.006935765575281914
ck_59472d17debedafc,0.021293534425715258
ck_9dde2c63acda3ba3,0.007795942198908029
ck_7510b1023cd08531,0.009811456485448507
ck_071ddaaf2e4e3671,0.011343791584747354
ck_1355db6f4010232a,0.008640618762131095
ck_0a7adc2f27f98510,0.047025734894124135
ck_68250033717cd59e,0.005841132563262885
ck_7c12de74de30b788,0.2110221368263399
ck_65491367584c730c,0.01958226115312764
ck_e9047964952bee70,0.032026385466237206
ck_5567779d6ba184eb,0.015592755697396252
ck_d6ea026357ec6477,0.016766999946625456
ck_cd7dcc884e283746,0.062495418404925514
ck_0bd77fea8ed75a15,0.021973892831023606
ck_e80883208e8d0453,0.012064733775951696
ck_2ad0ecbacd5acf8e,0.9012660100361007
ck_6c1dbee7e8fdd5c8,0.009344267795726124
ck_ee4d9a7449515908,0.002592204976147105
ck_636111f7f030496c,0.0036600304674958813
ck_2c629c657f73941f,0.012853624148112947
ck_c1c9d3842d758420,0.11156529671336951
ck_e4df7faacdfe8c40,0.030384551325164953
ck_94e8142728e44380,0.03575651964733824
ck_765aaf42c5088545,0.006328450969443985
ck_e0f845159b6e6a4a,0.015517795577467138
ck_5bc07deb82edbad7,0.0039370267456181815
ck_713159c5c6a7a4d0,0.9852940059321993
ck_b08afc91d9ca55db,0.018396718536749804
ck_a7bc323ffed2ea97,0.3510104372045557
ck_85ca825f905a34a1,0.02338181352972362
ck_33160c443d4b3f19,0.01931010209928338
ck_832d39c590a3ca75,0.9308929571787206
ck_7d1661a34164406e,0.9327499070247924
ck_c2466fc40fc9d5ed,0.9839472137865264
ck_ed0e776c0926ce67,0.03034933098308704
ck_cdd2ebeec75bfa69,0.09590196051265351
ck_d7877684c7923ec3,0.006656110118167776
ck_7384d4d2406aabf4,0.013572237201500508
ck_b8e5244e650aa81b,0.02719378654266561
ck_25a1ea40b2d59254,0.0033817049925385844
ck_b9e5b318ee4de68d,0.005395426777320294
ck_620d7ae27af83cea,0.010969289029436235
ck_40b4e264d1a12b83,0.6652485199949616
ck_b694c803b62862b3,0.008530133674355568
ck_cbeca201dbade3e5,0.04581592245516085
ck_f9b439c9161c3e52,0.0037638726252387862
ck_9880410fcd10a28e,0.002366828742996479
ck_74928f5f91aa12b2,0.04500820529239428
ck_b6673bbe61d2680d,0.014722705979769532
ck_53c8315b5c30acb4,0.008877124028471316
ck_78f01d78ea79642f,0.021316241566163824
ck_8582490d6e365a63,0.017892281179011038
ck_af25c72d16299258,0.006133413579617181
ck_7905fe8e257b0449,0.09344106613624867
ck_0d16d9349e4a9e08,0.011212436598089254
ck_31b16b8848584e98,0.02130764223068824
ck_67207e3eecc02d76,0.01981471012425208
ck_e6b95ff91116a592,0.007128733858587908
ck_c08f622bcd6de6e7,0.019475121048988586
ck_f9a68da9e0f0bc85,0.003336833747269915
ck_4072b59388976896,0.012616969861047767
ck_8ec86e853ad52828,0.08535507422767699
ck_4fecb87eaffd5cb5,0.005538514198308591
ck_d6880578428b965e,0.2162383800916622
ck_bfc82b3c1c9f2897,0.9238465755758126
ck_c340644176ca03e7,0.047215838369596835
ck_321e740066fb05c3,0.48650346602598016
ck_8929d2eb09872052,0.08608795626134114
ck_205c107cec528414,0.4940161909709597
ck_e76db7d2562f9836,0.023903127392354586
ck_9ede51c8434cff6e,0.0212748430770213
ck_492e4b89c61b7b6c,0.010931847297913926
ck_9385f5a1eeebefcd,0.025282364204422883
ck_ee52c7bf88f952ab,0.015994804951190378
ck_d8116c34302021d7,0.001568128404632363
ck_01645ea51972e99a,0.034694424297816814
ck_7b45ed23304a854b,0.02825711996396553
ck_2096d32f3d497ea1,0.21134719330269197
ck_dfbb2056f1ef7d3b,0.0099950324484262
ck_938ce30c864bc7df,0.0020767626913229475
ck_ff30dda2c881a4bd,0.3579178020756044
ck_f88c79186a082beb,0.01690673451727854
ck_08c7bb0f9851cb76,0.09485515467282717
ck_2675e7a008e584a7,0.16230809247567995
ck_cbaf8a954281d4e3,0.90931283817579
ck_8b24eadf6c72b30c,0.5661060642123481
ck_ffc8e3c1377d0706,0.004775007806222678
ck_5b59e859bed5b40e,0.018448798929544444
ck_7b61717f172f9317,0.8910973684758581
ck_e5c30947b732f661,0.06986309413941864
ck_bc273f3ce79f7e1a,0.006407137623897394
ck_f69e93388b3028cb,0.2018139138574257
ck_3837ad850996ba60,0.015688158555874753
ck_36d78ff3bc033ee5,0.006709783008127055
ck_5e20953547ba4135,0.22545777471975847
ck_258d661e450ac870,0.010517513805572247
ck_1df66f537496ca59,0.049686869740779606
ck_361f535599110201,0.007241448919541329
ck_337e98c69f6e7886,0.007841740268273643
ck_d3d5b2717cfc3913,0.027363755603337456
ck_b1dba768dbe7affe,0.02124957894524345
ck_92d782bd9ce0d1e3,0.017959535943765894
ck_26bd0f8898afc8ba,0.004538268703854411
ck_7916e53daab36745,0.1181262364964612
ck_2caf553b31831a50,0.009953994899352083
ck_c6200734c7f9b2f9,0.9467809729039598
ck_cdc55623cb16e6a9,0.009071038390927946
ck_57849e15b61c43b4,0.002932473287731262
ck_b7af9b2ee0eebbc6,0.04004532955893098
ck_00aa5fc3b3bc66aa,0.11290378315794963
ck_9929723f65636c7f,0.9690339956482825
ck_8f6cce9f69912983,0.017688293944567446
ck_c422ba389ff00781,0.0021152340012151345
ck_9ec7f334604a228f,0.02744529764069919
ck_5d01200ba3341462,0.009840957515471956
ck_2bf10be403849c9a,0.010262539235871778
ck_6ca018259f70858f,0.007202398981041461
ck_a54dc042ebb7c766,0.2680734728822193
ck_79da63fc100830b5,0.04838007502524885
ck_67ab6f9e05c85085,0.01932881841160478
ck_fa80da579ea9afc0,0.013767820035735942
ck_4339f86c87289222,0.5705275832817148
ck_a2299b4f530be0d6,0.3835993886219793
ck_19db0bf788697c2b,0.01129115926273347
ck_fa4211c4d826d830,0.0010204471324626885
ck_96100d5e8e051e91,0.007168956346931726
ck_5c3a671883d58b3f,0.0007706151648505358
ck_2d9524787cfe1ab3,0.28297588517638644
ck_47ab8e51e5b3a2d8,0.0022430262250050783
ck_c924f36bc1bbbaa3,0.01131255824908831
ck_5c58e7f8fd55e26c,0.00271890512742115
ck_a07e7409d6d5aa06,0.01637182662005801
ck_c8413898f5f7cb7d,0.053021061512211094
ck_577c816b41cab002,0.6717134541720833
ck_9f7807ed64cdb728,0.036056558157212246
ck_495d814d6d6d521e,0.0035451359840125924
ck_7aa8bc018c2b003b,0.0037252442583685917
ck_7c3a6a82f3c3241d,0.008186736372157867
ck_487f7fbc290e4ae2,0.007558502261816125
ck_e556c4d36aadbe03,0.002654881367645412
ck_7e6569a1b2455cb0,0.0013821004429749161
ck_de2924955926d046,0.025444762759407914
ck_73d60b4630e3937a,0.0053157167426893
ck_805ee564bd35ef15,0.017396237897448166
ck_0d40961e47797027,0.007126750357261691
ck_f06d00a4f9c87d80,0.0037579856847394866
ck_5ef50fb07b6737d5,0.016098410771747892
ck_16541fc15683e21c,0.010068873226594164
ck_09fd43f1b7e2eca2,0.0024849907656643087
ck_2a2c336a69b8d68d,0.032170162392397485
ck_2685f38930866af0,0.03698174326902606
ck_298278a9da874437,0.00960033293962228
ck_00bd7803f2530c68,0.016817339613345455
ck_c2b4a1d8c0b6c1cd,0.0019080237639715314
ck_2acb54ca20c3af6c,0.034360897617297735
ck_e3d4b6f681c783ab,0.053208806634053585
ck_f90293f1eba5d7b6,0.07448581439444499
ck_e69d27e8965df0be,0.002097404277811679
ck_b7f5d10b427346ad,0.00440623698445209
ck_1ce20e4223a936b1,0.014970544677640581
ck_6b97d1ab90f6bdeb,0.020585070107305793
ck_e30e17db5473c7b2,0.0023150037417089377
ck_154c8efb19dee665,0.01221173138198819
ck_6f5bb0c930644cae,0.9867432743675388
ck_9e17699baa83d173,0.001744008858790905
ck_9693b1eb70880205,0.008089784288773588
ck_1e97899875bb427b,0.01095626021768423
ck_558a82590f65df69,0.002185960460948746
ck_18df83242ff3cdbb,0.058854264222833595
ck_80ad4396e1084c68,0.059033124573750005
ck_0a993bc947bab61f,0.028997436389145023
ck_5c2d43ff841632f9,0.00873759262282125
ck_6e4b99fb9725d9fa,0.011521795944815765
ck_e0983999ca26c19e,0.08233256163505817
ck_6573c4947cc8607e,0.050495828958996
ck_d879d645d6e44207,0.018279999101936117
ck_1375ad9f10688e4a,0.004415121404633334
ck_7501ebbf4e21f160,0.019432554302479053
ck_ca60d61cd4dc3bea,0.0022502226647907503
ck_ab9ea095a5c58b4b,0.01863863730189102
ck_23756522b58df5d8,0.002258088246421628
ck_90bc176c43d85fd5,0.19713553642486314
ck_908b663b2dda94ad,0.0442672255012838
ck_4df2fb8e4b649e27,0.01850960273422257
ck_5615c6bbdef05291,0.14704531606007107
ck_b62f3e3185251f71,0.0017402128579907818
ck_38d1a22850178f33,0.004678979766043038
ck_5b3ba20c8bb1383b,0.013599522755863673
ck_5576ffc6aaf6f22c,0.0011748331724537819
ck_cf7a022178165e56,0.003610155152229475
ck_f2c7a4c50e2ede96,0.0161850769977815
ck_285719c77eadf915,0.002030039606668012
ck_f2aa1b677619ab19,0.00815696627565619
ck_3830c58d841e9e69,0.7295393269266501
ck_32eba3510c8eac5e,0.005796683350601838
ck_8955d7b9030d5eb5,0.0044039588049938055
ck_6775e387dace7525,0.05746001500640041
ck_0a0cd7f4be606a93,0.050469068446171356
ck_a9f700eee5d638df,0.006744487916080758
ck_3d7db96995745472,0.020691895487903532
ck_aeed557007d52e9c,0.000979383902310258
ck_79b6a86830156b5a,0.020129746320044106
ck_6a1ff9d69466181c,0.9934355269469781
ck_f11b1565f986f5e3,0.013767813810700687
ck_4819327a78615485,0.0017608982980986995
ck_3ed9e081959b2f5c,0.013138712563880215
ck_16af4be191c47d3d,0.002452102718781079
ck_25122cc0e8b1a662,0.07101615712002768
ck_509c22828d467ba3,0.03270073796763773
ck_31109c899336348d,0.10564703384927022
ck_c51131e53baa59c7,0.004870873522146839
ck_cf8ecabbc61d3e11,0.009388446816163482
ck_eb6baff0f85ba936,0.02568459354305138
ck_777669e2243204f2,0.8720588844344765
ck_ac0ea27e692acdc9,0.026492386874283257
ck_4c6ea04ce8ca9e2c,0.013405789065157304
ck_ca54b32fca7e94cd,0.009853665791706871
ck_4dfd8947f540eb24,0.008076928182842794
ck_95aff1fe27fb24bb,0.02210767202723035
ck_c7550723b90e5615,0.004659644648219673
ck_57b3fee69bdf85e8,0.0033339505841111705
ck_f823407ace7ff064,0.030057558858019993
ck_a69084a068bcc8aa,0.02919761896925121
ck_c7b17f7b24bef5d7,0.01963186052714553
ck_7c4e588f927c27c8,0.0200614989019905
ck_77fdac602d0c6f95,0.0716958019200861
ck_e963d8525018d072,0.012105978159912366
ck_6e8ebaea8f7bffaf,0.0012583807267951257
ck_aa42976a31cb7770,0.005364707992931224
ck_22c862a496008c96,0.9907593305024358
ck_527550dd15f38782,0.07173563107464177
ck_b3ab3c210e2c7c19,0.026235201454436904
ck_ed9c56fdb9f45ddc,0.4018270356063982
ck_b53281da70defcfa,0.013756330590823792
ck_03009b721568ee98,0.01822916436199125
ck_3d9afd862b3f4053,0.5037342829803495
ck_ad3c4be96599554a,0.012012437416114193
ck_d1c787c27d50af49,0.034458046038038745
ck_c7a9c7b2eef46a99,0.005382653963056828
ck_53036d3c6c74446c,0.47472465242350637
ck_1b1efbd9c0964c8d,0.015172338304643936
ck_d66f42a269d5c1ed,0.023791735281033847
ck_fefc49a2b8ad993e,0.02598222118826004
ck_8b3b874249adece9,0.02338192615459749
ck_193d9c87ad3f1dad,0.0010994565684591734
ck_0c6a50d747593b7b,0.017515487824592068
ck_c830f3830875b47a,0.02965514816414313
ck_79e202f06d8dfe42,0.032054332654249694
ck_5c0fe988b8aa7fcb,0.12573473215706282
ck_a8382d8345f21e1e,0.006288700770727336
ck_8cb20053914692d0,0.07447745117654311
ck_1da2f69023ca4c13,0.0019430000648769127
ck_38abb60995114f8f,0.06355498288016391
ck_f5791fd8fd8fd191,0.029068888138564612
ck_a4e6fc391b674335,0.8091995264551917
ck_bd771efb4a7e15d0,0.006057242669228603
ck_38ba4a6b6a292054,0.05004562670074912
ck_f7a07283345a0dce,0.016719264204592847
ck_87dc484baaf5a23a,0.0012100827285312188
ck_c84ef83489badbfd,0.031686384611307294
ck_a397cd64ec5d644b,0.005516366402727964
ck_7977135c2ff61e92,0.011740940751036917
ck_52174855b243a8b0,0.04821324702496281
ck_0f35e930d0614613,0.9830036280655315
ck_b170a7db522a0d6f,0.010210964047330871
ck_7af748a23775bd54,0.123617014505676
ck_52f641c9ee6fda70,0.006854604705993519
ck_c3719a30414bbb4d,0.01341935589109956
ck_2baf214ad6bc0dbf,0.047206456155482614
ck_8b39d8aacfdd72b4,0.014393218676202286
ck_d39b0152116203be,0.013038200218749988
ck_ed33f8a937f9c7c8,0.011620701633344017
ck_8ef97b55a5fd6ec9,0.0024388019036891053
ck_8247f008a14bd1a2,0.0037541459292278687
ck_f0d349d68249d5db,0.0017533744123928217
ck_a544e766540861fc,0.014212407643018564
ck_9dfaca4c7c80b10d,0.0759791959373634
ck_7e5401c362b2216a,0.0015361314519168824
ck_64ff60c073fdb6db,0.020631249931936803
ck_fc5ea49518e5d637,0.0023476133070963806
ck_580f136ced341298,0.0028558433066188807
ck_9cbef9bc95449dca,0.006160456428246266
ck_e475a3b8ba870a7e,0.006534767904957705
ck_97e94708bcf43563,0.013684848993535795
ck_13f03ec785cbdae1,0.0024028923110039806
ck_152820d8817f478c,0.011490547833654611
ck_d20d4ba60eec9945,0.015985604555630854
ck_5c45968a805132e0,0.02912600565314134
ck_bebea2cf3063fb24,0.015771559553817083
ck_c3c69aefe7ea1d2f,0.019855982967656317
ck_02028b72f26fe855,0.011089800100225415
ck_dfadff70a58a9133,0.0023741611865159525
ck_6482ed4491bedcaf,0.007899381178062392
ck_754cd7b4a5ae3f94,0.03447387396561688
ck_3132857aec8485bc,0.0013539058667504772
ck_7ce4ca91b8f9f1c1,0.011129421896106882
ck_41938582f4351772,0.025310653143786346
ck_f87d66946252476c,0.17125647025871726
ck_8053f1879a9b4e43,0.00480970905743514
ck_93892e91387f5103,0.018832189738092836
ck_15254db133b28371,0.013799915119272706
ck_d557b9feb241b3ec,0.0013020119959895747
ck_71c3a8e4c12c989f,0.008527557510021832
ck_80e3041811033443,0.02472938248218899
ck_3380d60067b4634b,0.0021731586904792577
ck_a9c2cdc758df8510,0.05842918944376599
ck_3c0031d7514da17b,0.030564834480361555
ck_18d214b1418be39d,0.005024646396572167
ck_7ce768407fd48321,0.024365436027515543
ck_7a50abd42298133b,0.009578185191836938
ck_2db10f987d137582,0.04876842238549422
ck_e077d004cd1d80ae,0.008841041061996017
ck_1cb6dc67f9a321b5,0.11410505707367768
ck_b864f64101149c35,0.1737645237726389
ck_9bedf54df9418e4a,0.006749457619131169
ck_c47e32c47f0e6578,0.2422476629641528
ck_71f382d5e338daa3,0.009137731770238043
ck_14b4bf7be6ac2b61,0.06849276742125321
ck_5c87eea1cc07cc92,0.05752322280618227
ck_5f445182829ef342,0.05832767459071653
ck_a5d7311291caaa54,0.00575362111116799
ck_b7df99aecef385e6,0.08677724575693652
ck_3327a0582407068b,0.02399583502077295
ck_08dba09fd7dab896,0.03423100063813195
ck_f4ec334be5266378,0.003113532647268217
ck_240f7f894c5a86e7,0.002683292628048603
ck_a9d994554fc14a02,0.0006465984830991596
ck_13648cbd306eee6d,0.012519142196847355
ck_601edf9105b3c321,0.9705753582099961
ck_9527adac182abe57,0.44234685551258734
ck_4e0e80f5cc271bf7,0.0027960132362766
ck_96a89e720176b389,0.15394847047852867
ck_63560eec94b76d2f,0.030003701796606747
ck_c9c99e5b19aeced8,0.0016268868382438302
ck_bc32655ee5ed643e,0.018839141414344514
ck_edccb5a93b741744,0.010471640038184557
ck_f786cbc987b70930,0.0034873004256928738
ck_0e8f26536ccc8947,0.02012195870684133
ck_b87ef4b98cfcec4c,0.046447275619862616
ck_1a9235812de4b2c1,0.016423654720713905
ck_d1ed88ea4211ba4d,0.005824220710923625
ck_a4ddac49657a4450,0.008974352500442893
ck_d9ffca35188e49d8,0.018836194448019462
ck_3db73bbe03c3d240,0.00247439834547291
ck_fffa0622344a36ab,0.0014197609269953123
ck_148c28df51bba5e9,0.912987166721708
ck_076cbc25c8f15fc3,0.9518864191682008
ck_e5ca550b39ed45bf,0.363196777048177
ck_8dacf3a2061ca17d,0.02298191734578168
ck_2d7394afd61643d0,0.003836616330943765
ck_e42206e91f6a1752,0.003246954186650113
ck_2f4f94827984c426,0.002223797945831685
ck_edfe8e90e8f4366e,0.00427209115692822
ck_646b15f753e5e9c6,0.050329345125730014
ck_66600620149c8799,0.0029608414587254063
ck_4ff6fc70bccfba96,0.6297294558247697
ck_41af3729590c2484,0.010617416504490504
ck_920a48ba8c583e96,0.006966785794203192
ck_0253b3e7be021306,0.0027598954200564914
ck_2ae6949246ea2648,0.01114826490316825
ck_db23a5100f338d72,0.008858373028289793
ck_fcb2a559474c3493,0.0234689037377826
ck_0a4d7acd2a53cbbd,0.010443097952827836
ck_c5d62b2b7a6f3bac,0.9315623435023864
ck_cf59f4fc0ea690b2,0.010122471414223688
ck_837be8126bb19250,0.00338238549984289
ck_58955542edee1adc,0.012323217333029575
ck_1b93381d8eea58d1,0.009235095339230285
ck_97b8e05d62abdc14,0.023854382118648633
ck_71a0d645744302a3,0.01099396466264468
ck_a7b57882ab66b111,0.003564417117165218
ck_65f76421be648549,0.01368628240162885
ck_b53ea8713d32ca7c,0.02098279938310664
ck_991c4c924a1d85ff,0.49758305647045853
ck_8432ccec1a4ec7fd,0.9757323695732996
ck_64c1633297f43788,0.0058505829897408336
ck_4291fd9c1161d8e1,0.022452380811723918
ck_5e98ed6391d9f429,0.04297606163854028
ck_c7baebe4549fdbb4,0.05279733614385706
ck_6e67225ba59fa5ae,0.03848973928815539
ck_719602def4d35fe0,0.02297436569326637
ck_bdee7c86f5ebe81f,0.036864619466145124
ck_8de38f8c7f91961f,0.044734895330654306
ck_b0b5bf9254700402,0.01623994738183481
ck_7b55d9bb1a250d4f,0.03645749995488515
ck_3954b7b0fd1d6614,0.0022851549125425955
ck_f29471fe7c818d6a,0.007892985193948356
ck_9e65a8a2f587691a,0.012720033012881087
ck_eaec5f1a83b66eb0,0.1669991957907332
ck_004fe0daecbe2c1a,0.01955151196469227
ck_d17653a4a2d4a79e,0.02451610660052046
ck_0dd417fcbf19e424,0.023995620638532084
ck_4c99a6eadea143e2,0.10226956346632671
ck_74d602c907ee9119,0.002650353193565183
ck_1aa87cb62acc0ac6,0.013524997117727127
ck_094974d75e29fb2f,0.05339306755093061
ck_5ef935ac3d4d3332,0.01893381638604516
ck_b26e4ae47c9107ed,0.2174070895672796
ck_396cea6f95186ad2,0.015594142001537218
ck_48446a9e8184c7d4,0.0042394114174223105
ck_31e1ede23247d56b,0.14651849120957117
ck_7afefa349b960a3e,0.019563975636284966
ck_f5e02a3432571b20,0.05677411847976818
ck_64eefec062592c43,0.006834380184934924
ck_a1201284122c141f,0.026074748941864206
ck_1b34c420a4c85a95,0.011892706045162918
ck_d637a011332ba67a,0.009534068969223009
ck_99c0004d8b7079f8,0.008419687922178256
ck_948517bad569b40f,0.08305578653235143
ck_a28d6b1601b472a6,0.01763779568292774
ck_a0b4209feb31f5c0,0.9908060355425294
ck_d6d2c1f6dfc455b6,0.36371437834523956
ck_3f9e6d356d3dd3cf,0.0022245978676110195
ck_d08e00c842b75176,0.01917373734199307
ck_bfdd232a7c5f2660,0.023920716253704184
ck_2cdad03ed069438c,0.028788561428203022
ck_42317c3eabd0a285,0.7476361402703328
ck_3eb73e56751c704d,0.02051947893312492
ck_ef33c04f4c9e3758,0.03521091020503673
ck_1dc23dc870f1773d,0.026242666977669853
ck_76091f357974a152,0.008527367143326563
ck_4d9eb75e8eee90fd,0.07339299488438525
ck_578f67e69e5d2cfd,0.0032724734860220756
ck_3a8ce1cc724229b8,0.0013456391063621214
ck_a96887f841e80fc1,0.037584423825863585
ck_d2d4a8f4a9f2c33f,0.008836198373855502
ck_11f85bc705dbe036,0.032122360984979545
ck_7429b3f87528e335,0.008148236005063668
ck_26df74feac7ec51d,0.020194584438994766
ck_c78b2638fadd91ab,0.031769188733396334
ck_7eaad325abe3b50c,0.0015525824980404527
ck_fd44e34af620e606,0.04860030497323286
ck_f99738dff854e25f,0.003634038079299028
ck_1ffbce3a239bb264,0.0072310801489567905
ck_96c7d52ba0a766ef,0.0414710456184018
ck_cb1c00c300af3f9e,0.029868539125795172
ck_ec3d12848ced99f2,0.01624059844436042
ck_26cfd7c3c6c7bf69,0.02402893784471822
ck_7ae86b5a885affc3,0.09063007634238321
ck_3edaa94d28cd48ea,0.008167189586143563
ck_3209c530c9812e39,0.005361057211860865
ck_ea62ebfc1f04b49a,0.006245470911918126
ck_5fc90b4668ea81bf,0.02052691030261882
ck_95654593cdebd141,0.002390018511789517
ck_958c0bd61820147f,0.04095805459125816
ck_8440ef1386c07194,0.00565644817760382
ck_8cd1b68dd74b1375,0.16632478412984905
ck_c9eb4df91ff07f2c,0.03837163908971922
ck_c29489366c01fe65,0.850502818863143
ck_c965fd6bec0f0ecd,0.030905346235053754
ck_84c402b23766e1f2,0.014975552937875856
ck_181f3dae03b87136,0.053437424423266065
ck_022a8ae79eb28cf6,0.946852643153942
ck_469c17407d17b706,0.02718380999875715
ck_1fcc5843f39148a9,0.004962208354779153
ck_5debd55f361b2ddf,0.004515270695565961
ck_28cb9b03e89263f1,0.0022492461455192085
ck_f067470743d3c7a2,0.058947304322744185
ck_d5d225ce41a1a762,0.03275092312776444
ck_15b4840922195ffd,0.018567717540555626
ck_6bcfa37c717f19f1,0.021536032020422126
ck_8d501a0386c66be8,0.18613763888507318
ck_1a9d6190c57ea7e2,0.32575155745129303
ck_c49832eabdac5bb7,0.0013730785980784433
ck_b4331140b2e0d4aa,0.015148119850752028
ck_5efbea1befdefe1b,0.4052046613248565
ck_72ff52c4824072ce,0.011744874682280887
ck_ec3715add8bbb6e9,0.003110907467086491
ck_9822f8ed05335741,0.013974809520142469
ck_c3d7d3d12a1981a3,0.004868905058503626
ck_a115a7919ac5875a,0.05173939247294079
ck_4dd4ed23e0b927b7,0.28409270174018875
ck_4c76efcc1ee6762d,0.027446613297583966
ck_3ad6e7bf452c9b21,0.016192576173092003
ck_dcbab304b55a42c7,0.007153701152891924
ck_24b53090faf722cf,0.008453800031282932
ck_187317383400491d,0.004906216505051813
ck_e07fd57565c94c28,0.16690298353232558
ck_740e760fdcd27835,0.00298195767707242
ck_d3796aebda1cfed5,0.7948159946405671
ck_e541967c681cb929,0.049551034223854755
ck_431118050b834dcb,0.0012632850337760603
ck_90f3655f0c8a0074,0.00347471680213745
ck_13cd943777651aac,0.01910791169493816
ck_66accecabf3901c0,0.024918946422400515
ck_937f0da2306b2eb9,0.013417474063249136
ck_105b0c93573fd5b7,0.8304596882958302
ck_00480407160e0743,0.004330604191700001
ck_e032068be7b77d15,0.029689101737711915
ck_991b7dfd69098320,0.002362431754813
ck_37d47cf0f34574a2,0.0018086247804440666
ck_011551a596544f5d,0.002265992106941555
ck_9acd98f4fe2d474e,0.10876951834511582
ck_7c88d3d377bb61bb,0.04168288049793026
ck_e2374c7136c964fd,0.04798345708293905
ck_2fa8f2577116e9ca,0.05416034570528207
ck_d07c5b0321c685ea,0.16179757507219672
ck_bc736114a31088a7,0.02186459171536055
ck_32bb42f9bff197f8,0.0049244935147935015
ck_66267bbad1f1415f,0.9465340133102597
ck_19988702ccd79201,0.014057750339213353
ck_f473a03fbcdbc4b0,0.008965365212388728
ck_e3f1d85fa5d49396,0.025744272418014573
ck_c4402ea6291df271,0.01894178958578737
ck_243bd5ca8c4ae5d0,0.0058774777304001526
ck_f271e855925e8d6b,0.1689361083345144
ck_e424148c6f2223df,0.0074652896375052595
ck_e4d0a9e1102a58b5,0.008325124473174846
ck_91c2a5fe69b9b1d1,0.025880821501249696
ck_5fd8924732fe403e,0.20540577399023244
ck_9a881d5433126ada,0.006620518314420067
ck_73cab88b29c7845d,0.026951796210079204
ck_5b5dea6476d4e182,0.014572615266368601
ck_ccccb17d2ca6ce94,0.13553171467530056
ck_cd1dc68e441222b1,0.8617051878458464
ck_8312c49b1431a406,0.01540818050800102
ck_25fea39897f2a559,0.01586572747638354
ck_f56200205280bddf,0.06116895550986716
ck_7336611650dcc088,0.0044735539417256436
ck_590716322ff147ae,0.02945806191143203
ck_c82364d87875a1a1,0.019111415553747724
ck_fa4b60387d744fc5,0.0025469653851083163
ck_d841eba8906e9a15,0.00788451518794038
ck_d6df562a79b9d0d9,0.009264321903858903
ck_59a14d2564193101,0.0034556308585530415
ck_8530158e3d7f59e7,0.011934759544132492
ck_ac68d707006c12a8,0.0076734454681500214
ck_976fac1bb3dd8c58,0.024765062487268154
ck_f854fba8f4adae3d,0.05282628493081587
ck_b98e9c3ec6e7d1e7,0.007604778383138366
ck_803c0b4cf9d4bc1d,0.02747090170857843
ck_76997a33c3ea5107,0.00171983150258254
ck_f1a9d832b700bda1,0.9346812559690847
ck_2bd96ddb8c323d63,0.9623532595139148
ck_9e5b7acf51b1b743,0.02682288807107186
ck_09169f22194fd6aa,0.02934142880256001
ck_6d69e092f9b0848b,0.022946995579164506
ck_9f83fa5a2d3b9049,0.01792201785806783
ck_57bbb19eecb4b87c,0.004317398736794124
ck_e0e9cfabb979f428,0.008472493924470118
ck_b1ff9edc51d42f97,0.0044049623638923435
ck_4682fad271d47eb0,0.882643731883626
ck_ab33fb754c818ae3,0.03567468803982085
ck_b456f62b80e21557,0.0013365468320563957
ck_16340be3f2a7fffd,0.0015260354647268154
ck_ce66831f6611014c,0.010955900775804299
ck_4610a073bb54d1b1,0.016551115235202692
ck_fd038a7d33a9d6e5,0.0035042601945638255
ck_c8198cb4c461304f,0.046462730035117805
ck_1e7de58822000dea,0.003058264531655224
ck_b2a79dd3df560f14,0.08869468264299593
ck_74a06f347b32347f,0.013617015017618299
ck_c6fdb2972417c9bd,0.02336370895041671
ck_d7607a213b800bfb,0.06939148179506469
ck_df65967b8b40319c,0.0015410332760746365
ck_329a73dbd585ee09,0.003384954601746719
ck_74991a9e85c3b07d,0.010620376178901821
ck_bb76609b79e0bc9f,0.007946074732938933
ck_f7fc1bd0b9ab1fa4,0.0271113802282337
ck_d111c98b36bdb791,0.0032528417608868833
ck_f07e27d125497b66,0.015233229165884505
ck_093e3a7134e11d6b,0.007299769762688014
ck_862c7953bdea48b0,0.010636136519592788
ck_392cf2cdd515c34d,0.010280705132707358
ck_80eb91b0b4001084,0.054791261801086
ck_5923f53b77193a58,0.12388239998612562
ck_8049f5fce32be185,0.6110712226765743
ck_ebc5a2c6cf88e252,0.03926016979778066
ck_9ea5872f14cce338,0.01985461392082679
ck_f7fbc95ebf584379,0.014906563933389927
ck_bafe82c870356706,0.9725464509578284
ck_278b36c5932d9bff,0.0029036064728143697
ck_6a892dd5d05c1649,0.0104434681776447
ck_0734fd90b2cabd43,0.015367584521416813
ck_9b552204498b6762,0.029168559938919727
ck_f6c909c205767956,0.02346607142489878
ck_32f590e87bc3d715,0.0007774943450497561
ck_66a8325f28be7562,0.0031697146106544234
ck_b129261da9c3c3c9,0.0034011186997699775
ck_a524071c51ddde20,0.016123947325343144
ck_ba576d6d4cb6130b,0.18358120014296497
ck_8d8226520722af78,0.048207533825975785
ck_c5b0f0d4f1655a20,0.03207299508678827
ck_61814ae9b6d8eab1,0.009064129301918742
ck_382ebf136f7fa337,0.3011029177991536
ck_423ff4ede6a9f066,0.01501186092042342
ck_546ad962d04b7de4,0.918969889798223
ck_9473ea4a01c95f9a,0.0770433988881795
ck_9eb1da8cd35a50ce,0.01111559746076467
ck_de5eaa2cdbcb67ff,0.15557154016031974
ck_537cc97d0398c922,0.09644726251020869
ck_998475a2e4dfad4e,0.010479588640239783
ck_e62eb708d2688fae,0.010589287151740819
ck_ea623358f704daa7,0.17682016371473355
ck_b911a09f328dfd4b,0.004567698747844726
ck_4b3506b624e5193c,0.04485236789545852
ck_448456f96788713b,0.022016555885452236
ck_5d5ef9e75f65d076,0.03359779113417019
ck_3b74512f774a6e5a,0.008545680806871467
ck_a032e8ac1507c6df,0.6082467306052508
ck_7e2d6b22a0ae20c2,0.04413416309396119
ck_d80283209c963f11,0.013656214380791065
ck_d1157eade2ac3975,0.02540465650690124
ck_be48f583f79427f7,0.028687900884329307
ck_0027b5d4107d65d8,0.03511784135639563
ck_94fff69584dd3b2a,0.02465805208569441
ck_75fcda73f0b43557,0.01040452964857564
ck_a1c78972e4ee4082,0.017758267643978212
ck_f0982bbdbd122f91,0.006316788197068507
ck_3199b471575aeb3a,0.006897807223649893
ck_7fa947a0b1c1cf74,0.05074437268450449
ck_a60c618b7f0e4252,0.00914154600752879
ck_722ac47c8ac9b6c3,0.17987590295780934
ck_d44dc3839a195c8a,0.07656599243433931
ck_a2c3e82fab520483,0.022519744237102637
ck_6f8ae0319c07cafe,0.0027249651029799564
ck_49886ff1e2c759d6,0.03519143512667485
ck_150a1108f936e6b0,0.005802077269650856
ck_e21f9f96f597695b,0.011294948807854943
ck_7297bff2b7fdcbc8,0.0008987925418218168
ck_ee949c71f4f702eb,0.8753107397625506
ck_6fc37dea4b4f35c6,0.09839945117522475
ck_e76257caa98dc25d,0.9506029758649069
ck_828eef2334e17b3a,0.022319988197451616
ck_604e1b8a8c693aa7,0.0037974225537001863
ck_7743c9fe037d1f9e,0.015860275636969207
ck_864a11202e19e812,0.21099850454238148
ck_4ec040b9e3785e4a,0.003463943037915981
ck_7346e4f820d9c00a,0.8880949247931851
ck_48d4d63beb26b623,0.004850460517305822
ck_c423aa6de3ed1e01,0.0035194664542432075
ck_d74b2ead8aaa3f73,0.023591437872774366
ck_1dd69a11daa7bf1a,0.04095077025470313
ck_d9143e236eef177f,0.013318051547264575
ck_f790d91e5ff0eccd,0.10096640757260235
ck_69b5620e00ef5dec,0.002407303246075262
ck_cd32e58e8a1c0e85,0.012602903908368525
ck_064013b0957d87a5,0.9824518802344828
ck_a481385c2e60dc4a,0.0046704532293477055
ck_d72035cb29db3aa4,0.012486079140933356
ck_3759939a0205306d,0.0188139937428352
ck_f437a53fc832ec95,0.8285867787714962
ck_260ef2f3e6434819,0.0709167309718039
ck_35e411b05d22f663,0.03473219326130739
ck_8bf46e472f3e20de,0.19996357190609743
ck_d546994fc5d3e9d1,0.023575052200106646
ck_6ff0fc7487e737e7,0.34110450410837523
ck_5c67f27816ae0b6f,0.011704070373754222
ck_c5517923458106ae,0.005609175594547494
ck_d9735647a6b0b0a7,0.6437353719092074
ck_541a734fc457246f,0.09331493731516441
ck_2f6a639468f41043,0.00514509309228368
ck_bea2cf7a6b7bb900,0.005228521723004757
ck_7eebd0e6ad6c070e,0.008275913632639926
ck_b64c87d5e3b10e6a,0.8652280758268958
ck_9dd7daacb7833233,0.016212296350096654
ck_396e9ea9a6c6d7d9,0.016070144716337123
ck_1645e6cc53fa99ff,0.03342077874010366
ck_ea2a83ccb8d57490,0.004276259772569102
ck_e64f0df63e1be595,0.0700513455643254
ck_fa0b234481cb57d3,0.01738968522790832
ck_63379e3c9fe6f711,0.02070389082753684
ck_c67f7944896a0310,0.03555911971085013
ck_c10e54c9db29e6ef,0.9846971626193051
ck_7184ad7709ae4c80,0.018012792984269832
ck_f8b6069d7577fde6,0.0039736821875483355
ck_18444be153bac1ca,0.7269765072420744
ck_d0982b4e0e118e4d,0.02496972956815441
ck_6faf3e6820398866,0.017016186620640403
ck_97e980463aca4644,0.0038430331327031246
ck_630c835243c66b19,0.9595572061106796
ck_fe429ba3e1aa0e4f,0.015447155805657493
ck_1058129ed7b48c59,0.018588651076048287
ck_04a1a46f07885296,0.02871738719029327
ck_f01e94331067edf6,0.010277845293638174
ck_77b2fb17c29f5e72,0.021840526467048163
ck_4f0c5857da45fb28,0.12210297520853153
ck_2cfb9a7775e8a5bc,0.9300798092576884
ck_6846100e43659bf3,0.0054986767087548075
ck_f89719a854fe11d7,0.028637718326515633
ck_bf47375e41ca3bc0,0.0034982451059840007
ck_2770b0400a7bef08,0.08221371658751737
ck_2a09d142de1c77ff,0.022031070455150736
ck_857a1f5547b9ad68,0.024825716647777343
ck_185f15b1523bbcf4,0.004623926042396562
ck_ab2aed614ec1cdf8,0.023693167166351965
ck_a9e7f3b2d5dfd97b,0.009459870712378655
ck_0eeb3d9b3e697edb,0.019873693506118065
ck_fa5830d81bc8ddc1,0.00428240381210085
ck_231ae0329ebc3220,0.009415381617494724
ck_1587763dd54688c9,0.0056746324423730034
ck_9f85fea4490c00cf,0.01837277027732435
ck_a2d709e7eb91e4af,0.04152218013743924
ck_43637d28c7216453,0.002518414227195188
ck_f3ab5dd853d38252,0.06358923176227313
ck_4a1f0172d3bf4fd3,0.004477669746531326
ck_517620ca16505af0,0.0053660917564930626
ck_9ae904fbef56065c,0.003631000887585608
ck_d5ef1f6e34bb35b8,0.06947751058524321
ck_ff42557857ae3aeb,0.0012411797168945112
ck_ad9a18f58589faa7,0.005031927840579612
ck_df1a6edaa3e6b271,0.006084665969405285
ck_99021fe7225b5a68,0.10226202722619626
ck_99e52c3c2530b69e,0.9677053292682
ck_3a4811dc4a1a891d,0.004605483623324708
ck_ba3a6be026c87079,0.015700050550350994
ck_da6d1e5cf6aba6fd,0.019103279898584864
ck_ddc7c1f3d45fe6e6,0.02818003093742314
ck_e1b1e7a7e4a15b3e,0.007141632027104827
ck_8288f7f226e08b89,0.010932273724319954
ck_c4524993ec31dbe5,0.0037355360379074318
ck_8b19bb5b23b6741c,0.032199760803953245
ck_d21b38231a8a9f4a,0.1109441226172641
ck_3f730318a9792292,0.025392649223521066
ck_a4db6e94a8f77f9d,0.08738428798801473
ck_a8cac8d480306839,0.0023259188427341053
ck_5472214011fbc2a7,0.003687491561442847
ck_7356f47dbbbe7904,0.0055745402834723665
ck_16801e628e883d78,0.009663750305034843
ck_0dc1e536231c4860,0.010161461566056587
ck_7cd0634a6e60af83,0.010147740601403506
ck_ef6f8e048ae1bd4b,0.0074640227015878875
ck_82f3f744209888ac,0.0237145689995027
ck_f33188c232a03526,0.2635962453920447
ck_4a59f4e10bf45d7f,0.002742012661241731
ck_d96c893721385e4e,0.001779029104792885
ck_f65ab819373edb37,0.02270636369405206
ck_21cac21fc10b7768,0.009924653397093119
ck_139b54e6ccbdd7da,0.054102647677662194
ck_d6f5c8741697abb3,0.017249387444943965
ck_a28d9bb5590d458f,0.12858818129317304
ck_ed26d906883bea0a,0.004470626316093682
ck_227602ad072b838b,0.0013010448556587376
ck_39d5f6c17c745ab1,0.0014192101827922164
ck_744eade757ba69b5,0.033223546053600284
ck_c1295d97cdf35ec2,0.019712940377361356
ck_69105f881da3c821,0.027911309923665126
ck_933789b55361d7c1,0.7065066121214629
ck_b667952253503174,0.006422518883535443
ck_7bf668e25abeeb05,0.0046213442510279375
ck_91742711dfdffd56,0.014295154662177671
ck_af32a0660090dd68,0.03209471176090676
ck_2122f201e65f76ee,0.014462662914106746
ck_f48acb73a5d6af07,0.03141722630772787
ck_337c5684510cf432,0.07761833985583451
ck_f7bde7265053364d,0.015367675561027146
ck_c190c7b924edba75,0.06957054574986594
ck_044fa3b3a003f0b5,0.017170441932925825
ck_87eb43e3b9d96169,0.05543032857737291
ck_2d3d6c9364362017,0.0013566021884835072
ck_ac55dc6cbcdf8228,0.011020834798797948
ck_61d7b0568ec5d6cf,0.024469511158349343
ck_89c74feeaffa7d09,0.003466432061123243
ck_93776b0c113f41f0,0.06413159463043652
ck_15e0b679931f7a8d,0.012058654203299615
ck_77b56c49cfdb1d81,0.11301898606070968
ck_73188a826b5f499f,0.008698005126520143
ck_4f463ef25325ddfa,0.2933214094462051
ck_863db2e394dc47d1,0.9129625165186495
ck_d52432ed597f3cc9,0.004275374854726869
ck_04fb61e5739642f8,0.20908937258928514
ck_2e481d75d110c06d,0.046832206250503605
ck_3fa1a523d77cd619,0.014497707543124185
ck_466dc6274fecd708,0.017520139362830464
ck_e1790b3aa2241b10,0.7618342326624388
ck_84ad096a46e1a960,0.03755742456825266
ck_3be72c9c178fa00d,0.010041874966498832
ck_5a17c89219d1d9fe,0.021083255907389006
ck_4f639f4ee6ce8d9e,0.08114469941662097
ck_f4ec4a935e51b4db,0.02979296910951891
ck_f04040a830f92bac,0.015811519213477544
ck_3e4d02a04be2aaf8,0.06616666421971269
ck_4d1baef193cfb900,0.0349802331498045
ck_0fb3153d37626b75,0.0014234640308514047
ck_88ec57a11b11f702,0.8541329258064729
ck_dca9dc465f759db4,0.0034723182559127453
ck_64f5fba6af67e024,0.03342824114212817
ck_896096cb167254ef,0.05110708433413046
ck_7878679065876b98,0.04374496692788723
ck_fe8e5a6c880ceb4e,0.011703810534937329
ck_a5e036327d3d1862,0.0007683746450203976
ck_310f73940fc4cf4f,0.033192025029253835
ck_46a8db16ad00b749,0.05533062201255409
ck_0d33977c3de8cfaf,0.977574252495123
ck_c6fff412f531db0f,0.001188534516944876
ck_bac6dadf428eaea9,0.03029417777274224
ck_1b96d9af0d7da2d5,0.006999875196596192
ck_fa8a4a9e77799fcc,0.004246584620851602
ck_0bf48607a874b4d1,0.004177401105829017
ck_eeb75f8a6439f65e,0.0288198420696986
ck_a209a5f7d172125e,0.011466764325098393
ck_8f346b72fb40bf14,0.011140706127687592
ck_bccbf9fef367f00f,0.02612217503701143
ck_2d1548f1ee405cc9,0.01464303964015986
ck_e8298ff2dc1e9d50,0.007095337592870266
ck_77c0fb524edb4a94,0.006655529916727917
ck_28ac4c5134cb8e77,0.028499203459642162
ck_db23a0e3e54be60c,0.475804797581733
ck_a059d00cee5cee99,0.0033148066608483244
ck_3e9e3bba8bd363af,0.00452474725245978
ck_0428728df24cdab4,0.006919664806420596
ck_88cd35378075c84f,0.0013936410083770683
ck_0174d76398d9dc0f,0.027931811926519293
ck_3f1287e6c27de0dc,0.009610589309104932
ck_ff822700f3605e06,0.9877628768639712
ck_4563227b2038ae07,0.17428748775500108
ck_788e78065526ee19,0.031179727069503872
ck_8a16eb584093b12f,0.0013498677489038268
ck_cc276f71ab6c08fd,0.04388696164323067
ck_d61d97b21002f3e9,0.034794213534028014
ck_4b2e87d86a5e415c,0.05398374350253739
ck_3e6f35e4500d2f2a,0.0024484217173092815
ck_3acdb083e0d8ad61,0.002782125153217887
ck_cd655202db489010,0.003528092288755885
ck_829cbf5ccda481ae,0.010791310423478171
ck_f5882e6f98b8b4cd,0.0016656500903339943
ck_767947540b234add,0.013846312248793263
ck_a6e8e8f535b1f1d1,0.05635185313201234
ck_58412a2674fea506,0.025499908448529778
ck_fae7e518a585fa61,0.028453133386505465
ck_9c60ae6958d68dbd,0.15846178051630444
ck_328696b8f5e54ec6,0.09838955292696161
ck_7df3f8f4f1068d62,0.003885884377718902
ck_cfadd21458230ef7,0.009646918202347948
ck_7048bedd554c703b,0.0033226715485766964
ck_50422466f145bfd7,0.0022945193561007445
ck_61e1f7168cd9ff25,0.07013705413085028
ck_733aff0f56f5b3c9,0.03481346944177251
ck_e14892e424180549,0.0021718408556144412
ck_03f6664a96de7d0f,0.022461260132816664
ck_b7f4baa2cc82fe61,0.006879941346235908
ck_1e51199a075ca0fa,0.004573793184056728
ck_0e70516fa07cfb17,0.9193946635535737
ck_0f37c554a5057801,0.7342503649658401
ck_5576b725de38d106,0.012576762481051124
ck_82f360df1e9f4eb8,0.060877441288475165
ck_395f3bd4aacd7ca6,0.02419710294496684
ck_5e8e857b63966609,0.12419713398464466
ck_93470896f0804b6b,0.9098044961440765
ck_3be854e42e76569a,0.009064112710791297
ck_0567302c57a2417e,0.083825636341671
ck_ee535461b5f05539,0.1725119793207721
ck_94a096c36162a153,0.011288973208615286
ck_dfc8f5c141fd7c63,0.030720921395043437
ck_98b34f2d704c1c2a,0.017295172780440467
ck_96dff7a09d45f116,0.05730519036220996
ck_79557434c129ba52,0.01457602181178319
ck_4596624a7c01d501,0.0182002493183481
ck_04e89fbd739243fa,0.003318972590654992
ck_6149ffaf18872dc8,0.0014860454873586023
ck_cd78f0832a09bd8f,0.368361517005575
ck_7e29c10d781c3b41,0.011217324776319065
ck_1f7ee7b23fc6f2f4,0.006995908537842287
ck_c49b685d2b3ab89a,0.021962491237959056
ck_84569a8fc50e73ac,0.020481596068802222
ck_b92b11d205af91eb,0.002358143224536996
ck_06280e6d6d2485b0,0.00843765922716675
ck_3c08546dd0c92863,0.022811930777095386
ck_99d3983f907828bf,0.003353967460976712
ck_eccfd552aa652d3c,0.013847445638924281
ck_0cff8153881875ba,0.019799419136008665
ck_c1aebbeca6ab5ff9,0.01111026336629357
ck_538fdbbb3c2bcbbb,0.03342678116268406
ck_8c0210322733c718,0.011561891619761202
ck_0b0c93039f987abc,0.014250202461422879
ck_6d07d6d1bd227d37,0.18056198247691752
ck_9b6ee35e8cd0b11c,0.006352083841220898
ck_d838491d3d4f5ecf,0.0033487340630930047
ck_0593ae243a9ebee9,0.022449866856815628
ck_ef261fc09be8eb0b,0.00820041370824135
ck_d0935b571a4a3868,0.014441729161349243
ck_97d04a67a104af39,0.07037484639934785
ck_e25f70d0b7229420,0.01522199469643306
ck_9b71274ff83de482,0.9578027925278655
ck_6de2aa2bb60978d3,0.03639188497214847
ck_eda55c8fb47593d7,0.007839810657520404
ck_924e572517515f19,0.3678506165751872
ck_d6f27eacbad310f4,0.009189442127172279
ck_8550f229b5eb03ab,0.004279018642619416
ck_e3e95546a84d0ed8,0.037039421335336324
ck_3135c019696ee6af,0.9163080265197812
ck_41ba315d8fccb559,0.010290337353786557
ck_72b86e4485da2d0f,0.9785662700446647
ck_daaa995f3c2f0e47,0.039671452747761564
ck_053746067839696b,0.01815095513472341
ck_a15fe7d0f4b65c33,0.4166243328772151
ck_15de11438732bb05,0.006098928207654891
ck_2c4d25acbe3fabd9,0.022931480473181953
ck_7f08078908599bd2,0.056339873197135626
ck_e794741742fb2619,0.020687765765268346
ck_238e53b6dee8c301,0.003136834996594509
ck_53a6a33060d5c8b8,0.005683001107863609
ck_0e0919292ad33472,0.5653496623866909
ck_d86ccf148c06c8c8,0.027505053833053964
ck_c881f26c9bf9ae42,0.5558700570665391
ck_4b0947bf94e9d847,0.05141136382154798
ck_e10ff5c38bd18470,0.018069402031366616
ck_b60de9e97aad9e45,0.7512082948972851
ck_190bc849e5ff5401,0.027615615437015
ck_e7be077aa0b2632c,0.009321648785188734
ck_a51abde881ebeff3,0.022347576622340742
ck_2208392a9f6bd249,0.0183883006069371
ck_0259da8f109017e9,0.0032309568791924924
ck_05e01ab9c95449da,0.01696274262980545
ck_c82897ebffb6ae66,0.006649097175632366
ck_b4a6bb4689cd7cfa,0.02214018680906312
ck_9e21ea33018ce538,0.014626239162056666
ck_caa348f0e65db062,0.9575913171902738
ck_a964e6b5d8415334,0.5242805753185882
ck_510bfbbee37ff436,0.01052841463399032
ck_9741a82faf5c7889,0.015167748775277715
ck_e7f61b4a39ba98ac,0.0014501679123985478
ck_069d158665a53909,0.009041922681948675
ck_6426427efe3228af,0.037655571933353366
ck_ab4a8d02ec3c0fd7,0.0010836748602752189
ck_aefa0d8d933e0eca,0.04026109636572794
ck_232325ef6bce92f1,0.010784623334215222
ck_14e58c3fb26a2b4d,0.011868209575428171
ck_06e73afdec26aecc,0.10714764445625767
ck_3168f4f2778d64e1,0.01218380652509446
ck_ff3998d6858daa21,0.001948448036616264
ck_bccff46fb0868454,0.3533056618358067
ck_c7d444d90fa86d7c,0.59510060090583
ck_f0bc3bdee6bfbb94,0.023607579838267008
ck_f7112818a6d81422,0.07172484546352222
ck_aca35dbcb835ad02,0.028437663389230976
ck_f637fabf0f60528f,0.014207576618330931
ck_53d17ab97de1ac3e,0.008380540965115481
ck_c8c1bf16d9113493,0.05400882768152547
ck_e842fb0cf055a83b,0.035996141266889964
ck_93c0cb3dac4891fe,0.012275682748245607
ck_0c1f088e17e46daf,0.013008135015168707
ck_8f4b384955bf57c9,0.0077354556223211204
ck_09cd5c4df1e81ac2,0.10621975638588066
ck_1e832a5b2342554f,0.0559073184597983
ck_2cb763a881aee27f,0.0043308317343513335
ck_5875828b11406398,0.012206705836459372
ck_48e84b0cb0b90fa7,0.017188482008677855
ck_833688de8629c5c0,0.0020633699817005904
ck_117d78ccd5820f36,0.02713207789779092
ck_668ec61c4c39cae3,0.002652269892450227
ck_73a7794b659d7a34,0.003862112401400493
ck_10f90d879209734f,0.02231880507472804
ck_d1d079913aa158bf,0.006989358882955515
ck_01c631b38e8a9535,0.008087974575130039
ck_f6923088c17a04e2,0.05271264122147157
ck_b447badc9138987d,0.0009279266194400643
ck_8b772caed8f1541c,0.010374965667579086
ck_5403c76fe68a08ba,0.2941013016029878
ck_3e6833574edf1736,0.03230466922929688
ck_e527fbb9450a4581,0.8710168260956885
ck_cc90e219f1ebf390,0.001997954800920543
