cookie_id,score
ck_315fb710a0e371e7,0.07947046843177187
ck_a76ee3b3e3e522fd,0.889572301425662
ck_94c9a4d382689e82,0.7580448065173115
ck_8eaf9509ad9462a0,0.018859470468431776
ck_9a88a5a989cb5bc6,0.3696537678207739
ck_15239ef0689c1a35,0.5969857433808554
ck_8de69cd219d3b87f,0.9270061099796334
ck_f92cd37022b0ce21,0.560529531568228
ck_1a3ff7620580a514,0.32358452138492877
ck_397c03aa33a57310,0.9030142566191446
ck_a7cf6c3b322f6b7a,0.2980855397148676
ck_c39a9e75760e3201,0.12464358452138494
ck_88ab6d245228c38e,0.001344195519348269
ck_17733f75ebdea93e,0.1308757637474542
ck_58eb871e8d7bed52,0.6746232179226068
ck_e55b7fa67db1ec27,0.07173116089613034
ck_62f5cfe22c952694,0.4689613034623218
ck_7fbb709a0fe95759,0.09319755600814664
ck_87abe9cd066a20fb,0.7437474541751528
ck_d58e058b5c553dd5,0.4342973523421588
ck_d27b872648b71202,0.0784928716904277
ck_4b4a3c5b95c55b43,0.002240325865580448
ck_66dd4f4b4127256d,0.028350305498981668
ck_93cc12703b500613,0.7215478615071282
ck_d28806a2179092eb,0.995030549898167
ck_0595c2a0c7881e05,0.5084317718940937
ck_50087d8666191144,0.8713645621181263
ck_b08b3f089138c901,0.3891649694501018
ck_fe3b67041dad2dd1,0.06892057026476578
ck_8449a28f7d475d93,0.7199592668024439
ck_8642e3b6d84f49d3,0.5510386965376782
ck_e49b5e4f2f2e79db,0.9465173116089614
ck_437afe412ea4259c,0.8504684317718941
ck_569b83668d74042d,0.9666395112016294
ck_233a487d31c3e631,0.9957230142566191
ck_1fca72e03143a645,0.9758452138492872
ck_79205e31223df2ad,0.5690835030549898
ck_9625a64406ea16e3,0.09356415478615071
ck_079bd18dacb704a8,0.860285132382892
ck_4db6d4fd2b49aa81,0.6050509164969451
ck_0dbefdac0a1868fb,0.05128309572301426
ck_24ff97ad90bdd69a,0.8551120162932789
ck_77f8c5042065d506,0.3995519348268839
ck_f11be8ce05382cec,0.23910386965376784
ck_c9d72140b0389216,0.735397148676171
ck_69eda24e931fb36a,0.0530346232179226
ck_ed471e496916ee15,0.050916496945010194
ck_ff090498c4b17ac3,0.19433808553971488
ck_c3c19d6a0720915c,0.005661914460285134
ck_af02e1817cfa40b5,0.6934012219959267
ck_2df5a9fc87553eb1,0.2259877800407332
ck_4ac918e884cff336,0.6628105906313646
ck_ca149244b54ef3ad,0.025213849287169045
ck_6babe5b8674ff51f,0.5409775967413442
ck_1573878386886290,0.26782077393075354
ck_3925f8565abb7fe4,0.3742566191446028
ck_c4de808ae69c771f,0.12134419551934827
ck_a777c813551281fe,0.3327902240325866
ck_df4424f6dd85080d,0.829816700610998
ck_85e5494ec20383ae,0.760244399185336
ck_f71a4094e889c3af,0.31315682281059065
ck_f2f3cf9cd23b2809,0.7290835030549898
ck_18e2076397bcc211,0.6246435845213849
ck_c9f9fddef39bc664,0.7356822810590631
ck_7e826e233d6ea028,0.5207739307535642
ck_62fd7eb46bee9210,0.40171079429735235
ck_206f8e3cd72768f3,0.7413849287169043
ck_aa295a11b0a6ab36,0.35592668024439916
ck_9a56739d81f84a53,0.2113645621181263
ck_aa075c418ed9fe5a,0.43486761710794297
ck_62b9fb3db284941b,0.40496945010183294
ck_f4f83b1403ebea46,0.6454582484725051
ck_16b66bd803288bc3,0.9151120162932791
ck_c4ca1434f3778f1d,0.9939714867617109
ck_1b823610371a29c0,0.24382892057026478
ck_c2bd5a722aa637d9,0.2595112016293279
ck_7890208951df34f0,0.36272912423625253
ck_020eb0e454524ecd,0.06590631364562119
ck_3b66196ccf436c35,0.4818329938900204
ck_109fc467ec0a4af5,0.8690835030549898
ck_f3dcd818db92de7b,0.6242362525458248
ck_31e7742f160980ef,0.6270061099796334
ck_77fce5f86f00b8f4,0.9074134419551936
ck_46bc797b4d07d607,0.10989816700610999
ck_37899b1b571b1c6b,0.3039918533604888
ck_ef8a6af43fedd464,0.20835030549898165
ck_bcc8519fe8521038,0.7978004073319755
ck_90696b7182dd9129,0.29767820773930753
ck_4a24ad61d017e1ba,0.5681466395112016
ck_0acc3d8c67218b9d,0.22134419551934825
ck_05c97fc9de11aba6,0.8947454175152749
ck_f8ac3a0500c0ec62,0.2921792260692464
ck_617b65141f546a1c,0.2747454175152749
ck_9d00823bf60388d7,0.7028105906313646
ck_123c15d93f1840f2,0.9176374745417515
ck_573feefba6bf78bb,0.7197148676171079
ck_b25657bd16739036,0.24012219959266803
ck_bd26d2bef14a8597,0.21185336048879838
ck_a553418f2fba1440,0.5511201629327903
ck_89f3e380b0686963,0.3885947046843177
ck_b359192aa659bdce,0.7130753564154786
ck_02241f3dc301bebf,0.3385743380855397
ck_5ccc1a1c78cb33ee,0.8391853360488799
ck_349cc5edda1b8853,0.7279022403258656
ck_e9f228845bf6e28b,0.8088798370672097
ck_0a45d033d4e280ea,0.7087983706720977
ck_7e63168dda612235,0.7463951120162933
ck_676fa5f6aae5475b,0.21384928716904278
ck_74b502b20690ccfe,0.6905498981670062
ck_073509af21dd7f5f,0.9413849287169043
ck_498a0acd450944d8,0.030183299389002043
ck_7f15b50b29dead01,0.49922606924643587
ck_8089fe7403c5f537,0.3808146639511201
ck_05b2b04e11d9ae9c,0.56989816700611
ck_31e70f2f04b48b88,0.019674134419551934
ck_994316fa5a02b319,0.07234215885947046
ck_b76510998b9a2260,0.595234215885947
ck_4db95c310e105d30,0.03409368635437882
ck_6f730b77dc6cdb84,0.2825661914460285
ck_2493ee8e7b91d304,0.710346232179226
ck_92d679d6ac7dcdcb,0.8173116089613035
ck_3a0e0200cbb185cb,0.5173116089613035
ck_0b2eeb4e00ff7955,0.5776782077393074
ck_9843d0e61c37ebe8,0.9968228105906314
ck_e61c8721e3ef1921,0.454745417515275
ck_2e0eedaaf2980c2c,0.2963747454175153
ck_9036b2e5e9298a34,0.10187372708757639
ck_3265442528d51728,0.7287576374745417
ck_f2ddae2eb1cb29b4,0.330061099796334
ck_6cfa71d27fc27f92,0.4720162932790224
ck_f3199fbe84a28b9a,0.8019959266802444
ck_b78d785ca3ef773a,0.23816700610997965
ck_374865697f1480eb,0.589979633401222
ck_06d0e4a9189302a9,0.8657841140529532
ck_9c9884b9bcaa552e,0.8602851323828921
ck_fd4cf578e87703ff,0.6696130346232179
ck_1917ef3e6e345549,0.8567006109979634
ck_e70418b00cbbbac9,0.8665987780040734
ck_a60388296a47062c,0.559918533604888
ck_d598fe8d2c779ab9,0.3491649694501019
ck_646dc03de4c31803,0.9494093686354379
ck_e4fd8cbd842b6993,0.043951120162932795
ck_2225b555aa2a42ed,0.6313238289205703
ck_6be8ae9d78148882,0.3364154786150713
ck_4199342d3aca74e8,0.6690427698574338
ck_779581adb573261f,0.3059470468431772
ck_bb303568b6915205,0.7070468431771894
ck_17c4296276448afe,0.18378818737270877
ck_a60a61ac829252a0,0.4564562118126273
ck_6ea70950c1cae00b,0.9584521384928717
ck_1abb93f6924645e1,0.6922606924643584
ck_faab769cce19879a,0.7096537678207739
ck_d5b8e74e7ca6355a,0.6746639511201629
ck_f11f7691af16ad07,0.019714867617107945
ck_188fdf2be7c92e9d,0.9973930753564155
ck_4a103f8254b366f7,0.3503869653767821
ck_bfa17a0b1760e616,0.12362525458248472
ck_a4d7f6a5869d440a,0.9869653767820774
ck_58e20f5a3e7f11b8,0.9537270875763746
ck_4becdd3d2696c7ba,0.3006517311608961
ck_dad5cf32ab9f243f,0.20810590631364562
ck_7d9f73dc7c4f90c3,0.8631364562118126
ck_c19371047a2d011d,0.12309572301425661
ck_247589ff532f7aa8,0.2063951120162933
ck_7a9f241d5f082567,0.050957230142566194
ck_0a2b7078736b4dda,0.1239511201629328
ck_687b412e2aac7eb6,0.7378818737270876
ck_fce0b6855886a0b8,0.6340936863543789
ck_e291cc60920456d0,0.8944195519348268
ck_04219a7ea798db51,0.7958859470468431
ck_286bfd719836e9f3,0.8627291242362525
ck_55efc92394fee232,0.3370672097759674
ck_e36c8da1bd359960,0.7993075356415478
ck_34b0988a97d96902,0.29629327902240327
ck_e0fb11fc9dcb34e6,0.4175967413441955
ck_bcc9cbc9ed8b7c31,0.46619144602851326
ck_3df8da6f60a89a5b,0.6695723014256619
ck_b1495ee5c59a6b28,0.47788187372708757
ck_58f4c3ac61fda129,0.7965376782077394
ck_735f244b99e3aa8d,0.39983706720977596
ck_6b93bd8abf87b1d6,0.9744195519348269
ck_12107dacc6d05bd1,0.06737270875763748
ck_f96db2a1f3448d1f,0.35242362525458243
ck_8fd91a3c99e19097,0.5109572301425662
ck_910205d25388a0ae,0.028146639511201624
ck_d229dfa0e4442628,0.07572301425661915
ck_7cdec61e1c488798,0.8742158859470469
ck_f66f06e24ff32671,0.5873727087576375
ck_350bf14e90b503f5,0.3859877800407332
ck_61fff5fdaadd394b,0.16419551934826884
ck_e934f984bad2ff91,0.9359266802443992
ck_ff6a6d3547dd2d37,0.6558859470468432
ck_65ad9b15979e3247,0.4036659877800407
ck_bbe1a2ea5a403ad8,0.9331160896130346
ck_6f3a28eecd2c4031,0.43266802443991853
ck_a89b66665714058f,0.4043991853360489
ck_918c92182b6817cd,0.5958452138492872
ck_64f5eb4be9e7b8fa,0.9278207739307536
ck_d021fd497ea35fb2,0.5033808553971487
ck_004de16f7d8a42ae,0.4193075356415479
ck_a33d2325f86ab12d,0.053034623217922613
ck_89790ff26c844bc6,0.7363340122199593
ck_e6e7257377c37b28,0.7903462321792261
ck_a2cc3910a641a808,0.9403258655804481
ck_646e270e0195bf05,0.289857433808554
ck_baba5d66def0d770,0.8364562118126273
ck_67cdcdda3033842d,0.44472505091649694
ck_b5c3075c811a2216,0.5466395112016293
ck_515379973a8044b8,0.19641547861507128
ck_c0ce85fb4109567d,0.5759674134419552
ck_fef850553862aaca,0.05885947046843178
ck_55d7217b0aff9fa2,0.2181262729124236
ck_8e139f8925ef7968,0.2636659877800407
ck_9e35b908fca1e4d7,0.14741344195519349
ck_59735f4ab2ad3da5,0.5269246435845214
ck_dc569c1167ccec0d,0.9486761710794298
ck_1dade5592f90a15c,0.4553156822810591
ck_793048d11fb8b328,0.8280244399185335
ck_545b71eb4fa594b5,0.06936863543788187
ck_bd30853e9a57b544,0.4160488798370672
ck_59f46321ecf6d306,0.36863543788187375
ck_260cfe9141d249f1,0.900122199592668
ck_3365a0ad1a8aa83c,0.2203258655804481
ck_b0ef193195a2138b,0.39592668024439914
ck_0f909705e2e60f2f,0.09226069246435846
ck_5a540b75c866166a,0.48240325865580447
ck_87c26b2f41025109,0.9944195519348269
ck_27acc9f320cda104,0.8860285132382892
ck_a27bc31eecd9cb9a,0.5757637474541751
ck_115d86fabde77b65,0.06985743380855396
ck_eeca179341d56f8a,0.9469246435845213
ck_8e5999c436cf037e,0.013116089613034624
ck_510e7c5df1f95d90,0.9950712830957229
ck_f1acf73363925958,0.4568228105906314
ck_3c177f5970b68bd3,0.38089613034623215
ck_9cdfaa1c30cc9d32,0.08541751527494908
ck_c8efa1538b37c359,0.37344195519348267
ck_a8a2e296f9804bd7,0.7136048879837067
ck_91a0ca45f429568d,0.5334826883910386
ck_5fdf8a0bdbd3ed62,0.40562118126272917
ck_0f4e2ec66d50da5f,0.2595926680244399
ck_28c53b214b2ee882,0.8984928716904277
ck_003148504557f720,0.8740529531568227
ck_01d840cffb870615,0.9026069246435844
ck_555848d51f4b5f35,0.4735234215885947
ck_df20cc23b8fb8e22,0.4679022403258656
ck_f9604adde929beff,0.2773930753564155
ck_d66952b03591bdec,0.22505091649694503
ck_ddcac1ab765ff61a,0.4378818737270876
ck_347386629d96c664,0.4769857433808554
ck_ab01db9117acfe3d,0.2525458248472505
ck_58e5359efc52e0ad,0.18871690427698573
ck_1a524b5cc8da71b3,0.7762525458248473
ck_e9287b6d909d731f,0.2964154786150713
ck_bb41a66e3d90263b,0.89010183299389
ck_e95c8cc1864bd584,0.0719348268839104
ck_7a3f2961e9a8b6dc,0.1995519348268839
ck_378a9df82b1e0bee,0.919470468431772
ck_42633573639a3f02,0.9805702647657841
ck_2a5a4c18c2c7274b,0.29323828920570266
ck_77549c1a41f837c3,0.5467617107942974
ck_a26704b5b26258b7,0.5379226069246437
ck_9874ad160efddf50,0.48635437881873733
ck_9111e3a04b14dfba,0.7533604887983707
ck_651e076ee43aea85,0.16122199592668024
ck_391639c0f13932f3,0.04419551934826884
ck_02dbabda93c8c13d,0.6213034623217922
ck_0adcb1fffcb0a34b,0.5638289205702648
ck_7a43ef9c7b1c67b5,0.3958044806517311
ck_4b9dd69946438d0b,0.4738900203665988
ck_90bf017cdd37b66e,0.7185336048879838
ck_61c74163eb36556e,0.46207739307535634
ck_13376c59b5bd6943,0.1710386965376782
ck_62337eccb1672737,0.4468024439918533
ck_16077934338472bf,0.056374745417515276
ck_0d4dfd93086e7330,0.2786150712830957
ck_3865b7525b910893,0.5215885947046843
ck_7e2ae8b69ebd5675,0.2969450101832994
ck_b4384b6c11766ce7,0.22753564154786152
ck_3d7fa32dfb9fc692,0.8002851323828921
ck_f4a6a7cadd6e0603,0.8838696537678208
ck_212525e2828a6c45,0.8266802443991854
ck_33ad8d53394ba77a,0.9586558044806518
ck_a5051eafe8b51224,0.28093686354378816
ck_f65e5ff7da565f91,0.22647657841140528
ck_5c37f7563fa7591d,0.6061914460285133
ck_f1e0a006068aff29,0.6943380855397149
ck_c646cdead6fb79d0,0.33955193482688395
ck_f8b3cdffef535330,0.6883503054989817
ck_e5cdbe3aa12c97f6,0.43356415478615073
ck_986e4e61440506d0,0.919959266802444
ck_6da9c5912e15d9a8,0.31336048879837064
ck_51d842e6dae74c71,0.28627291242362524
ck_5fc65c24e0736d5d,0.9767413441955193
ck_babb95a76c69509d,0.7725865580448066
ck_86a2d852a9715432,0.710386965376782
ck_db4083a0d043def8,0.8756415478615072
ck_96953b8945b7d403,0.4626883910386965
ck_7831ca5c31fb3859,0.8591038696537677
ck_60ac5e5f375daa38,0.41128309572301425
ck_05d44eb1f5f085ce,0.7074541751527496
ck_432cc19c7eeaa46e,0.655030549898167
ck_7fc513033af061af,0.7427698574338086
ck_ada6ede84c111719,0.41898167006109976
ck_6343e0d3b1c2962b,0.4074134419551935
ck_010264ae04f2e902,0.9180040733197556
ck_e9dcf535f8c289eb,0.8366598778004073
ck_37143d9cc296e6fa,0.5685947046843177
ck_61fa051192f3e810,0.5765784114052953
ck_f9f93d1d41be1468,0.9424439918533605
ck_c4f4f28457be8a74,0.07160896130346232
ck_323a71f9452d21cb,0.9567413441955193
ck_170f4688e0acd875,0.8597556008146638
ck_869b1878d09d230d,0.8858655804480653
ck_2f6b33bf46976229,0.024928716904276987
ck_b11e22e75d9b99de,0.02855397148676171
ck_123d75ffb75b606d,0.2830957230142566
ck_94295287a04c85d2,0.9248065173116089
ck_1b0434f096795328,0.17841140529531568
ck_0a4e191cd0a57ce1,0.21955193482688393
ck_d2fbd0df99634676,0.5004887983706721
ck_d51df5e9fbbbcc94,0.7315682281059064
ck_2d3d7d64a6f443f8,0.3947454175152749
ck_731943c682c9394e,0.46627291242362523
ck_5ccc0c94e5e1f849,0.549857433808554
ck_c3476080516db25d,0.6364969450101833
ck_5010ffb1c94187b5,0.1566191446028513
ck_7ef666d67bc70223,0.47331975560081463
ck_c1b493527224a27a,0.2420366598778004
ck_5d1e25d7acc5af9a,0.5734419551934826
ck_ec30b61cbf517db8,0.07209775967413443
ck_79323eb5d2e5efae,0.23816700610997965
ck_4085cd3bf2661518,0.26219959266802445
ck_2ca91214c357c072,0.8826069246435846
ck_7f3132d6be389657,0.7276171079429735
ck_e7a6b925c8f39a85,0.5215885947046843
ck_c886adec7bac250a,0.5368228105906314
ck_c3f360c2d0ea0a37,0.4692057026476578
ck_a7acd5b015823793,0.37120162932790224
ck_9d64187c0800f84e,0.4430549898167006
ck_5d4ed73b9efd7d11,0.4532790224032586
ck_874eca6776b34dec,0.09743380855397149
ck_96a9221a87be93c3,0.7628513238289205
ck_68dd79a51eabf5e6,0.7377189409368635
ck_8311cb6755b2016c,0.21926680244399185
ck_16fc77b2bcf5ec03,0.96
ck_ad9e2088a33c8c72,0.00594704684317719
ck_7176bbc97b1e42a1,0.14729124236252544
ck_80dfa54b30f65fff,0.9469246435845213
ck_31c54d540b128843,0.13828920570264766
ck_43ea894480567274,0.6356008146639511
ck_9c9e8a38bd5a6c88,0.7617515274949083
ck_1c2dcae19539e148,0.7978004073319755
ck_b0fa8b84e94d8ae0,0.45295315682281057
ck_4ceb43ccd0a81c2f,0.41824847250509156
ck_ba845332b730b596,0.10285132382892057
ck_73d3e8c6077f61e6,0.880529531568228
ck_b5d0d223ef56473f,0.5681873727087576
ck_949f08f8e80e93ea,0.1615478615071283
ck_73de0b49709e5f8c,0.149979633401222
ck_b5935e9722a39819,0.7521792260692464
ck_96247fee0eb44420,0.14668024439918534
ck_a6def1e4b2d57e0d,0.5465173116089613
ck_aecdc5a96321a2d8,0.47979633401222
ck_bc61c59970f8de49,0.5725050916496944
ck_c43b4175fc9ac5bd,0.9505498981670062
ck_8ff7a9b23a55fd62,0.2760896130346232
ck_20c99b645f462449,0.2509979633401222
ck_a5ce2ae36fb410d9,0.0219959266802444
ck_96fb9bf556842bbc,0.799633401221996
ck_b5e4c6dbbed1b773,0.5019551934826884
ck_2085433978e72ea9,0.8369450101832994
ck_2c6b174b063ec637,0.41266802443991857
ck_b20b81b88dabe28d,0.12708757637474544
ck_243c18dbf150831c,0.13560081466395113
ck_2bb6a17e8eee35cc,0.7320162932790224
ck_66147fb994495396,0.9220773930753565
ck_73f124f075ede0fc,0.4571894093686354
ck_2e315f1b1e533dab,0.1828920570264766
ck_16c7bf94ed3e7a6f,0.03804480651731161
ck_4a0eae220a762ac5,0.7037067209775967
ck_dc16f939c2f44ad8,0.8354786150712831
ck_817926b449754917,0.4137270875763748
ck_0c0dde42ab64ef87,0.4830549898167006
ck_cb3a40594da6a2ee,0.7605702647657842
ck_d0dc156441fcfdcb,0.6470061099796334
ck_66f0945add423e9e,0.4782484725050916
ck_a74f6a3030f5d495,0.7735641547861507
ck_1ae460f331e49ae2,0.4584928716904277
ck_2d177b2f4f0b40c9,0.9061507128309572
ck_92e474e4368c4791,0.47556008146639517
ck_3dee83fa2d109484,0.07861507128309572
ck_80e5ea27848069fe,0.3013034623217923
ck_ed0c4a83701ca230,0.5763340122199593
ck_0b8b7c5c581fd161,0.04134419551934828
ck_60bf8a2870956fb1,0.404847250509165
ck_73a54b56a2bf35fe,0.9661914460285133
ck_2296d7a563424883,0.3235437881873727
ck_bc19c383560c7477,0.6221588594704683
ck_861d8e3d88f1079e,0.7810997963340123
ck_3f090fc96c24eb28,0.25572301425661914
ck_9a6a1f8102febfca,0.8013441955193483
ck_541b6ad5d2fa5a39,0.43678207739307534
ck_a760d38d1bc4de97,0.17784114052953154
ck_7dca4d7ee10b4eeb,0.053034623217922613
ck_15220e78d1545e40,0.7826883910386966
ck_ca24bb0de508efb0,0.5904684317718942
ck_56b389627d8f02c5,0.9528309572301426
ck_48a6754977a44db0,0.18659877800407332
ck_333a43ec339a04cb,0.885295315682281
ck_f22aacaf86a65d7e,0.8733197556008147
ck_04bd8a1ffaf3ffd8,0.10981670061099796
ck_2737a72de6b700f3,0.8092057026476578
ck_c35e03b0dd0c3454,0.4130753564154786
ck_e0571312f395cd94,0.5210997963340123
ck_09fab6b9825001b2,0.0979633401221996
ck_18c3a095606209e8,0.48545824847250507
ck_2a97db9377d01e36,0.174949083503055
ck_f29dbbfdd2786bd1,0.3995519348268839
ck_35d6c510ad29362e,0.9545010183299389
ck_5468fa99c945d785,0.5067617107942973
ck_6f8102f62c876cc9,0.5777189409368635
ck_91955aab3424ad16,0.12325865580448067
ck_9a43c0c73a39d759,0.6416293279022403
ck_60b023af6d1e30bf,0.9514052953156823
ck_9704c5cf8659cedc,0.5644806517311609
ck_7e5f02b51b9f78bf,0.8438289205702647
ck_7d3a88d1aa649708,0.960285132382892
ck_8250eddc1ecb07a0,0.7410997963340122
ck_d979ef95ee44023d,0.6385336048879837
ck_5e5461dac83531ac,0.6147861507128309
ck_d1bb8890081e0a31,0.7247657841140529
ck_32246c62640648d9,0.21327902240325863
ck_77a40c7d2f862a32,0.6713645621181263
ck_1c8b94efe9238f5b,0.09112016293279024
ck_eaf3b6d11bc3cb11,0.08993890020366599
ck_a4a7ef3ad799c380,0.4091242362525458
ck_d5bd8f68da073cd8,0.14830957230142566
ck_6e6258227fc8db7f,0.06452138492871691
ck_c35d444e05799db6,0.6409368635437882
ck_74665e1209140ae8,0.37543788187372706
ck_353a272478f7e903,0.26949083503054994
ck_a2c9796ea229a4e2,0.2164969450101833
ck_e0171f91cb3411fe,0.559837067209776
ck_703499f5410280f7,0.14704684317718938
ck_ae3a763997f8f385,0.7066395112016293
ck_f7ff94c3df5ac874,0.3866395112016293
ck_f3c16d8f747db046,0.6331568228105906
ck_7ef019ed77276496,0.1968228105906314
ck_d6a4faadab58a3de,0.22529531568228103
ck_ba7b78d31d74c794,0.5584928716904277
ck_36287d063350ce9d,0.1276171079429735
ck_5177fc7137ff26ce,0.14158859470468432
ck_dfd4e79aaa967b63,0.2210590631364562
ck_fb44d15fb93a7157,0.6482281059063137
ck_fca478361870a4ca,0.44313645621181263
ck_e57b94fe57341058,0.7737678207739307
ck_5448c946cc4758fe,0.30663951120162936
ck_c5ece5ffb8800ad4,0.2718126272912424
ck_11cb98211b2ed134,0.9709164969450101
ck_f655399ac75c4450,0.45071283095723014
ck_c817259019588d30,0.5368635437881873
ck_8740a14d8096c6e1,0.6362525458248472
ck_0c5ba86f4e05b38d,0.6232586558044807
ck_ccc917533d4b73d4,0.44810590631364566
ck_9eb80edfa43203de,0.21718940936863543
ck_d1a1cf4cf61d6801,0.46835030549898166
ck_b17c239f160e6017,0.4159674134419552
ck_410c3e13b48e0415,0.17230142566191448
ck_ab553954435e8854,0.9698167006109979
ck_bdbb4230c91e1604,0.7201629327902239
ck_8fd4937eadd64fb6,0.19160896130346233
ck_e0e90b196bef3c11,0.04606924643584522
ck_3dc4d464386f0eb2,0.9061099796334012
ck_51bbbf8f8e8ad005,0.9990224032586559
ck_c05737ab74cf03c6,0.8077800407331975
ck_dceabbe04d99afc2,0.0675356415478615
ck_5b86fd14e85bc9c7,0.9413034623217923
ck_d4febf0083800424,0.6923828920570265
ck_77d9f86dcf251739,0.23067209775967418
ck_b4dcebc543deaafb,0.7012219959266802
ck_cb856e75c949b0cc,0.012871690427698573
ck_61b067de8ffc1ca1,0.6094093686354379
ck_c0e8560ccfd9dd9d,0.25474541751527496
ck_173e1198c341087b,0.44883910386965375
ck_b4d55bc809000276,0.5119755600814664
ck_839bf139296b5cea,0.5236659877800407
ck_78cd402a2a4f2e35,0.09429735234215887
ck_c2925c50ebacbdba,0.3382484725050916
ck_5e3bc76eddbdb0a6,0.2416293279022403
ck_b7793edca26fc512,0.5145417515274948
ck_d79bdf04d6f31cd5,0.3453767820773931
ck_4b97d19ed946f503,0.719918533604888
ck_37139b41c5370523,0.8016293279022402
ck_8c346eeefa9ce692,0.4062729124236253
ck_2ab7eddee2d8c49e,0.21254582484725051
ck_29da59ea3bffb9d8,0.8400407331975559
ck_c1d05ef0ec6e4be7,0.3831364562118127
ck_3882423b449f6291,0.9808553971486762
ck_5647030283171ed5,0.9316089613034623
ck_efbdcd9c181e72ca,0.4130346232179226
ck_192fdad892782daf,0.8718126272912423
ck_0bf2e13b9f2601ac,0.5875763747454175
ck_3d6046a533057795,0.6318940936863544
ck_279a1d3a3836e5cc,0.5012219959266803
ck_c375e929becde422,0.3734826883910387
ck_a59e90219939a1f0,0.3261099796334012
ck_4e9fba1ec54c3ff8,0.4457433808553971
ck_bcbd8588a13f5eef,0.08199592668024441
ck_5f9a7ff990341bdd,0.20138492871690428
ck_e0403d507519b7d2,0.4039511201629328
ck_c9490cb61aff5112,0.7427698574338086
ck_41dd44308e6a665a,0.8926272912423625
ck_76c23726cd7ca947,0.7871283095723014
ck_9be551300209fa83,0.7119348268839103
ck_a98848eec6c9581e,0.5114867617107943
ck_61176dafb33b2d8a,0.9322199592668026
ck_92de019e05971ce3,0.4153564154786151
ck_5d644224135d7c65,0.7787780040733198
ck_c767fc454fa215d0,0.2637474541751528
ck_5df85a8924e11f27,0.7136863543788188
ck_da2729307af06ed5,0.6236659877800408
ck_7c6b577174af7a78,0.5392668024439918
ck_893b8afbe11301e1,0.3410997963340122
ck_e06f6fed020ae014,0.3741751527494908
ck_386680372fb54857,0.22879837067209777
ck_7a7f3c4fe0c9d2ca,0.21494908350305497
ck_f908b527c4db422d,0.8217515274949083
ck_ec2eee6a133e9a6f,0.8744602851323828
ck_d98934f9fe0b02b3,0.034460285132382903
ck_398a1ed77b0130e5,0.7080244399185336
ck_d960af7a55b892b1,0.24814663951120164
ck_4637e54a9f79e2e7,0.27071283095723014
ck_02b9f418524f6650,0.625091649694501
ck_d4b23804cebb045d,0.48920570264765784
ck_35b1939c48182a9a,0.2806924643584521
ck_2dcbb71e39d64305,0.6954378818737271
ck_47a884dec960ff2d,0.2809368635437882
ck_71fd8c346fde5cca,0.7707942973523423
ck_98e1992ac8e7d2de,0.7921792260692464
ck_ae7780327e210522,0.6019959266802444
ck_e6c584b4b1ad6d9d,0.29523421588594706
ck_344b2e326a6c3dcc,0.2090427698574338
ck_9aa899a5230b0963,0.6730346232179226
ck_e48d14d5b70ef5aa,0.6839511201629328
ck_59d380a0973b3951,0.41539714867617106
ck_11318f7c041a5ba9,0.4375560081466395
ck_7061786fe2f22f5a,0.6366191446028513
ck_e77529651c416cf7,0.41213849287169046
ck_7f79878197340435,0.16818737270875767
ck_b0a0fb0ee9ebf106,0.2722606924643584
ck_70c7679199776a90,0.7054989816700612
ck_b9facd2210daca5c,0.6178004073319756
ck_9949f53c155b8dde,0.7263543788187372
ck_1c607e24f2c4397a,0.7435845213849286
ck_aefd1ce3ce093cbd,0.2830549898167006
ck_5a29b7018e43280c,0.05091649694501019
ck_69eb0b2ccfbe5f95,0.43486761710794297
ck_fe037765aa465c58,0.5927902240325865
ck_5e512ef5362a3dd6,0.17755600814663952
ck_544a9e80b7fdc279,0.2025254582484725
ck_7825494e654d5695,0.6559266802443992
ck_f1f2c3c623553f0d,0.08109979633401221
ck_52730906e5b461eb,0.9620366598778004
ck_01e0689157fe9617,0.920081466395112
ck_9da82e567074da9d,0.7464765784114052
ck_6a17384072f904c0,0.5592260692464359
ck_8d84d771a21942a7,0.11360488798370673
ck_39638880292782a7,0.5057026476578411
ck_7d51c86e0eec72ac,0.45653767820773933
ck_45f4c821c70d134f,0.9512423625254582
ck_0af3c13ba56ce57c,0.07955193482688391
ck_0789a05e061b2784,0.9043584521384929
ck_6ba091eb42ffa9fb,0.8875356415478615
ck_265accb3c5c32620,0.8460285132382892
ck_179039559ff7566c,0.4573930753564155
ck_17c0a6a92b5765cf,0.21621181262729122
ck_59371c9140239fd7,0.684847250509165
ck_f9c4f8b4ce2691f0,0.5435845213849287
ck_a2637e4872cf4811,0.8911201629327903
ck_1de43fd6c6c22a5f,0.859674134419552
ck_6e4f31bd108571f0,0.10077393075356417
ck_da06d97db0b18851,0.08843177189409368
ck_e0346d5081e640e8,0.7681873727087576
ck_c1c7d4e62c9fcded,0.8308757637474542
ck_2595669e421299f6,0.649531568228106
ck_3b6057d51fd4c7d6,0.09898167006109977
ck_c5f8ab515840a0fe,0.450020366598778
ck_435cb24538c6f77c,0.7368635437881874
ck_d84b5403da4cea7b,0.6059877800407332
ck_c2b61a98d1c8f6dd,0.9575152749490835
ck_c9dcd92b2f836b61,0.8395519348268838
ck_9eb5b3f5f672c2b1,0.14843177189409368
ck_e4cf189a8d31649a,0.29103869653767817
ck_6b114f2a48152b96,0.06908350305498981
ck_3fb95862b70f505c,0.6992260692464358
ck_7f780f465c29398e,0.3956822810590631
ck_ee387f9da79e67ea,0.5187780040733198
ck_fa3b1e85d27af2ee,0.734908350305499
ck_e739eaaa7a1822f2,0.645336048879837
ck_dfa0ac11fcb1dabd,0.11132382892057027
ck_6e8751b571ea54d1,0.5333197556008147
ck_2d695f8358383092,0.6029327902240326
ck_e7dce27edb700f27,0.4523421588594705
ck_e322da8b213eab52,0.2635437881873727
ck_d0b32e039abb8200,0.23975560081466396
ck_b354003302b272ca,0.2410183299389002
ck_f7485cba392bc294,0.9050509164969449
ck_d6a290ff8362c7b9,0.8407739307535642
ck_c56a44fe315c0389,0.26529531568228104
ck_f77dfe6512eae322,0.4592668024439919
ck_35fe969c58b9e70b,0.8082688391038697
ck_4c518637db2322d5,0.8479022403258656
ck_cb61902798ecc4fd,0.5585336048879836
ck_56e6cfa32156a916,0.28484725050916493
ck_343e6ed2b9d35c01,0.4167820773930754
ck_51440f64f7250ad7,0.6669246435845214
ck_295bca29c34cfe2e,0.6650509164969449
ck_dd30558576b45e7b,0.4698981670061099
ck_3a30132a57181fe3,0.8088798370672098
ck_4a733aeb833406f4,0.4239103869653768
ck_1b0b7c3d35ab1259,0.6874134419551934
ck_962c3bbf27cd4b80,0.8092057026476578
ck_9528e1d6b1707870,0.7178818737270876
ck_b3263e7f31aab45f,0.6656619144602851
ck_e69195a3c885053d,0.07087576374745416
ck_a907fa8795cd4baf,0.1064765784114053
ck_205c3405045bd835,0.18386965376782077
ck_e81fc223bed3c46a,0.6848065173116089
ck_363751deae40edfb,0.9218329938900203
ck_6176baea8cbebbb6,0.330061099796334
ck_633e6579f5c74a5c,0.9718533604887984
ck_ddc11fc481eef58d,0.6462321792260692
ck_e975002c979e12c7,0.7615885947046843
ck_8e039b23acaaac00,0.700040733197556
ck_1d6990d94a4d2ad6,0.5463136456211812
ck_e7b583acaa3171a2,0.8294501018329938
ck_c0133f60d39b2fb5,0.4137270875763748
ck_7d6bff85e7a694bc,0.14606924643584523
ck_d305b4d82f63f647,0.08081466395112016
ck_22bd0fc71f95e048,0.7661099796334012
ck_9a65fcfc7916f93f,0.16114052953156824
ck_d61c837b0106085a,0.8029735234215886
ck_be86a1db08dea456,0.43808553971486763
ck_90489c405e6886d8,0.17804480651731158
ck_0add2c321d579d75,0.5759674134419552
ck_482dea6eed92cbbc,0.48403258655804476
ck_c24b47184534cc2c,0.9906313645621181
ck_fa04ac31e596e7d6,0.4207739307535642
ck_084322dc5a3a86f0,0.5291649694501017
ck_ccb72a33cc1877b7,0.6597556008146639
ck_afaf374009d3b248,0.37780040733197556
ck_b53084ffede19a8e,0.03160896130346233
ck_4760216154c8cac2,0.9453767820773931
ck_37ad3a65db673e70,0.2672912423625255
ck_0c2932cc0d553694,0.3385743380855397
ck_86b853c52f20fef5,0.16468431771894093
ck_38703b7546d35a80,0.7393890020366598
ck_218b7e6e6dbd2da0,0.31205702647657835
ck_402db4184982fdf5,0.4687576374745418
ck_f917c82af80e4a79,0.8421995926680245
ck_3c6417a233c68c73,0.5807739307535642
ck_98068c397d70dd3a,0.565254582484725
ck_b1cbd6679c0f8d95,0.18769857433808554
ck_9e962f9bb0e7bac2,0.5315682281059062
ck_b08247c3ad567d92,0.9291242362525458
ck_3ef7a03ebb81cfe3,0.01812627291242363
ck_5d7ae0e3562e99bf,0.8083095723014256
ck_c91a628236baf91b,0.8872912423625254
ck_7f8e816ca51755e3,0.9542158859470469
ck_5aadd286d188f5c3,0.2245621181262729
ck_a037aff5f8128c73,0.24219959266802443
ck_5df6529ce8290906,0.4157637474541751
ck_5f3609511443e5a8,0.2485947046843177
ck_a6f61864fac3c8fb,0.35291242362525455
ck_2733fc6ba23ae46e,0.6731975560081467
ck_22bfb9246646eb41,0.9530753564154786
ck_bfc2a57d8fd1610c,0.9427291242362525
ck_49839e761d0e74e9,0.21189409368635437
ck_aa4ba931dd37481d,0.2785743380855397
ck_2f9fa0d61829f815,0.27429735234215885
ck_5b82c774df10d49b,0.07075356415478615
ck_411219470d0a195c,0.494867617107943
ck_d07485ba10514a2d,0.9153156822810591
ck_219bef979ee21bdf,0.05572301425661915
ck_eb1006e7285184a6,0.6802851323828921
ck_fd242b18575e3063,0.8311201629327902
ck_95188150ff059c70,0.8017515274949083
ck_a9ca2f447b984a6a,0.540366598778004
ck_2dd39723c4088b64,0.5309979633401222
ck_aa2b4c662ff213b6,0.44574338085539716
ck_1867b1199c864db5,0.6388594704684318
ck_850ec97a5a0dab9a,0.5812627291242363
ck_562320295fa35875,0.2019959266802444
ck_bab5759b07fe2bea,0.22830957230142565
ck_b9f1465d803e57b2,0.8749490835030549
ck_8f21f2690c32c691,0.834867617107943
ck_df87d6f61a63eb21,0.31580448065173117
ck_770475876d0e7e6a,0.254826883910387
ck_b4c014d5c0cc9eb2,0.23698574338085537
ck_3add4d23124c9290,0.2923828920570265
ck_bce5b7fecfb6264d,0.8608146639511203
ck_604c17cb97dc89be,0.7925050916496945
ck_e52cbcd9aafd26b2,0.24281059063136456
ck_0ac9114076f5bf3d,0.3818737270875764
ck_dcc125b178b79566,0.011120162932790226
ck_4e333c09f0c37dee,0.5615478615071283
ck_ff7e31ff8ba731e5,0.4885539714867617
ck_8d0532d24f1070d1,0.009775967413441954
ck_3689fa41748a6f6b,0.8890427698574337
ck_7509eb97c1948b16,0.33775967413441954
ck_a9161cf1ca22a6bf,0.46859470468431774
ck_bed3e3db135b782e,0.6767006109979633
ck_9040edd974ef8e3f,0.9268839103869654
ck_fac32d76ed40f683,0.47723014256619145
ck_3d7b1078e2d57c69,0.16260692464358453
ck_dae09c4e074af5dd,0.44460285132382893
ck_fd84507228467b40,0.7195112016293279
ck_e2a2ce9b8cf44c63,0.4103869653767821
ck_cbe716f351d660d4,0.5819144602851324
ck_cba4162ef29a6d27,0.5032179226069247
ck_4f1e962ff8a29732,0.1323014256619145
ck_39a81899dded61e4,0.309816700610998
ck_25382331551d22a5,0.8000407331975561
ck_6d64e1c07b19856e,0.4486354378818737
ck_165a868bdef28ad3,0.7659877800407332
ck_88774ae52e30e877,0.8438696537678207
ck_fc7a9d0643570053,0.0814663951120163
ck_c2017120b3b88a46,0.4318533604887984
ck_d115ac6b9fd62a7e,0.2856211812627291
ck_439cf7d51ec7de0f,0.7513645621181262
ck_2468a7e9e68a0927,0.3111201629327902
ck_7c418947124dee8f,0.8272097759674135
ck_fb0cf32c4a56f740,0.5006517311608961
ck_694eb6c43193afd4,0.5448472505091649
ck_993beb188dd4abb6,0.4679429735234216
ck_77fa39d3b733c226,0.8235845213849287
ck_49969a9abc47cb69,0.6161303462321792
ck_d3f44bbe2f7e9b2d,0.6960488798370672
ck_fcf5b8216d0c18ef,0.3410997963340122
ck_daefe1e2d2bc362d,0.34753564154786143
ck_9c9287cb28950eb6,0.7502240325865581
ck_c1d1a625b885a975,0.6319348268839103
ck_71b37fe47490b4ba,0.22509164969450104
ck_5d16e257c0635f7e,0.9443584521384929
ck_15918075563eb074,0.12562118126272911
ck_9a15fdefc47e8d11,0.4845621181262729
ck_6f04d047d1dde75e,0.03140529531568228
ck_1af2c0b3b8d202c1,0.40769857433808554
ck_174be2231c5fd2b6,0.13771894093686354
ck_bb0713a2a1d65982,0.3402851323828921
ck_0daec63bd5b0729d,0.6256619144602852
ck_c0b5cc3e8ad2ff44,0.7509572301425662
ck_35bee1fc12664644,0.874989816700611
ck_a1c7cf63467df4c2,0.1613849287169043
ck_ecb1e15f0b185ceb,0.8726680244399185
ck_f280d31f54a4710a,0.5573523421588595
ck_30f4b2ee8abe1342,0.8621588594704684
ck_66bed631354de5b7,0.48452138492871694
ck_c2d3ecd7278eba2c,0.06965376782077393
ck_e901dec0e09eccbb,0.09136456211812627
ck_5d038ecb3c8748a3,0.2759266802443992
ck_283c5bea94b21e80,0.16386965376782078
ck_7956c251b85f009e,0.9614663951120164
ck_9f5f81d771146aa1,0.014989816700610998
ck_9323e6fc1e168eda,0.9514460285132383
ck_10495d3a635b8d69,0.8501018329938901
ck_1982d571cd36eb0c,0.3705498981670061
ck_4f5d7985bcc2eda4,0.2307128309572301
ck_7df526b2b4410bb4,0.6521792260692465
ck_dbb498b1a346a402,0.051934826883910386
ck_ef059997563e3330,0.3994297352342159
ck_02ec4e06709e6b82,0.2178818737270876
ck_9782c86ba6485f88,0.05906313645621181
ck_d69de468b44143ca,0.24855397148676173
ck_6430a8792f400e0a,0.10065173116089615
ck_8285bd3c90af94f6,0.49572301425661913
ck_985c9ca112000e9a,0.7271283095723015
ck_e679fbf4f4f4aa07,0.2830957230142566
ck_016e8c8eaf9d511b,0.5533604887983707
ck_bc996c523944644b,0.5839918533604889
ck_5b8315726f6204e0,0.4865173116089613
ck_78181f8e998e442f,0.06093686354378819
ck_71c68dfd011dbbbe,0.944847250509165
ck_db32c95ce2b6f502,0.9332382892057027
ck_755010362a9b1bc4,0.10069246435845214
ck_114141d85256c9ff,0.01617107942973523
ck_9d1a5cf5a3b87e48,0.424847250509165
ck_ab640420858ab5c4,0.8915682281059063
ck_97a8dac48dd62488,0.8868024439918534
ck_879cc3166fe1bada,0.029694501018329947
ck_b0ed11080076e381,0.31462321792260695
ck_7334a9ec656263b2,0.14643584521384928
ck_6494f0ef13ce44d9,0.5693279022403259
ck_724e459b9ece38f4,0.6540936863543788
ck_7fd8b1470401695f,0.9426883910386965
ck_292f81186358b0fa,0.3558859470468432
ck_fa7de64d37287615,0.7061914460285132
ck_d00e09e66ed6458b,0.8768228105906315
ck_b8d210e741be186e,0.10154786150712831
ck_3db59982cbae4410,0.7867617107942972
ck_69887d0a9aaca6df,0.06863543788187372
ck_4feb21e2fb0b3977,0.40338085539714863
ck_08c6cc1e143475e3,0.2437067209775967
ck_fe6e168cdbb46b9a,0.8215478615071283
ck_07f1734be7fac56a,0.6465173116089613
ck_d66d59981307db93,0.8263951120162933
ck_f928dba0d587d7c1,0.130183299389002
ck_786448fe3004cbd0,0.3072912423625255
ck_29ea329fa40ace62,0.4615071283095723
ck_7ea52b6f27edcb73,0.7010183299389002
ck_18bc51bbf3ef198e,0.7126680244399185
ck_44950df09ff14ded,0.2154378818737271
ck_c1466b52c0a10b93,0.4242769857433809
ck_6cdac067cc4db5c5,0.6791853360488798
ck_53f55c6e8cf2d432,0.15857433808553972
ck_95945f48453ca532,0.7734826883910387
ck_87cce4126e215153,0.36480651731160896
ck_1ecd5516c92caa4f,0.13784114052953156
ck_819b482bca14c068,0.9511608961303462
ck_a61a879dd46fc9f2,0.3917718940936863
ck_af70aa32c009c3c9,0.7333604887983707
ck_f4fe78e249092ab1,0.5419144602851323
ck_12c46bc52bf45b36,0.7125865580448065
ck_f05f5e4b40afa52f,0.7868431771894093
ck_0f8cb09d3f4fc980,0.7608961303462322
ck_80a64a7f0275a71d,0.29474541751527494
ck_683af7b1540a0b22,0.7671690427698574
ck_51fe0b613c076cbe,0.279959266802444
ck_da1a2450219dcf19,0.6416700610997963
ck_2a7eba01ceba6c2c,0.8132382892057026
ck_4e329e29dfa743ea,0.9344602851323829
ck_0274d881d6db82c8,0.28187372708757635
ck_0af5b7d128035b35,0.4938085539714867
ck_ae0a7be6b0a0ea68,0.5571079429735234
ck_de5bb7a4d091386d,0.874949083503055
ck_2bb7c17168a9d17d,0.5371486761710794
ck_0ffdff7b2f5fdfe4,0.49657841140529535
ck_718a8390b3d42d7d,0.3873319755600815
ck_7c4f12d70f184533,0.05523421588594704
ck_d3e2c26b8adff099,0.5894908350305499
ck_ac9d3d9754104cf0,0.0709979633401222
ck_3b1766a1d51f8f0e,0.8919348268839102
ck_a9bf75bea912027b,0.665132382892057
ck_687eab3ffe1f8cfa,0.4663543788187373
ck_25dd0b02af5b2f37,0.6942566191446029
ck_1747fcc466f0ae38,0.04977596741344196
ck_f6e9d14dfb6f3c28,0.7235437881873727
ck_c6a7bbd0adc4d5f3,0.7820773930753564
ck_46656a23f4456d22,0.9540122199592668
ck_7519260415c2998e,0.665498981670061
ck_754f30ea19df857c,0.6496945010183299
ck_ba88a244d5f7380f,0.4064765784114053
ck_f268416945316815,0.4026069246435845
ck_21860dd2159dff28,0.11120162932790223
ck_7a86ef4e2beaec38,0.03812627291242362
ck_0414507baeea936a,0.6931160896130346
ck_60796eb60fc3043e,0.3286761710794297
ck_1e0841ed17fe0562,0.515030549898167
ck_0d641d32658d6e0f,0.2235030549898167
ck_b36086ae6d87eec1,0.3221588594704684
ck_962e65ab33b5c311,0.9785336048879838
ck_b046a42684468e63,0.39853360488798373
ck_ab3426435b0017d6,0.7505498981670061
ck_fcfe06e44d09a344,0.5675356415478615
ck_0f6d916c92189516,0.5167413441955193
ck_d4c8f0d957c3965d,0.6502647657841141
ck_2ca83dbd728af019,0.18619144602851323
ck_2857a4ce9f72fbfa,0.22069246435845213
ck_a60e6edc48e3d0ac,0.9359674134419552
ck_0cbd3b27063d4415,0.7943380855397149
ck_612089ec90c37219,0.5501425661914461
ck_ec4e597f17f473c6,0.16052953156822808
ck_1c93cc58f314bf71,0.7589002036659878
ck_2b359a979520276e,0.23409368635437883
ck_1496568ddc3b2d56,0.7184114052953157
ck_41d91dc9f5063566,0.5629327902240325
ck_4c5ff58afe3d7a67,0.09075356415478616
ck_81709736281fa3eb,0.026517311608961307
ck_d89abbab3d4957aa,0.2155600814663951
ck_52453401f88935da,0.5737270875763747
ck_a477654d34783e06,0.17979633401221995
ck_72dd0dbdf808cb00,0.7736863543788187
ck_c183dff3781746cb,0.8664765784114052
ck_c8b7f241810b45e5,0.0764969450101833
ck_f88028c3f306bc70,0.670427698574338
ck_91d48d69e4f5d9c2,0.17266802443991852
ck_b74b9ba6d7c9aab7,0.8813441955193482
ck_03e904682dc73bba,0.4775152749490835
ck_fc6fed6ea96a004a,0.3408961303462322
ck_51efdd240e34c642,0.6631771894093687
ck_e78ab4ff52b5fd2d,0.28464358452138494
ck_4af7b97c24d89a45,0.7642769857433809
ck_295c0072eca7f7a2,0.3965784114052954
ck_8abd1a50a9227463,0.3507535641547861
ck_ecaa6f13304e3dc5,0.04529531568228107
ck_de436e7b319be1fa,0.9926272912423625
ck_c802cf8f61466027,0.07458248472505091
ck_3d83e0a3c1cfbf8b,0.8105906313645621
ck_28d2003c2d16e4b6,0.05898167006109979
ck_8ddaf745bbb9cd62,0.018737270875763747
ck_493b6256091014cd,0.7886761710794298
ck_a2245822cfea997d,0.19283095723014254
ck_f7305b3c64cf8a03,0.839918533604888
ck_9937dad93a0ed3c1,0.17205702647657842
ck_d654449f9231ad76,0.2308757637474542
ck_850e2b59bc535490,0.745254582484725
ck_e55e5bdfc0242aef,0.7009775967413442
ck_d35c51e981b98c5c,0.3316089613034623
ck_27cdf9c5e6f0915b,0.47152749490835033
ck_d328db1e1052d820,0.5461507128309572
ck_0ea30eff5f361cba,0.27010183299389
ck_9994323f97109f4b,0.9852138492871689
ck_09054e97bdf9624e,0.06635437881873726
ck_723b4afc388113c8,0.17368635437881874
ck_588f6e6a6a6d93e8,0.49352342158859475
ck_e1d563fab4d6116a,0.20969450101832995
ck_53aca610e20598bc,0.3778818737270876
ck_c8131ddc7ed33448,0.32154786150712833
ck_899f88464305824a,0.7619144602851324
ck_1c17c65804f8889e,0.4565784114052953
ck_45a16ce12893cf9b,0.3558452138492872
ck_f9d481aa4f9b2808,0.9389002036659877
ck_1d5d74169cf892ef,0.6671283095723014
ck_aba32acb61c1aaca,0.7454175152749491
ck_ec4dd3675a8d28cc,0.400040733197556
ck_5dcd443fe0bbdeac,0.12309572301425661
ck_3a47e3f54475e854,0.22065173116089612
ck_a9aa5c344c315532,0.8441955193482689
ck_9652283c9f61fcec,0.24085539714867613
ck_752dd3d2487f78ea,0.38468431771894096
ck_a821980ac4db9943,0.9141751527494908
ck_93e0d6befb67f7a1,0.6458248472505093
ck_e7a3881c3e36bd51,0.8432586558044807
ck_12631b78f8a03df2,0.13987780040733197
ck_57b8226610b48854,0.3420366598778004
ck_352657008983fd4b,0.7375967413441955
ck_0841a5c24fd3dd28,0.5593890020366599
ck_db9b9d5d30f74070,0.8360896130346231
ck_a9dded7f6294e44f,0.7184928716904277
ck_91a16336ce3217dc,0.7380448065173115
ck_371bd9388b287677,0.016211812627291246
ck_f285e5e1912a7c62,0.08138492871690428
ck_368b65fca69fc415,0.764806517311609
ck_d27a73596b6500c2,0.5286354378818737
ck_2d963f9b2c4d11e1,0.759511201629328
ck_7c500e219af39486,0.21869653767820774
ck_7d025dea5951cba7,0.24382892057026476
ck_32f632706608859e,0.3143788187372709
ck_53816231f3ffb48d,0.1345010183299389
ck_9dbe184e81c1ca8d,0.7773523421588594
ck_d74123617f22a21e,0.2420366598778004
ck_275386782b1606f8,0.16154786150712835
ck_0b0e79d33e50cba5,0.12285132382892058
ck_ba93cb604f792915,0.6708350305498982
ck_a86cd653472eccbc,0.4372301425661914
ck_87771861e0447210,0.8775967413441956
ck_212380e0371d8a6d,0.6086354378818737
ck_ef0d702d7b0ed745,0.08476578411405294
ck_2b8f33e22f939372,0.9580448065173117
ck_480347ad92037105,0.37059063136456216
ck_20124c3a16c53ce4,0.3945010183299389
ck_c9e1e3229baae708,0.46924643584521386
ck_b1befe967f7a5ebf,0.7813849287169042
ck_4672167d7c989bbf,0.8506313645621182
ck_f0c44ee5e3a42e3d,0.765213849287169
ck_c416357d20238a4e,0.4230957230142566
ck_d0f470f8078c91df,0.3719348268839104
ck_3a70b4ee59084715,0.24945010183299388
ck_179ed66cdfc1ce27,0.2136456211812627
ck_387e5a7f163c7837,0.5583299389002037
ck_08fb463e69f647c8,0.9913645621181262
ck_732f725747393ec8,0.660081466395112
ck_7cc5e0fa3ca5a713,0.07421588594704684
ck_ad4a4daa826ac68b,0.8545417515274949
ck_472e0be7a3b533bb,0.7296130346232179
ck_7190177963eafdd9,0.4078615071283096
ck_647ac26c5900f082,0.1809775967413442
ck_272ae2179bbd8e58,0.29727087576374744
ck_09b0d8af304646bd,0.01690427698574338
ck_ca0cc8ea9f344408,0.4089613034623218
ck_332ad134fb909869,0.3940936863543788
ck_fca2798914627dc8,0.860122199592668
ck_4450b55f462ae134,0.29967413441955193
ck_d67d9dfb60b286b9,0.10936863543788189
ck_a9d2bb4f2bde7052,0.15523421588594705
ck_929bcae878a3ecb3,0.9175152749490836
ck_59a9e000fa275e1f,0.5256211812627292
ck_57f17254e2688637,0.6081873727087576
ck_0508908697f60ce3,0.8736456211812627
ck_946afc2943298d26,0.15796334012219962
ck_7176d12b18f2cc0e,0.4534419551934827
ck_5c47b49c26cce286,0.6243991853360489
ck_b6a2bdb2d335e1d0,0.9903869653767821
ck_1d58f6caaa4d012c,0.5153564154786151
ck_71c917295020ccc7,0.27523421588594704
ck_bc89644ae3688995,0.3181670061099796
ck_e7c212f16d6df272,0.5878207739307535
ck_c6d2e11a368184e6,0.2773930753564155
ck_eed7f1f7548df15b,0.46586558044806525
ck_75b69034000ca7bb,0.7468839103869653
ck_38da3bf629458682,0.22224032586558043
ck_90114c891239d821,0.20480651731160895
ck_8ee08f6777cc155b,0.6042362525458249
ck_bd86132499defcd0,0.3221588594704684
ck_b95fbf2b5640aa82,0.49356415478615073
ck_c530235393360e3b,0.5336456211812628
ck_be52a7ec43241ba4,0.694786150712831
ck_d96eb3cc55f2772f,0.5307942973523422
ck_dd34f0a844fb115d,0.8985743380855398
ck_17cc7b411f448e66,0.6997148676171079
ck_856ea65fa27d06dd,0.7331568228105907
ck_056d5f0301c30902,0.9015885947046843
ck_e662b14b2bab23a2,0.8324643584521385
ck_209f574c8d92274e,0.5174745417515275
ck_62720b81617896cc,0.28065173116089615
ck_041614694b77e599,0.39401221995926683
ck_461e3f7b97db8d16,0.8901018329938901
ck_1b74b798eebeabdc,0.47832993890020364
ck_0ed2739384f1d644,0.33702647657841145
ck_5a4d19f1b83feeb8,0.07771894093686355
ck_463937167965a1f8,0.594745417515275
ck_9d7151dbdf100e0e,0.6207331975560082
ck_20a7d1ce6cc27312,0.15894093686354377
ck_6031211ff118cf0f,0.045050916496945
ck_a6fc92aa91e99b77,0.9707128309572302
ck_0aaaa9d2f75a0518,0.655071283095723
ck_ec26e327cc1848b2,0.28476578411405296
ck_0e6bebf8ae9b9b03,0.595030549898167
ck_e107537a4cb738f4,0.4029735234215886
ck_e8ea56e122a5a487,0.7303054989816701
ck_98149ed45d38c4d3,0.6768228105906313
ck_0e719b3a6906b8f1,0.0032586558044806514
ck_0c6e7bd357e4a348,0.08574338085539715
ck_d3b2b250da61db19,0.9685132382892057
ck_8bb6b0a292754576,0.8838696537678208
ck_87d70f5fe48a6128,0.7172708757637475
ck_ea9edf9c107d429f,0.4371894093686354
ck_059806c52cebe4f1,0.9006924643584522
ck_a72d6df666e1c21c,0.36692464358452137
ck_1d2b80ab6c4944b9,0.2363747454175153
ck_60557f077abc42ca,0.9255397148676172
ck_e5f5cb7dd6ce4a37,0.7118126272912424
ck_4c4a939154446053,0.13918533604887984
ck_50ede3eb561a202c,0.5687169042769857
ck_6d03a542922b2ae8,0.2720977596741344
ck_d6fe761ed0db3270,0.5980448065173116
ck_7f0cd6ea3096f985,0.10183299389002037
ck_23edb6d938a3b87b,0.2468839103869654
ck_799aaf9f2b9ef621,0.46863543788187373
ck_f8f6a03613b6dda8,0.3145824847250509
ck_7cffb189f4f514ec,0.9878615071283097
ck_c081e1967dcd811f,0.7076985743380855
ck_583d6ca78c97d91e,0.9267617107942974
ck_9332bbc7125219a7,0.3215071283095723
ck_956b5af6d7d86c65,0.965010183299389
ck_2d634e3f24681c0f,0.6206924643584522
ck_7b35d218ed0c5a60,0.5241547861507129
ck_ca5b1057f8248f73,0.5190631364562117
ck_ec5ea81cf813597c,0.35185336048879834
ck_eaebaf4d28400fb8,0.4442362525458249
ck_ae2ab6be219219aa,0.13906313645621182
ck_d99a8b4c820eb46b,0.2782892057026477
ck_bcfb7ffb7cd428bd,0.2894501018329939
ck_3dd542c2d31be2c0,0.4180855397148676
ck_c7dd84401e29a7fc,0.11641547861507129
ck_c4bcc7cefd40f8e2,0.07580448065173118
ck_c251898b5d51e3b0,0.3852545824847251
ck_36d37be780c1291c,0.21038696537678206
ck_99b4f266b61ae7ee,0.5940122199592668
ck_c37f03995f0f0169,0.05409368635437883
ck_65a23ac8e44eb901,0.29234215885947046
ck_644b1c1149eea9e0,0.47910386965376783
ck_9cf44eb0237c2429,0.21873727087576375
ck_20541686a94fb71c,0.79959266802444
ck_c18245be844680f3,0.3951120162932791
ck_56de216eda6b7fa6,0.010753564154786151
ck_406c4442dee45cd1,0.019103869653767824
ck_df1585c7d72a96e0,0.1603258655804481
ck_b8e8dba20676d87b,0.565132382892057
ck_0ee6965e68efc177,0.5823217922606925
ck_c2a5c54ad8d0d297,0.6758859470468432
ck_bf6fb7e6470e95cb,0.04525458248472505
ck_27fa694569140345,0.010142566191446031
ck_e04166b0ce66393a,0.24395112016293277
ck_8742114f4f0cb22c,0.7958452138492872
ck_6eceeafd56b42576,0.8334419551934826
ck_34f9951b0eca1965,0.5821181262729125
ck_384ccecd342a24ad,0.16651731160896133
ck_49c98bebd1338879,0.09735234215885946
ck_6c26c12071c91ff6,0.15173116089613034
ck_01e5986ebb9a78f1,0.5516904276985743
ck_121db7ba3be29ee8,0.7308757637474541
ck_039e6d5a330cea1a,0.86989816700611
ck_ae8c9163cf957d7e,0.43307535641547856
ck_3f5e8f3f1df0c8c7,0.8855397148676172
ck_b1c51fdafcd80122,0.5357637474541752
ck_12e2b5ebfe8986b2,0.14830957230142566
ck_d55eb81a4d543c59,0.4641547861507128
ck_f85155ca5c312c7b,0.789735234215886
ck_133d8a1ac7c0e301,0.9972301425661916
ck_04212a9bb9b28696,0.9994704684317719
ck_4cc11c7d3ca61f73,0.13975560081466398
ck_2df4854186ec515b,0.5825661914460285
ck_aa9b28e7fc43af79,0.9221181262729123
ck_47cad6c3def4c9e4,0.1274949083503055
ck_fbff7b5da8111567,0.3397148676171079
ck_bd25ea782e375b22,0.6767006109979634
ck_7989376f8cf64a9d,0.6862321792260693
ck_675c0ca1ebb1051c,0.18712830957230142
ck_1436f6e11d4008f9,0.4307128309572301
ck_812cb3a4482cc618,0.6213849287169042
ck_6e606f73a1094afd,0.7734012219959268
ck_1b708e2a4a0584dd,0.5043177189409369
ck_a60d6b324bae0330,0.6417107942973523
ck_706a4f673a9fda3b,0.9211405295315682
ck_a75ece9a9044eed0,0.09413441955193483
ck_9aa45c4e03c8c57a,0.6144195519348268
ck_9fe9bdce982b312c,0.7990631364562117
ck_c6fbdc5ba68a8466,0.5154378818737271
ck_ed0cc1b1c28f9511,0.6894501018329939
ck_a4e2607b4c8021e8,0.022647657841140527
ck_e02f93f51cc8caf3,0.31743380855397146
ck_7084ed3cf20781b7,0.7540529531568229
ck_cd4c63155570d6ea,0.2674541751527495
ck_d1b9e5d32d2d789f,0.22940936863543787
ck_68f56f6560a7a933,0.2404480651731161
ck_8bedacc6233c6269,0.49417515274949086
ck_ab7cb50407d6b13e,0.7113238289205702
ck_f17ed7e0fd687742,0.749653767820774
ck_b0fe4b92fc70f72c,0.1036252545824847
ck_84d62b8196da2452,0.3778818737270876
ck_9e298cae167f4693,0.16737270875763746
ck_405b20ef9ad0ba5f,0.8279022403258656
ck_813e02e1ababd177,0.3842769857433808
ck_f234ab47061ba7c0,0.05531568228105905
ck_22b587c18363899a,0.39389002036659876
ck_4e862c2f48c38aeb,0.14089613034623216
ck_b89cb90a420c9075,0.2594704684317719
ck_be2251640f27a3c9,0.8939307535641547
ck_46bec0bff167ed3f,0.549938900203666
ck_c0032232c2868328,0.1995112016293279
ck_030cf09525dba4ba,0.10350305498981671
ck_6ecf56236789fc09,0.9804480651731161
ck_38d4ed52cbe6d123,0.730346232179226
ck_2d923d957ffd4d53,0.3445213849287169
ck_3af1eb88728ed8c7,0.7607739307535641
ck_2f8120ca80a1592c,0.6513645621181263
ck_6cabb1a133f0b151,0.3040325865580448
ck_bb6cf7e7b707731d,0.9531160896130346
ck_c8307fecafa90140,0.4079429735234216
ck_75f968be67f46d24,0.8430957230142566
ck_df6fe4ec5a233213,0.1613849287169043
ck_b53e88c0e927d896,0.009857433808553974
ck_f0093064aa28f4d0,0.65010183299389
ck_ec9976cabc63ff92,0.16370672097759673
ck_30dac0a58c5590cb,0.9018329938900204
ck_348a525791ae6475,0.8696537678207739
ck_b898d912d1181ef9,0.559837067209776
ck_f5b1200dc6f95760,0.35124236252545826
ck_54978a073e7a0b1a,0.3923828920570265
ck_55933936536a4071,0.2173930753564155
ck_d6ba7ffd2ae08863,0.5064358452138493
ck_404e2217fd87fdd2,0.10969450101832995
ck_dfaafdaefa5716b6,0.7388187372708758
ck_556c62e92d4e7e5b,0.754745417515275
ck_7ce44f4e06d58111,0.9061099796334011
ck_465cb8ce232c7670,0.44928716904276983
ck_237508ca4fb37268,0.8356415478615071
ck_ba4a6b9aa63964ef,0.57030549898167
ck_4802a0a7a1882c88,0.8832993890020366
ck_9478dfe4114c30f6,0.18480651731160896
ck_5138f6c575dec64c,0.3419144602851324
ck_aebb42afe430e2e9,0.19152749490835033
ck_004efa95555437e9,0.1995519348268839
ck_11af112667c98394,0.4863136456211813
ck_44e9a18a8645c9d3,0.10101832993890023
ck_2605fd571219e28d,0.02435845213849288
ck_dfc933493561d84f,0.43095723014256615
ck_67674348e68d1f25,0.39124236252545824
ck_dd97429277a2fa00,0.48818737270875767
ck_d3eab7a06eb48348,0.7325458248472505
ck_0b9fcff9667ec05a,0.274908350305499
ck_fc4bfd6e739bddea,0.15539714867617108
ck_43292f70a03ddf2b,0.8118533604887983
ck_5ff6108056a3fef5,0.2560081466395112
ck_767e0be086b5f601,0.7213034623217922
ck_b8465b1a5666155b,0.7582484725050918
ck_ab2e3fc56f5b3aae,0.7275356415478615
ck_1833c81d693c1e07,0.9671283095723016
ck_0308e0602b856445,0.15682281059063136
ck_ccbdfe744acff8bb,0.3955193482688391
ck_b294aa27a0b586d7,0.15670061099796334
ck_a3747201f377626d,0.9843177189409369
ck_edde1d7d1db24725,0.8646843177189409
ck_ae3b47d6e1063704,0.5421181262729124
ck_3aabf5e0f4defb41,0.43022403258655806
ck_f034adb57391f3d7,0.7416293279022403
ck_533672fb40531607,0.8478207739307536
ck_2a244f1ae08ef83c,0.4905091649694501
ck_a35d81bcc54ece2f,0.19767820773930755
ck_78a61215675b38f0,0.4390224032586558
ck_e013d88ea7939616,0.5765784114052953
ck_e5018f9418e0102e,0.8310794297352342
ck_d4e024fcda401a31,0.45507128309572303
ck_f736cffbdb82db34,0.003910386965376784
ck_1507f5aa50cdf3a0,0.33678207739307536
ck_18270fee7c8fcee8,0.3219959266802444
ck_95ffa1a805a1c9d1,0.2088798370672098
ck_11132d245b94d045,0.37279022403258655
ck_7b93a622e40d8b14,0.6239918533604888
ck_3854c08d17704347,0.9085947046843177
ck_7717fcb100dc4b5f,0.5732382892057026
ck_ba54e0a1c328119b,0.9502647657841141
ck_a7afdac4ecbf2de4,0.9265987780040733
ck_ecfb771ed2352085,0.32105906313645616
ck_68be4fefc85a6b64,0.9074949083503056
ck_dac7c50bd6d0148f,0.12733197556008147
ck_87cf36a03bd63c24,0.9174745417515275
ck_8adb40b168b59d7c,0.5723828920570265
ck_8d2f62930777416b,0.8612219959266803
ck_9958b58da9e3c21c,0.630875763747454
ck_9440335375701f44,0.5218737270875764
ck_e2f88e202b6f700a,0.7213849287169043
ck_4c7c50684827a2cf,0.16606924643584522
ck_8a6ea4a79b1c7a8e,0.324887983706721
ck_186dbff4b24a3bbf,0.8855804480651731
ck_220fda3c11c59b6c,0.8611812627291242
ck_3acccc69f8b1fd14,0.7148676171079429
ck_9de191bf79afd676,0.33820773930753567
ck_6de6b1663f9457f4,0.0668839103869654
ck_062754f8b79b86e5,0.042443991853360494
ck_aa153a89a52f7eb5,0.45747454175152746
ck_34a6bd3be642f15c,0.48338085539714865
ck_9371c700d9830326,0.6981670061099796
ck_a99e0c258ad7576b,0.2314460285132383
ck_0a7ba51d626e932a,0.5898167006109979
ck_852c50bbba1ead13,0.7237067209775967
ck_43dc13b6b6d31297,0.8030142566191446
ck_7d81b59d615a6649,0.5070875763747453
ck_39a3f1da060e88bf,0.5438289205702647
ck_6fb2d142c09ed3ed,0.8608553971486762
ck_6e5752b87324b58c,0.3578411405295316
ck_9441d48a12e8a4bf,0.9265580448065174
ck_09e9c51eb538b255,0.31572301425661914
ck_8d0cd981ed3a183a,0.5667617107942974
ck_57c07c45269ca8c0,0.25462321792260695
ck_ccfc9ab888ba933d,0.5244399185336048
ck_9658a6ef471053f0,0.21942973523421588
ck_dac3852758f4ea89,0.10334012219959267
ck_b1ed2278f5f14d82,0.5189409368635438
ck_333544d173524f70,0.6728716904276986
ck_fd4582e3853ef23f,0.45800407331975557
ck_614d936cef98db04,0.14716904276985743
ck_6bc351a3d57aac54,0.4927087576374745
ck_af5842fa7202ff25,0.7978411405295316
ck_81307759252571be,0.13763747454175151
ck_b4d2f02d2cd45720,0.9383706720977596
ck_1bd753a4681946c8,0.9792668024439918
ck_46d8c029d46867b2,0.20574338085539712
ck_b7da6640fa2f49cf,0.8863543788187372
ck_9ea3d5a5a91fef9f,0.834949083503055
ck_7b922518f667f76a,0.01686354378818737
ck_2a5b31594206eb30,0.9273319755600815
ck_d9506476ad3f9e08,0.5024847250509165
ck_c8791f7ebd4d93c7,0.7445621181262729
ck_b5a3e20fd210017d,0.4628513238289206
ck_8e54386f4fe22cad,0.41209775967413437
ck_75296704f5806f56,0.6039918533604888
ck_0fbbc7a6af300368,0.17731160896130346
ck_d19bf4dc0627113d,0.16892057026476576
ck_7951bd4eb99a0175,0.0725050916496945
ck_059e4fac6b7f704e,0.3630549898167006
ck_2ce8931af02a2ce3,0.5758044806517311
ck_9e665618a4860306,0.21637474541751528
ck_6fce5a893613fd2c,0.03189409368635438
ck_9e3fbd04e3532f32,0.9340529531568228
ck_55f2ef0de3420e3e,0.6857433808553972
ck_8d87658a6f5d204c,0.9461507128309572
ck_6d6ac1f5dd882aa5,0.030224032586558043
ck_55d0c7012d7ef236,0.8079022403258656
ck_7738eb085e5753d6,0.28423625254582485
ck_0e6e05c3cc8c8242,0.6041955193482689
ck_8d27ff8383d48132,0.14391038696537678
ck_9afc3bb849f3a64d,0.3742973523421589
ck_27eb86a9898cdfe3,0.5378004073319755
ck_1d40e4fc541abe93,0.925580448065173
ck_4fd9dc00e1913587,0.9815071283095724
ck_b26cdb2b7b165d2e,0.8230957230142566
ck_a79a27767a02e31f,0.8
ck_f0c18cb9f951a71e,0.5535234215885947
ck_50460e0189de6274,0.9637881873727088
ck_5e5280539257c986,0.2886761710794297
ck_eeb854318b3a6f0a,0.39678207739307536
ck_943f66f28dd24750,0.010875763747454173
ck_984dd7452aee372d,0.7353156822810591
ck_ecaa6de0aca5e9a0,0.7987780040733198
ck_8f1cbc432e2774f8,0.6423217922606925
ck_d91d9f8445b9769a,0.9460285132382893
ck_73c18e03e3c7612e,0.03519348268839104
ck_aded05ada490da20,0.350142566191446
ck_f744e208183971f8,0.3155193482688391
ck_02d4cef6358ad3b7,0.2956415478615072
ck_08ff5bd467226a5f,0.07869653767820775
ck_f824b326d5089885,0.9116496945010183
ck_3420f2fd520890f3,0.1997963340122199
ck_1838cf8d00f5b1e1,0.38138492871690427
ck_a85182ad90b6f1e1,0.05075356415478616
ck_fecb39c82c43e76d,0.3461914460285132
ck_162513e73782929f,0.6654582484725051
ck_2c27b77c59d8f23b,0.9059470468431772
ck_4221e07b17388fd3,0.8467209775967413
ck_adfb8472d5c3d669,0.6306313645621181
ck_0742fe64055d686f,0.19617107942973522
ck_5060aefcc8b6f958,0.7695723014256619
ck_643f549b4ac78a26,0.9312423625254582
ck_dba767885bd6ad69,0.4985336048879837
ck_0dda35c0c64c7073,0.9814256619144603
ck_38ea56d43afa5660,0.5124643584521384
ck_d813e15ac91f487c,0.8488391038696538
ck_4c840e5585a7b167,0.915152749490835
ck_cb8551453a7bb929,0.3587372708757638
ck_05a00b1dd5a03359,0.20350305498981675
ck_837cc7fd48453a01,0.4663543788187373
ck_49dd816b31fba6b6,0.9291242362525458
ck_86a61d9a39768e87,0.6562118126272913
ck_cd0e76f0e7bb38cc,0.5986965376782076
ck_dbe58392635133ca,0.6409368635437882
ck_3caec7dd6f8d02c9,0.7839511201629328
ck_bfd9bfc5b6ab4a54,0.8672912423625254
ck_2103399bdb2898a6,0.4174338085539715
ck_329f7de7279e74c5,0.18419551934826883
ck_9bf0d28119fc42c8,0.5893279022403258
ck_f781539b1042dc83,0.0975560081466395
ck_9986c7d781ac6b4e,0.3980040733197556
ck_a627734880aca848,0.2519755600814664
ck_2106e509d77fdb4a,0.9341344195519348
ck_420d1a9c604293ce,0.8450509164969451
ck_fce0610c527e2b56,0.8471283095723015
ck_073da541ec3f9d3d,0.5487169042769857
ck_aa5f3ab48c17fed8,0.8872912423625255
ck_0fc1086e1c9e04b6,0.37922606924643587
ck_5c33bb46c1a5945b,0.7363340122199593
ck_500948a8d4bd8e13,0.8259063136456212
ck_19becd44f2c3d2b5,0.39771894093686355
ck_7d0fe77dd5ddb656,0.35820773930753563
ck_f158d9e5f101bb35,0.6002036659877801
ck_cdd7c77823c2257f,0.8393075356415478
ck_6c7b41374f9b2e55,0.4
ck_417090dbffb1a63c,0.6239103869653768
ck_dd0e17605f970319,0.48089613034623213
ck_3646515079e6be55,0.7452138492871689
ck_89c8b06aa8c84b2d,0.8532790224032587
ck_e4d6dedd97233c07,0.7669653767820774
ck_bc82fb1895fddde5,0.3911608961303462
ck_88a8b1d442ca3686,0.6386558044806516
ck_5791f8f76a629a4f,0.8139714867617108
ck_9cf5e88e97c8c7ea,0.550020366598778
ck_58fd684aa5a6f289,0.07099796334012219
ck_9800c21dfbd8e811,0.2937270875763747
ck_8ae64df60ab6ccda,0.5338085539714867
ck_e535fb0f0c00418d,0.7932382892057026
ck_48011996d54855ac,0.904928716904277
ck_ac79c72a8fe3fdef,0.7104276985743381
ck_b8cc2df5192bc49b,0.5241140529531568
ck_e96a5e1f08f8a867,0.10427698574338085
ck_84df6770549e43fa,0.1960488798370672
ck_e5f7b99ba6ec5767,0.4694093686354379
ck_8347455ab53ff620,0.1438696537678208
ck_a84f2cdf695a71d6,0.5184928716904277
ck_90456160115f9ef4,0.2345010183299389
ck_ebd178b3f3a9c50c,0.45230142566191445
ck_e1140be6157bacbe,0.06818737270875765
ck_744ffc11d32b96bc,0.25384928716904276
ck_e12a9f7d027e3387,0.20708757637474545
ck_cbe525da0b69f18a,0.5892464358452139
ck_aa59702537557ff1,0.5681873727087576
ck_0348cc6908f7f3af,0.028350305498981664
ck_120e995d50956bee,0.7325458248472505
ck_9fcde1ff46cbbea5,0.10378818737270876
ck_54b0b070689c50d6,0.019022403258655805
ck_966a167758fddfd4,0.734989816700611
ck_d5194f2e92fd6427,0.33344195519348274
ck_2ee84f3fa27f2cb8,0.09470468431771895
ck_57d0a7eb7eae2eaf,0.6641955193482689
ck_6a2c4edd82e10969,0.04468431771894093
ck_96e4d38ef670eaff,0.4408146639511201
ck_52cc2fd5095b169d,0.23136456211812628
ck_4b088920f3a844c1,0.6678615071283096
ck_8f3ccbd20d59f1f4,0.2556822810590631
ck_e5e5dc431bed6f9d,0.39560081466395114
ck_e8b5bfa6838e28d1,0.6588187372708757
ck_4bfeb78b47b7c6a1,0.8275763747454175
ck_a705c61bd679496f,0.19531568228105906
ck_731869a0c39cb2fe,0.7487169042769857
ck_259eb102342057ea,0.29026476578411403
ck_47a6005fabc33551,0.15079429735234215
ck_682262b455a9edd4,0.03755600814663951
ck_e839d104854945f0,0.12179226069246436
ck_761989aa4c47d746,0.7874134419551935
ck_44211dc210139ed3,0.41621181262729123
ck_9915ceedf63a5289,0.7991446028513238
ck_da59ab47cb6284ad,0.060570264765784115
ck_e5cdbfcca2456652,0.2219959266802444
ck_13f2560c6a1ec62f,0.5276171079429736
ck_a0543e9b3abe1001,0.6422403258655804
ck_11c7a58e09e6547b,0.4909164969450102
ck_69587a134d43a4ad,0.7691242362525458
ck_28dc0de0ae291f37,0.5337270875763747
ck_298922703c5bbe05,0.6718533604887984
ck_fa5ba9ed9ed6a343,0.7181262729124236
ck_c08e64d424e56c05,0.6870468431771894
ck_598e036a28262aeb,0.7973930753564155
ck_3f7c870510083a51,0.33820773930753567
ck_364f8203a3e98d36,0.9395519348268839
ck_7333cedb61506ead,0.39523421588594704
ck_1d96d7fd65f208b2,0.599918533604888
ck_63133a79f23e2627,0.7722199592668024
ck_901d820e0b72abae,0.028146639511201634
ck_5dd80b3c01457bd8,0.594745417515275
ck_c0b8067c144ed6c1,0.535274949083503
ck_cebb8aa8c8f62c60,0.3464358452138493
ck_79749eca42ff1f5f,0.6765784114052953
ck_2cc1d9b587f6da31,0.9133197556008147
ck_ccc7916b56d42195,0.20048879837067213
ck_e43e53cc7b8b8e41,0.4884317718940937
ck_4ab74a6e7450416c,0.2081466395112016
ck_6e44024e9de301c6,0.023054989816700615
ck_dd78cb6ae2866cc6,0.6044806517311608
ck_c363d3b050baf3b8,0.8920570264765784
ck_2d46291975f0dd08,0.06892057026476578
ck_76ebeb5aee42f041,0.5835845213849288
ck_8395f004cf4d4c08,0.11678207739307536
ck_de7259c3741db179,0.629816700610998
ck_3938e92585df2b34,0.4715682281059063
ck_af69bfcf4f07d932,0.45067209775967415
ck_1723900ab9afe374,0.8611405295315682
ck_3d58628d1c853c8a,0.2720977596741344
ck_12a074db100481cf,0.7043584521384929
ck_8716cbf892c50e29,0.45747454175152746
ck_fbf7351958ad9615,0.37482688391038693
ck_a50370907e6b397c,0.8540122199592668
ck_937402a60df0821c,0.10187372708757637
ck_8ce9c5807acbef48,0.20700610997963342
ck_acf7d65eaaa4c31c,0.10574338085539714
ck_ec3eb6dd0967cac5,0.40004073319755606
ck_fc832b0c90c9bdb9,0.9584114052953157
ck_8129e81cde280131,0.35413441955193486
ck_52c0ef68aa2fb8cf,0.435071283095723
ck_06f042e9b1b662fd,0.7141751527494908
ck_0bf35dcf7b38f650,0.04260692464358452
ck_615763afc2e17a7f,0.038533604887983706
ck_e72db9d4b2fc9997,0.9969042769857435
ck_13757bf0eeb353e2,0.2615478615071284
ck_abaf371ec8249c4a,0.8551527494908351
ck_9b7167da0920c37b,0.8129124236252545
ck_2e824b0b27494a17,0.7472505091649695
ck_9a0b605e9c3220c4,0.5073727087576375
ck_a5276af466b681de,0.0754378818737271
ck_9e0383e1fb6e214d,0.8426883910386966
ck_6a27c44b691dbfac,0.07657841140529532
ck_af39767cf583905b,0.4912830957230142
ck_243b1b9fdd3f9a74,0.06529531568228107
ck_c0422e638a9c6046,0.565254582484725
ck_e0f3ea3373dfc4aa,0.595234215885947
ck_d56ee1654378ffc7,0.47890020366598773
ck_20cd2f5666719baa,0.07629327902240324
ck_4dfa1c1e9b69fcc8,0.4255397148676171
ck_5d22e9ca1d15180b,0.9444806517311608
ck_f4a7ac178fd55f0e,0.17926680244399185
ck_fd5609bd23a1eaf8,0.29148676171079424
ck_49c3bf13dc9471ce,0.7235030549898167
ck_724085c3452d4693,0.9115274949083503
ck_e5d1462846154a75,0.7167413441955193
ck_c69ef0f3e7d6acf9,0.7976374745417516
ck_a2d0417791d4132d,0.25661914460285135
ck_00a07fc2a9183c3a,0.049164969450101834
ck_781b8288e54ba8f8,0.8492464358452139
ck_d74a62ab3804a81b,0.2635030549898167
ck_abcbde211b6267f8,0.8812219959266803
ck_16dbafc035574654,0.1660285132382892
ck_018f780215ecaf38,0.6058655804480652
ck_0b259620eac51618,0.18260692464358452
ck_4f875342394c110f,0.6784114052953156
ck_399e45e5fe9beaee,0.44468431771894096
ck_36224a2d394ebfe4,0.8309979633401222
ck_c189b551bd111332,0.03474541751527495
ck_125c5a720ecb177a,0.7870468431771893
ck_76d010aa02eb477a,0.1139307535641548
ck_1071d14c46c92379,0.9523014256619144
ck_61d244b2cde483af,0.5178818737270876
ck_2ff1860da2004c84,0.11877800407331976
ck_c5b583490198672d,0.3663136456211813
ck_1294f7af22fade11,0.8479837067209777
ck_e3a22799716df39d,0.19784114052953156
ck_c77e22834ef97005,0.9582484725050917
ck_73d3689728270a2b,0.21759674134419554
ck_295565fbf77ef885,0.10871690427698574
ck_80c0a7f54ff4895d,0.09523421588594705
ck_f1ef5cf7f10b16c8,0.5273727087576374
ck_a958b2461ffc21a2,0.8531568228105907
ck_0e7899a57cd617d6,0.023747454175152748
ck_9d4fed252718f58a,0.5261507128309573
ck_83c2c34add971d76,0.0575152749490835
ck_9ccc030ba2de9fb2,0.6107128309572302
ck_cd691e3466fb3742,0.2124236252545825
ck_49df70f908dfd069,0.7507535641547862
ck_362ce13eec1e33a0,0.10065173116089612
ck_2452a30397dfc54c,0.44896130346232177
ck_a443d49c2b4863b0,0.39991853360488794
ck_c8b2e2cb349dd0ff,0.19527494908350307
ck_354909fecf5da8cf,0.345091649694501
ck_841f598bbd54c83f,0.5310794297352343
ck_cd6fbd4e8724f994,0.6189409368635438
ck_e0b3158111370118,0.4287169042769857
ck_4c2f2eb657c2c60e,0.10521384928716904
ck_ef346071f0b7654b,0.39116089613034627
ck_f3bc10e3decefce4,0.08016293279022405
ck_189b6fbe9b9192e7,0.6210997963340124
ck_5245cbc5ff4d4fa6,0.47535641547861507
ck_cb42e3be6fe87f60,0.4611812627291242
ck_966d4d713cbc7792,0.09820773930753565
ck_1c8c969667cbaab2,0.965295315682281
ck_d35e3aa9ef5d405e,0.8839511201629328
ck_a1c39df50a5873b3,0.844725050916497
ck_a152165caf295b51,0.665295315682281
ck_891eaedae139828e,0.4215071283095723
ck_1a46b56f4734d52e,0.44211812627291247
ck_5e36042cfad96c99,0.9050101832993891
ck_02a8582c2603e675,0.44904276985743374
ck_6def9d0429e4ed4b,0.8630549898167006
ck_e137400825a1e3e6,0.3820773930753564
ck_d91ab840848a54fc,0.12435845213849286
ck_becb6e1c608e0078,0.06236252545824848
ck_6fd8c86ac719d7eb,0.8328309572301426
ck_3ed4d13f12fd9d0e,0.8593482688391039
ck_007337aa99a4891e,0.03906313645621181
ck_60c3d8306527a08d,0.1156008146639511
ck_95458880a54df0b1,0.8988187372708758
ck_b48cd8593533fc1d,0.9457433808553971
ck_021c6a4a7e3f1f0e,0.09401221995926681
ck_764d40f865e710af,0.4819551934826884
ck_4b84357ae8ec7777,0.41482688391038697
ck_3397c7856b4669a5,0.0724643584521385
ck_920bb003b42e6310,0.13519348268839104
ck_8f59f11b512d5b7c,0.7443584521384929
ck_a3acf4b986afa98b,0.8577596741344196
ck_e89d25ed7bdeeaea,0.2534826883910387
ck_70e6bca473bf6902,0.12639511201629328
ck_186161ce152836f5,0.4533197556008146
ck_9191579254663f5d,0.43083503054989813
ck_1e6628879e9d653c,0.30969450101832996
ck_b498fa91a0776ff6,0.8226069246435845
ck_cfc2384f22954830,0.7589002036659878
ck_17673a1c2867888a,0.029775967413441955
ck_523dce06515b072d,0.3263543788187373
ck_c20638a325ead2e4,0.10668024439918534
ck_d3877e1f907cc148,0.7841547861507128
ck_e9a2495dea8675e2,0.4340936863543788
ck_7e561caa5fa1f3f1,0.4561710794297352
ck_455672e652fe1abc,0.9579633401221996
ck_7f8f864fcc90ca82,0.4986558044806517
ck_1ad36046aaeb816c,0.28085539714867613
ck_de056e37c82e8e00,0.6248879837067209
ck_7484c214c889fe7f,0.655071283095723
ck_32430e678c4f9f53,0.2269246435845214
ck_6276ece8f80ea799,0.5790631364562118
ck_ae8e5dc4b725bc25,0.5743380855397149
ck_f01be92dc78a2dc7,0.6369042769857434
ck_233397a8bd40d38d,0.28892057026476575
ck_f8124911450fdf31,0.9464765784114053
ck_aa0a3179f1111674,0.31556008146639514
ck_2366b29ed9887a5e,0.11556008146639513
ck_1f22f04dfc08cf27,0.24370672097759677
ck_b62276c3426d680c,0.6265173116089613
ck_d099fca88691f66f,0.795030549898167
ck_166bd1dcbaf4d6fa,0.020977596741344192
ck_7b1660e942436e12,0.6443177189409368
ck_4a9a791a1d409a3d,0.8140122199592668
ck_b003e5b54df65db4,0.8465580448065173
ck_64b4dcbf436f0b75,0.3224439918533605
ck_26e9a7bb2061a58e,0.7178818737270876
ck_08b77ad5f8f73007,0.6370264765784115
ck_366616a725afc6bd,0.48517311608961305
ck_934fb5064b6eefe2,0.12138492871690426
ck_c6abd5d57b1009d2,0.05816700610997963
ck_edcfa9e1cf29d813,0.6220773930753565
ck_c30201ebd003fdc7,0.32533604887983714
ck_c54643d94d3ce355,0.6970672097759674
ck_02adda6e91e49650,0.6424439918533604
ck_5b73d7c5255e58a3,0.8765784114052955
ck_129ffae92dc01408,0.09849287169042772
ck_fa321945ebedb916,0.6519755600814664
ck_8da980cb2e1e2bfb,0.4668431771894094
ck_0576b00d728bdf19,0.5611405295315682
ck_c543d82e22b3c8a5,0.12843177189409372
ck_0027ba644f9ae2cd,0.9070061099796334
ck_8dbf61df902a6bbc,0.1613034623217923
ck_90eeca1cda79fd41,0.2076171079429735
ck_86d7127391d4e01f,0.08411405295315683
ck_73762038c7ff2f6f,0.1554378818737271
ck_a1484e6215fac651,0.9668024439918534
ck_cb83b9f806e90dc6,0.8958044806517311
ck_8c6f059c95872126,0.15262729124236252
ck_3174419a81e7caf2,0.2954378818737271
ck_6a0f8f8fa4a3c2bc,0.594908350305499
ck_b5777605668bfca1,0.1055397148676171
ck_27e4de495abb4d15,0.5861507128309573
ck_7f6fa79c7a107161,0.600244399185336
ck_c36ed9f8e6792ea4,0.605539714867617
ck_67a1aa88d2ea554a,0.7595519348268839
ck_09748dfe4df3d540,0.04953156822810592
ck_27fd85b1e38b675a,0.039755600814663956
ck_2369689bd795ee10,0.3044399185336049
ck_4eb1c12f7d092bac,0.047372708757637466
ck_01fbafc42c8e33f5,0.3569857433808554
ck_93c4e05699b3b7d0,0.36867617107942974
ck_afc484d1b6907983,0.2980040733197556
ck_1b2d9cae92a1aab1,0.8571894093686354
ck_73b729cb161487f2,0.2360488798370672
ck_fe3c1d0ac090d960,0.8542566191446028
ck_408efac1d3885ff8,0.7612219959266802
ck_ccb4dd9d0a48a76e,0.2168635437881874
ck_2987eab34ca7805d,0.7606517311608961
ck_1dbf1f15193197db,0.8286354378818738
ck_4ed711fe4053e74d,0.8640733197556008
ck_6c54adce174f45f4,0.12321792260692466
ck_a6c740041faf0bd5,0.2960896130346232
ck_b05c4d33c4f43639,0.6637474541751527
ck_032880f1114dd51c,0.8195112016293279
ck_22311b037456a76e,0.04289205702647658
ck_5866b413549765bf,0.19784114052953156
ck_0e808afe2570ecac,0.49820773930753565
ck_634276b05f4381f8,0.6338085539714867
ck_5d8773badd0d4740,0.38924643584521385
ck_82b5b79ce3517102,0.9696537678207738
ck_b378b8d8100ee4b1,0.5188594704684317
ck_54e581f71be5430d,0.09209775967413443
ck_798ba4b8aa544fea,0.11987780040733197
ck_3fe86b6331ff95e3,0.8936048879837066
ck_81275d9d4c559e6f,0.2836659877800407
ck_99a4e5ef02d89493,0.5531568228105906
ck_54e2eb018d947790,0.5040733197556009
ck_966901ea9c77cc02,0.19417515274949082
ck_27d69ff4e0cb428c,0.8127902240325866
ck_2cee2dd7bbfc09a0,0.9700203665987781
ck_4136b00924695ab4,0.0007331975560081467
ck_59a164c40c03a45f,0.33649694501018335
ck_3e24b026bc66789b,0.048676171079429724
ck_8105bcf69a75ee47,0.17975560081466396
ck_7a1782cefe26a456,0.7946232179226069
ck_970c7dc195161272,0.021792260692464354
ck_a48ec0c00ae20e82,0.8174745417515275
ck_54b374ade34e1dc1,0.21763747454175153
ck_74e5dec189761d14,0.2153971486761711
ck_4717f24f2c6f40e1,0.8169857433808554
ck_fc8cd8a8209e802d,0.4313238289205703
ck_71db4131d7efe218,0.19718940936863544
ck_45424ea6f0bc4650,0.9265173116089612
ck_3716c6181a5035bc,0.5467209775967413
ck_26de14b96bdad4f6,0.18134419551934827
ck_99c0a41ac9c73857,0.125173116089613
ck_645f15bbbcff3b4f,0.9819144602851324
ck_b7e25ddd41514d4c,0.1460285132382892
ck_d5c14e877ca7b755,0.2860692464358452
ck_05ea4440dac6cfad,0.6084725050916497
ck_c58bafff7b1955cc,0.5886761710794297
ck_f0cf85b67a9b840f,0.5117718940936863
ck_ce1500a7f0d03fba,0.18057026476578408
ck_d4972a775aadbbc8,0.41739307535641545
ck_3eb6146c262e0fc3,0.050346232179226076
ck_afb23858a4ef42ed,0.9903869653767821
ck_2c1def5c91c52a5b,0.939837067209776
ck_72e550559487b919,0.37832993890020367
ck_0284dc2b4f856b3a,0.9284317718940938
ck_03be334935e999a2,0.32020366598778005
ck_e35a4b4a3cb4cedf,0.5429327902240326
ck_5abe57dfff4b735c,0.3078207739307536
ck_f5f87f772388efa0,0.7030957230142566
ck_5a22cb36d612236e,0.31107942973523417
ck_8ff1e6028e764472,0.9351527494908349
ck_2ab28149b0986642,0.7717311608961304
ck_c88fc1bac79fa6d3,0.7923014256619145
ck_5b137d74bba6b1b4,0.014786150712830955
ck_11f362dca2dfaf5a,0.6016700610997963
ck_7f960541e5174565,0.21201629327902244
ck_d5458ba39ae94498,0.5844399185336049
ck_0a921a73a90c2e39,0.6680651731160896
ck_6ad56ef40086dbe4,0.3508350305498982
ck_b68199ecccf2350c,0.030468431771894094
ck_6dac66c8198c07d8,0.2529531568228106
ck_9b9ce7bebc235fe8,0.07270875763747453
ck_6b817117d87063a8,0.6072505091649694
ck_900d62b3184378c7,0.06830957230142568
ck_eafe9b89857149b5,0.26024439918533604
ck_e74716a525ee5b24,0.1205295315682281
ck_4e9a6f06ab134102,0.42529531568228107
ck_b0d33b5a3716661d,0.4524643584521385
ck_8703543bf3134306,0.4186965376782078
ck_923d6a0f83accef1,0.4264765784114053
ck_52e37e2170532e2a,0.895071283095723
ck_c1c5ea839c58958a,0.7017515274949084
ck_660f0006780e87e7,0.41959266802443995
ck_830b2c5d1818ac07,0.5580855397148676
ck_b080ff636932d1f1,0.010753564154786153
ck_38730aace405f2ae,0.9938492871690427
ck_9790138467a06223,0.0032993890020366606
ck_10de0b0d86b17839,0.11136456211812629
ck_c3e37a4d3382c32e,0.06847250509164969
ck_dd8edfefa1eba531,0.05283095723014257
ck_8153cdadd300d234,0.026476578411405292
ck_74d0e7c2c6b63d36,0.9631364562118127
ck_c478aae3031bb328,0.14826883910386968
ck_cf301f2194975866,0.26867617107942976
ck_f4de03f44e3a5bd5,0.21494908350305497
ck_b06ce826e593b210,0.6725050916496945
ck_2fc70b6baf6a0e26,0.35767820773930753
ck_d208494cf5c90047,0.8219144602851325
ck_086d29ccae565e5d,0.2791446028513238
ck_d5ef6dc116dee408,0.324887983706721
ck_fdf0c5b722d83464,0.3189409368635438
ck_de8494b13adeffb5,0.2791446028513238
ck_556786868599143b,0.7784114052953157
ck_4940e78cbdcfecf3,0.5193075356415479
ck_d32fbbfe32c00416,0.5631771894093687
ck_bc7710f7e9fae649,0.14814663951120163
ck_416f7ac57da081a3,0.47205702647657843
ck_6fb39b60c67d5475,0.0995519348268839
ck_e40a156511345d6a,0.10126272912423626
ck_49ab879b5aa7fccd,0.8463543788187373
ck_bb643194d1cbc47c,0.9927902240325865
ck_b3ce8f1bcedfa043,0.5510386965376782
ck_558ebde8c29132a4,0.4694908350305499
ck_e6222925762273b8,0.8282281059063136
ck_bd80546b4807dd59,0.5105091649694501
ck_bd21164bd2bbb635,0.6476171079429736
ck_ea835557d7043667,0.2530346232179226
ck_1411a80a157ff39c,0.34240325865580445
ck_ab973888c20c9120,0.8420366598778004
ck_95b48972061abe82,0.4082688391038696
ck_fc4a43f8876bf10f,0.8740936863543789
ck_f34fb7ccf82f41e5,0.2810997963340122
ck_5af9934a56801ac0,0.4914867617107943
ck_fc7445ec76389a58,0.9527902240325865
ck_1eeacc26f02fbba4,0.750590631364562
ck_4f325dd15c9bd45c,0.7756822810590631
ck_5009a6c8bbaf15ba,0.7191446028513239
ck_0f3de7f074bb33af,0.2645213849287169
ck_2cbc2f93a32eede8,0.7791853360488799
ck_4bb90a61c21a303b,0.3290427698574338
ck_3ade9eac7d7b0dbf,0.8226883910386965
ck_4859a58629622915,0.4216700610997964
ck_5fed957287ebca03,0.07291242362525457
ck_ec01ae5351500355,0.09095723014256618
ck_703b41624ae6a5b6,0.2014256619144603
ck_97c38e7f61c27e47,0.4729531568228106
ck_db2c0908150cb2cc,0.8035845213849286
ck_64ac5e6fed86ab60,0.9846435845213849
ck_da1c853b0a061e83,0.5643991853360488
ck_9a36916b60178ded,0.9526272912423626
ck_3715bfa7fed2c675,0.3421181262729124
ck_dd3feb77d7d4f6d3,0.2971894093686354
ck_982ebb24174a4ade,0.20916496945010185
ck_f6b7a10d47dd9a1f,0.3809368635437882
ck_1f56fe99f250cdf4,0.5762932790224032
ck_deb3ac0606d6f6db,0.7110794297352343
ck_e666629e5a41b39b,0.2684317718940937
ck_756d2c13d02b3e09,0.6293686354378818
ck_7bc752ae7cf5d55f,0.40965376782077395
ck_fc0cc4b25e6a8194,0.2491649694501018
ck_9b2b0e286de78a1b,0.40211812627291244
ck_24b0803447211bf3,0.5450916496945011
ck_82eed68d05a42128,0.7417922606924643
ck_c8a03c516ed5b05c,0.8163747454175152
ck_e914974cee1bccb1,0.5118940936863544
ck_0c533ff2d0f9962a,0.5341751527494908
ck_c12805fa5d970a83,0.8115682281059062
ck_fc2cb29918631f10,0.8672505091649695
ck_c20e89afe575549b,0.1428513238289206
ck_e1ff9e31becc27ae,0.8490835030549898
ck_18116d0ac08f1996,0.9751527494908351
ck_885a83975cea5e64,0.17417515274949083
ck_a0c3059a959ba5d1,0.5802851323828921
ck_75257ca7d7da2861,0.670061099796334
ck_2210f7a0d13bdbef,0.6804887983706721
ck_9cbd9ecf8374f65f,0.32672097759674135
ck_18f67c00ba21fbde,0.399877800407332
ck_2d28f14d3973d8fb,0.16945010183299386
ck_8b3401b44aaae728,0.359959266802444
ck_9d8e9ef37797d3af,0.9374338085539715
ck_9f50920c894f64e1,0.4375152749490835
ck_4737e0d56c6fa0a1,0.5354378818737271
ck_52c311f29ca3aca9,0.00920570264765784
ck_6a4981bc721df37a,0.6621181262729126
ck_823539d936c55fc6,0.24839103869653764
ck_df5aedb4118020bf,0.965295315682281
ck_a911a066ff0f7b56,0.7279837067209776
ck_684609767df4a14b,0.7410183299389002
ck_f2350bf355dc919e,0.5237881873727088
ck_8452b6cf97c65a5e,0.37462321792260694
ck_084cd84501012218,0.9578818737270876
ck_ace6b72e5bf3e93b,0.879877800407332
ck_2afdd69094c955c5,0.819918533604888
ck_fa7d5be26bf7b31c,0.9060692464358453
ck_4b041217690fca2f,0.7174338085539715
ck_9fb8e3d38cdf276d,0.9759266802443991
ck_c1ee56d65a42f59f,0.6686354378818737
ck_fdeaa1cd085691f0,0.7712423625254582
ck_5de33a7a87e9aa62,0.6166598778004073
ck_7476e7fe1ff45545,0.7064765784114053
ck_b0a947b498e47018,0.4442362525458249
ck_e3894ed88a7977e4,0.16093686354378817
ck_c7e07ebfb0bc15f6,0.7784521384928718
ck_3a3daa8b376f2a18,0.12395112016293278
ck_87809324c2675b0a,0.4624439918533605
ck_7eb4f33260f1dcd4,0.6185336048879837
ck_ab9f0e08af030060,0.6030957230142566
ck_5b8fc4a76f340797,0.7131568228105907
ck_0e7bf10ef49aa818,0.8529938900203666
ck_a44462a3853ac67e,0.9972708757637475
ck_2d14bcd2e0fc043d,0.18716904276985746
ck_df1f2dba802296be,0.9688391038696538
ck_466a7316eaf149b1,0.5524643584521385
ck_50df50af592b0c06,0.3505498981670061
ck_5f9e34c849704b95,0.11723014256619144
ck_7836bf6def26aa87,0.5911608961303463
ck_ba175b1bd8efaabf,0.5072097759674135
ck_1a0aac7f7b94b1be,0.9101018329938899
ck_6768c4b2aa8ce586,0.3066802443991853
ck_eefcf0ed15897898,0.5056619144602851
ck_7a6cb27e390b6ceb,0.37678207739307534
ck_5275be4e1577c1c7,0.10386965376782079
ck_6bc0e5b8c0b7d2bd,0.6994297352342159
ck_4874bdec79f9106c,0.5520570264765784
ck_a678731156ad7bd2,0.8288391038696539
ck_db906debc36a5d1e,0.7228513238289205
ck_e87897767c612942,0.6353156822810591
ck_45ed5ee496ef8a67,0.3041547861507128
ck_ae20e28f9854f3ee,0.6843584521384929
ck_9ee044b73943a90b,0.46236252545824846
ck_dab34cf6f0626c9b,0.5681059063136455
ck_64a02b7b96149810,0.10496945010183298
ck_c417d06f3e94685d,0.30484725050916495
ck_3e0149cdee4cb294,0.6562525458248474
ck_0e6046fc30f81705,0.5407331975560081
ck_c383aeabd53e9c89,0.83030549898167
ck_2ef76f1f36e8b869,0.8968228105906313
ck_43948784650bb9ac,0.36957230142566194
ck_bdb966f43ac350ee,0.8776374745417516
ck_5bea0e0ee0b094cd,0.11177189409368635
ck_dff090f03ca5529e,0.20435845213849288
ck_a4691b57f837d88e,0.4283095723014257
ck_99ee90946395d74d,0.9315682281059063
ck_cc81dbc83a8879fd,0.26313645621181264
ck_f3dc0725621b3a35,0.140081466395112
ck_1bb212d1288b9689,0.6140529531568228
ck_9e7278fc7679f002,0.6603665987780041
ck_3ded7a8720d7e311,0.23698574338085543
ck_798157bcdb9453e1,0.1742566191446029
ck_9fba80f56f357fe1,0.6758859470468432
ck_f1e1c8491f16f912,0.28199592668024437
ck_7b1319a5ca2f63c6,0.9846843177189409
ck_124432fd5c92af7e,0.9473319755600815
ck_148cb0c723284dc0,0.32386965376782084
ck_b56c62c950eda009,0.1738492871690428
ck_a0498755cd8d7188,0.030753564154786153
ck_5379452a9d74efae,0.11283095723014257
ck_6c2453229d608183,0.7437881873727088
ck_f9d8b4813a88c1e6,0.25710794297352346
ck_c2c7d1e45a521857,0.6428920570264766
ck_4364a83a11743888,0.2666395112016293
ck_2cdf5fd97ba75e06,0.8859063136456213
ck_71bc01291e0533a0,0.23543788187372713
ck_a725d7aed2a0bdc2,0.024725050916496946
ck_a9b0c4dbd7db6a91,0.6329938900203667
ck_a4258806a533efa9,0.5241140529531568
ck_905e460591d9a278,0.8217922606924644
ck_20de8abfd8960ee3,0.4645213849287169
ck_252b0a0f1119b220,0.054012219959266805
ck_95e4bef65c36af1a,0.031405295315682286
ck_5ab68b434ad53fea,0.4962525458248473
ck_13677a1957078827,0.10032586558044806
ck_d251e9fa09e542dd,0.994297352342159
ck_700cb620f300dd47,0.29368635437881874
ck_39a68c55a1bd3ace,0.8646028513238289
ck_61a59a7944d6c53e,0.9110386965376782
ck_db6d1c6d31da967a,0.17775967413441957
ck_650020c500b1b50d,0.30639511201629327
ck_d812eb6930192793,0.0790224032586558
ck_92f6ebc11ebca89b,0.8284317718940937
ck_d87e26eb5bc84b01,0.1731568228105906
ck_66439e697695224c,0.2572708757637474
ck_f21efd504faa654c,0.1608553971486762
ck_15eed0f5652f0352,0.15181262729124234
ck_bcdbf57d98dc0d27,0.8421995926680245
ck_873ceb8004d3a9f7,0.6501832993890021
ck_70bef9ddd4bab005,0.2529938900203666
ck_7560f1891d66f294,0.07547861507128309
ck_f439f16f8693883f,0.6208961303462321
ck_14f9535e53f9c7a6,0.4993482688391038
ck_5984be472d2bc267,0.9210997963340122
ck_ed01be7504dc4187,0.7389409368635438
ck_dc3d8b5c17b67ae9,0.2080651731160896
ck_9dc23031b6b494af,0.510427698574338
ck_fbdac0221bc03f66,0.6783299389002038
ck_863708a99b92ef0d,0.730590631364562
ck_22b52654776a1ea8,0.9458248472505091
ck_a0714f98001efa0c,0.5408553971486761
ck_9c56114f84e9a541,0.5670468431771893
ck_e155cf506b2fb699,0.07087576374745416
ck_65ed7e72f24731e7,0.1675356415478615
ck_822d6e8e43befc72,0.9232586558044806
ck_b1182471d9ac6b26,0.049287169042769856
ck_821446adc95e6da5,0.26513238289205704
ck_ff182f033134dbb8,0.739755600814664
ck_9c5feef7647b0588,0.5022403258655804
ck_df935d8bdd44883e,0.4682688391038697
ck_01eb24c18ad11fca,0.894134419551935
ck_00d6730134a1eb51,0.3962118126272913
ck_79ba8e85678d0224,0.3660285132382892
ck_97e3b04a1350f6e4,0.6136456211812629
ck_74e9747954a46eaa,0.41613034623217926
ck_397d5fcc9972f909,0.6637067209775968
ck_9ede89e8a43c3f53,0.9272505091649694
ck_303b33910d67f306,0.13629327902240326
ck_3c17841636f6f7dc,0.42529531568228107
ck_78730527f8ba1438,0.9041140529531568
ck_5ee32bc6bb5d1d4c,0.9091242362525458
ck_a13fee8cd925d0dc,0.5189409368635438
ck_6f847263379f2e43,0.5951527494908351
ck_9b9d9e579e7b55b2,0.8242769857433808
ck_87c1d0a79e79c84b,0.49975560081466386
ck_bfc453eabb472f91,0.12240325865580447
ck_978c21bb5fe3171e,0.690061099796334
ck_dd882323474431d4,0.6844806517311609
ck_533c4f7400d5ab22,0.904684317718941
ck_5f217bfe28954e75,0.9833808553971486
ck_ae96d35465b3b4bd,0.3575560081466395
ck_512ebe97c0af94dd,0.8422403258655804
ck_f558fe02bb0219b8,0.37144602851323827
ck_84092e23d5ef4d51,0.7641140529531568
ck_17d3022ca12eacd7,0.3934419551934827
ck_8a8f81bf3558fd9c,0.14028513238289206
ck_0ada6fed1864e7c4,0.5958452138492871
ck_21fe7bc59dcd78fb,0.1820773930753564
ck_e136e20c1c74fe38,0.475315682281059
ck_e7a530e09d113dd7,0.9007331975560081
ck_7cb0c9ded4d63027,0.5915274949083503
ck_102db9615e722c9e,0.7918533604887984
ck_129e39ddfde92eeb,0.028757637474541752
ck_d730ff21bfd7769d,0.4268839103869654
ck_54459b45d2be8459,0.22716904276985744
ck_7f1c20319eb60aa6,0.9914052953156822
ck_939fede90473e412,0.2235845213849287
ck_e0f9506a6d5f4a1a,0.07959266802443993
ck_9a4967cdf49265cd,0.8941751527494908
ck_b9eaf03453ac7d5f,0.1674949083503055
ck_522477be6376b450,0.4509164969450102
ck_9b6282e3bad50710,0.3829327902240326
ck_a0e3a2facd508e49,0.7587372708757638
ck_97ffae702f7c3d08,0.12887983706720976
ck_344a95cb7115ec67,0.3143380855397148
ck_1f2760764afa45e8,0.14374745417515275
ck_720cd658d11ea428,0.864725050916497
ck_04e32ee9834c088d,0.9714867617107943
ck_2bb1389e5e72c8f4,0.7581262729124236
ck_961e7dbc217cfbbc,0.12969450101832994
ck_f3bce4eccfa6d6bb,0.22358452138492874
ck_e0ccfa0d689339be,0.22077393075356416
ck_98217aeafa0bfefd,0.6069246435845214
ck_a02aeec1914c158a,0.4321792260692464
ck_20a17e8f206a14c8,0.5842362525458248
ck_114c32aad4b6183f,0.7512423625254583
ck_79f5198f0decef20,0.1695723014256619
ck_2209de229b4c71c5,0.4510386965376782
ck_6ee939b7f396975f,0.3728309572301426
ck_202f0c14b07ace01,0.6717311608961304
ck_fa24db9d416ab904,0.20826883910386967
ck_cf6aa24b92c4d33c,0.9479837067209775
ck_45f57fb8194cefc8,0.6898574338085539
ck_d5eb179dc45394c6,0.7726272912423626
ck_efb24be983342f75,0.6240325865580447
ck_245f5d62ead5ef28,0.5110794297352341
ck_15fe2a47fa7e92ea,0.14818737270875765
ck_b6527a85fd682554,0.7303054989816701
ck_11f9390a11ce9ff5,0.6739307535641548
ck_ffb4d892c5158201,0.03963340122199593
ck_d4c1da5a1427fd6a,0.8840325865580447
ck_2c041b1efb1c5063,0.3239103869653768
ck_ecc18f40b33be769,0.8790631364562118
ck_0525349f3945375b,0.8010997963340122
ck_0bfe62e0c7eab9c9,0.7182892057026476
ck_b7c37d410b1646c2,0.7774338085539715
ck_4b15b0746318cf42,0.8911201629327903
ck_e5ee006ecd8ff661,0.7146639511201629
ck_ccc83cf66365357b,0.6564562118126273
ck_34a33ffe8339f66d,0.9683503054989817
ck_4e39e3b165edab58,0.9733604887983707
ck_1a71f8081ae00190,0.9756415478615071
ck_ed8f1200fc049c40,0.9728716904276985
ck_8a5a57858e8c77f3,0.6065580448065173
ck_fff9fdc2adf5100b,0.974989816700611
ck_c76f1bf40f3b787b,0.005621181262729126
ck_1a6ddfeef82b1b1a,0.324887983706721
ck_478d2667aa9896d9,0.38973523421588596
ck_641c8e7694b21f3b,0.36228105906313646
ck_293581d879f6663b,0.9540122199592668
ck_1bfa8abdb22be8f0,0.7768228105906314
ck_05ab5b03d0bf9ce4,0.920488798370672
ck_35694db37f0cde7a,0.06961303462321791
ck_fe33eb743d714c03,0.32460285132382893
ck_abd10fbcbaf2b038,0.30822810590631367
ck_46d51648c1bf80e5,0.8960081466395111
ck_5c8390017fabfaef,0.6932382892057026
ck_87d55ca333f22072,0.04606924643584522
ck_c39c6a1453e2b92c,0.04378818737270876
ck_69ff1b0aa143a168,0.020570264765784115
ck_e57c79eaab35ded7,0.23279022403258656
ck_463ae759e2b6ad1d,0.8364154786150713
ck_0dae4a7eb587f3ba,0.5525865580448065
ck_9b12fb56529ebc4e,0.5868024439918533
ck_1af547077ba2dd03,0.9227698574338086
ck_de13de941bebc7cf,0.01881873727087576
ck_83dde7da2bf647ac,0.01910386965376782
ck_c80a94d4660041fe,0.8630142566191445
ck_f39cfeb277ef6528,0.009246435845213851
ck_1cec1ed1512a2d3d,0.0810590631364562
ck_7955a359b6448799,0.07780040733197555
ck_8c0955dad13c3ca1,0.20684317718940937
ck_6d4cd2de601a2308,0.42085539714867615
ck_f4536ba8dd2d551d,0.36627291242362525
ck_b379c198d6db2d62,0.6623217922606924
ck_76ea90ebc74bcdc7,0.6488391038696538
ck_734f06bd4aa92781,0.7184928716904277
ck_677e1d0c14cbf569,0.15372708757637477
ck_259271c70f3fbcbe,0.8615885947046842
ck_c0b744eb9e7d4eb7,0.3494908350305499
ck_3d41faeb96802f68,0.1960488798370672
ck_8f604fa70fc3c8e3,0.354867617107943
ck_0b3c3bea0e0ed339,0.48089613034623213
ck_be5df076b8a86409,0.17649694501018326
ck_6a475fe324d7d790,0.7415478615071283
ck_3ba3fa5387bacee8,0.005213849287169042
ck_324b9939d9c1c31e,0.24240325865580445
ck_a7fcf7b592f68ca1,0.6991446028513237
ck_5b2728f7cca414ae,0.021099796334012225
ck_5f4a25ffd0b85a47,0.5567413441955193
ck_63d4f5076fe4406e,0.16244399185336048
ck_af528d66c86f0cb8,0.7760081466395112
ck_ac7cdb9b8da7b5dd,0.545254582484725
ck_3bece63711407e25,0.6024439918533605
ck_d4e0b2a12fcfc35e,0.3079837067209776
ck_ee3e7c9d3a9c74b4,0.7315682281059063
ck_50d7c4dab837bf66,0.46753564154786154
ck_ebcb93a2990fc914,0.8492057026476578
ck_2329cc9702cdf7a0,0.7278615071283095
ck_db1fa53d588bf99e,0.5418737270875764
ck_44e57a0bad5a0745,0.43763747454175156
ck_472c81a144f4631b,0.05702647657841141
ck_1658429acd5306ba,0.5038289205702647
ck_466103ec5bd9444b,0.6090835030549898
ck_9757163e25262b74,0.7123828920570265
ck_34ed59bc2c9b0186,0.16859470468431773
ck_b7bd3a7f263f4f29,0.7403258655804481
ck_149662b09d632e41,0.39653767820773933
ck_a9ffd6b3957bd41e,0.07816700610997965
ck_ab80466ef615e85c,0.08920570264765784
ck_f2c824d3473db24c,0.2921792260692464
ck_a4a01fd45936b078,0.745376782077393
ck_8f6ce158c2902877,0.04167006109979633
ck_5189a302cfa7cefd,0.007169042769857432
ck_430a3d03be588201,0.294949083503055
ck_b5f9dd00914b4db4,0.19625254582484725
ck_52dec82e9cf6135a,0.249938900203666
ck_95e444a01e2ab4a5,0.6750712830957231
ck_e37cee7b123692af,0.7602851323828921
ck_d68d42858a55adff,0.7154786150712831
ck_3abfc010091d679d,0.650020366598778
ck_cee4e4e1b62bf82f,0.7225661914460285
ck_9ccb17c35e636c5e,0.315071283095723
ck_f72a5a3b0d6c1177,0.06871690427698576
ck_7508aa554fae6afb,0.8836659877800408
ck_003aa842b7ca1d77,0.9422403258655805
ck_83b2b192f41ee2bc,0.8595112016293279
ck_64796b6b2c3c7f06,0.5331568228105906
ck_6438ae81d43cb196,0.39812627291242364
ck_2bd73d9098504760,0.8169450101832993
ck_aa8b9b36a099e4c8,0.824847250509165
ck_e5ece47d0dd10526,0.5586965376782077
ck_16077ac345472e6a,0.45621181262729127
ck_a4d6e152b0076964,0.23682281059063137
ck_d90b1d03ae151f62,0.6489205702647658
ck_18b36d342b530af4,0.4196334012219959
ck_2a01e610348b84f8,0.6415071283095723
ck_0a93ed76bf36c8b6,0.7055397148676172
ck_3d56b477fe2370b6,0.6820773930753564
ck_17ab3068fa303682,0.12211812627291244
ck_592a3520d841d11b,0.39433808553971483
ck_84d07028b5fca2f6,0.48431771894093684
ck_f4a2bb10afa85743,0.2636659877800407
ck_4fe4b072f03f2c1e,0.06936863543788188
ck_9ad08fcc183ea1e7,0.0604480651731161
ck_130d3848b9dcdb05,0.22541751527494908
ck_bb399ed6bf28c230,0.6778818737270875
ck_a31a64a39a2c4941,0.3695723014256619
ck_c49f25dfb39909cf,0.6106313645621182
ck_55f50a9ae2db8ff7,0.1110386965376782
ck_09faa4e771cf876b,0.26949083503054994
ck_df520a7a6e405889,0.7016700610997963
ck_8c8c98cc694ac900,0.6982484725050917
ck_7f0c4f609673ef62,0.5326680244399185
ck_f51fe59cd445d2cb,0.34932790224032584
ck_b3fb83f0d772a831,0.4330753564154786
ck_d6e7e257751c299b,0.13124236252545823
ck_0d362ddb4a1cb6d4,0.4363340122199593
ck_a574a08edaf81781,0.22558044806517313
ck_a823f5bcb0e4b9df,0.016415478615071283
ck_f792586ad0381eac,0.6158044806517311
ck_54bfd70022c66983,0.1909979633401222
ck_fe0a9372c9372de9,0.2679837067209776
ck_5691cd6fdb6d8147,0.54040733197556
ck_a95f212a02433d23,0.32382892057026474
ck_f5adad75e1c06731,0.7959674134419552
ck_e09c97520eb0533c,0.4603258655804481
ck_a1e13c0d58560340,0.007780040733197557
ck_cacc2ca410cbe80b,0.3866395112016293
ck_c0dde2a6ef1e08c5,0.11356415478615071
ck_a04403073c90ce38,0.012953156822810591
ck_03d3026107175dae,0.4775152749490835
ck_50176dae5b1b716d,0.18321792260692465
ck_6c084bfcb38e96c3,0.6582892057026477
ck_36d2be9012f7909e,0.5734419551934827
ck_958acf84c6137a22,0.6773523421588594
ck_114722e12db90a73,0.4826883910386965
ck_203c2a22c0c165ac,0.585010183299389
ck_2c44ca550e5cfa82,0.48069246435845214
ck_df0a8f20ab8f14f4,0.6891242362525458
ck_826a27ff7555192e,0.37397148676171077
ck_09a988ebcf062297,0.6174745417515275
ck_5c82444b3b9160ae,0.4825661914460285
ck_f6a4a7ed27fe76fc,0.7016293279022403
ck_17de46314b5c6a92,0.45067209775967415
ck_335e63101b1e6c4c,0.8761710794297353
ck_c5eefc0697451de9,0.7720570264765784
ck_49a0efb5d4067b6f,0.8732790224032587
ck_c1f4509c8f5dac5c,0.1378411405295316
ck_57658eda1c59bc52,0.09739307535641548
ck_0d5c0736ec76385a,0.007209775967413441
ck_e0239e6ae30795a7,0.5980855397148677
ck_e4459115cd8e5e4f,0.6096945010183299
ck_bb4aec09d4968dda,0.8740936863543788
ck_a1b4c96faed3e0db,0.7685132382892057
ck_8247b79ac67aae7d,0.549979633401222
ck_fe2fc7d6e5d83f09,0.6131568228105907
ck_f6aea576cde8d592,0.035356415478615066
ck_b7e7f7d0cd886412,0.8180855397148676
ck_ca7b993e8286af7f,0.8799592668024441
ck_47de038381a9cd65,0.4587372708757637
ck_d38f941d09eec820,0.7107942973523421
ck_d9ba2a6c0d926b4d,0.24236252545824843
ck_cda72f597330d0f3,0.13727087576374747
ck_16d2d27fadeeacf7,0.395152749490835
ck_be05447853d423a9,0.06464358452138493
ck_cd92852d7376a4a8,0.03132382892057027
ck_2faf7ecccc9fec58,0.00818737270875764
ck_db8733fd92f20cd7,0.7156415478615071
ck_a9989a3a94c26634,0.5286761710794298
ck_957fb25437c75e41,0.7164969450101832
ck_e6a6caf6e7de17c2,0.24712830957230142
ck_f7bc569b37e8bdda,0.30012219959266806
ck_703b375dd86a6124,0.6574745417515275
ck_d3cfb3603f2c6ca3,0.7571486761710795
ck_07cb2b6f2a4303e1,0.6539714867617108
ck_31631e2028d4f855,0.5887169042769858
ck_1631bab0ba1256db,0.7230142566191446
ck_5fdafeaec036f016,0.5246435845213848
ck_6eda4c36aecad602,0.3115274949083503
ck_bd1bf9e3e29de281,0.7939307535641548
ck_bf378ea558a4125f,0.955030549898167
ck_7aa2deeda0e57412,0.9841955193482688
ck_d229cf7f5a3f38ca,0.3995519348268839
ck_9e109edd124492a5,0.18338085539714868
ck_779491819995625d,0.9452138492871689
ck_b89c6fa2ad0a12f5,0.3813441955193483
ck_1d01b4a609918c4e,0.9748676171079431
ck_714c5d7cb17bc9f2,0.40871690427698576
ck_269f1746f2609ed4,0.3077393075356416
ck_4be03a2aa62b93c7,0.03877800407331976
ck_cf920313f6dd28fa,0.4956008146639511
ck_fb00aae4e17740c5,0.23894093686354378
ck_085d8c42739e2b10,0.9981670061099797
ck_c72a7d0d03cf3e17,0.8806924643584522
ck_8f6ca5d3b17eac6e,0.13780040733197557
ck_d9573100bbff4014,0.8862729124236253
ck_79d6793d1d0cf43c,0.058370672097759674
ck_91fa5032f7aff0f1,0.8762118126272913
ck_87110d84872c0fed,0.5167820773930754
ck_8220da627e9992a5,0.15906313645621178
ck_2ae44938847f3852,0.44663951120162937
ck_b0f191e44f9b6f35,0.740488798370672
ck_3049d744b527f4d0,0.39837067209775967
ck_47d3e8d1dd3fbcef,0.5614256619144602
ck_ddf787359d2b5deb,0.04668024439918535
ck_b27a9e39726b26d9,0.05898167006109979
ck_80c4e9274cf976b6,0.9847657841140529
ck_c6afa913168ce8fa,0.3073727087576375
ck_52427b3f8478db19,0.6036252545824847
ck_3b810f15ca0eaa55,0.24778004073319757
ck_0c9e420f97baaa06,0.9593482688391038
ck_f8540cf3a8b2f8c9,0.4271283095723014
ck_1402d24dd623df72,0.2707942973523422
ck_eb4f4267e24d042c,0.2033401221995927
ck_6f661b428d6fb8e4,0.7786558044806517
ck_519a26ecf3d29c90,0.11486761710794297
ck_e886ba71d4a6fd73,0.6794297352342158
ck_437f9ecd2016a1a8,0.24867617107942974
ck_f01af1b0c977cc06,0.3553564154786151
ck_614f777c2eb5d537,0.09971486761710793
ck_b804e784cde9af8b,0.5519755600814664
ck_c2dccbc1b24b137b,0.8292871690427699
ck_1df4a1781a0f6999,0.565050916496945
ck_bd2cdd53fca26171,0.2269246435845214
ck_424c254249a109f0,0.6883910386965377
ck_cf2ca4f286e289ba,0.8018737270875763
ck_6c33cb15b0d8af54,0.38016293279022406
ck_311d395fa9b8550a,0.5069653767820774
ck_9f792e7e721ff7f1,0.11462321792260691
ck_4c37586080edb7fd,0.027169042769857436
ck_7c4f42c5397113b0,0.17164969450101833
ck_fc418f53ce4aa579,0.9699796334012221
ck_1ba28fb7ef726ce2,0.5572301425661915
ck_d932f98bf6b83956,0.8179226069246435
ck_248b3659a9239240,0.5425254582484724
ck_6a92cf5f4cf5de38,0.5309572301425661
ck_65519d0fb137e0c5,0.19674134419551936
ck_ddc3fc99eaba2064,0.6709979633401222
ck_7310cda3bc65a73f,0.17771894093686355
ck_c01c85bd631d4054,0.1445621181262729
ck_b4954d16b9749829,0.31564154786150717
ck_f301f6758e170d66,0.6692464358452139
ck_9bf95f8c47e7c7b4,0.36932790224032586
ck_c91b7fccf6aeb4a5,0.8056211812627291
ck_785fa45e86bc5e95,0.40256619144602857
ck_2a65f1cc23f1180e,0.0775152749490835
ck_a49a2c1f881a3560,0.2710386965376782
ck_def344d68f06d749,0.4826476578411406
ck_abbd1465fc730d78,0.2029327902240326
ck_07a5610ed28162fb,0.4837881873727088
ck_7ecdee2d7127be8b,0.37816700610997966
ck_67858bc00e81490d,0.009979633401221997
ck_b4ad165ace910222,0.2559266802443992
ck_30753ffe481a1b8c,0.9471690427698575
ck_c401a26725b17177,0.0625661914460285
ck_819988d8a7f26415,0.1519348268839104
ck_3364a1d9261b3638,0.5602851323828921
ck_c484c5bda389bf20,0.036456211812627294
ck_ae416325fef92c9d,0.9666802443991853
ck_5517b9a865960542,0.18077393075356413
ck_a0e96fed380440b2,0.44199592668024446
ck_e83409471d2b0b44,0.6041955193482689
ck_127273af97d7827d,0.29828920570264766
ck_aaa9861c91bd14dd,0.3207739307535642
ck_a378c58294001a36,0.975193482688391
ck_abb9d65ff1f95b64,0.8189409368635437
ck_a5ecbefa849ae569,0.3410183299389002
ck_aa9953c0ca2bed7b,0.031568228105906315
ck_40bc6de252865f32,0.1389816700610998
ck_9fb11688dcfe1513,0.2736048879837067
ck_ba68841ca2ba073d,0.6902647657841141
ck_1d3e561a7d20be0a,0.9885539714867617
ck_99a92d710a29c1d0,0.26590631364562123
ck_ede2e887697ffac0,0.16431771894093686
ck_e6de67c0d82a7b83,0.620081466395112
ck_6b38763bf5ddbcef,0.7310386965376783
ck_8dd44eead7d765a5,0.46427698574338083
ck_30bf5b0056eea9e9,0.9109572301425662
ck_2981d16f8a51a8ed,0.5855804480651731
ck_fc60f42c68c7024f,0.8094093686354379
ck_8e2b2251ee224aa4,0.38773930753564156
ck_1906f0dfaf6e9bad,0.9541751527494908
ck_dcbe6814fc4ca0b4,0.8498167006109979
ck_f7e958a286ae3b57,0.3473727087576375
ck_713649668a7ca824,0.6856211812627291
ck_6f73cdbf9305e2ea,0.4767820773930753
ck_dd1c490050cd9051,0.4672912423625255
ck_e30db36e376606f7,0.8898167006109979
ck_740d8fe8028b5a2e,0.19421588594704686
ck_ebbc9418cd41f692,0.0874134419551935
ck_7b3cc6cc3f250f39,0.40635437881873726
ck_1d30eef7110809e5,0.9156822810590632
ck_77e0589ab339ca66,0.3286761710794297
ck_15ccbf8ff7d14086,0.6503869653767821
ck_246989b0c288664f,0.5190631364562118
ck_fc2a6e27b10b10e9,0.13331975560081466
ck_8afc1112c12f5402,0.3246843177189409
ck_a76e8d83b9141364,0.6026069246435846
ck_51d3e8dd7465c015,0.29238289205702644
ck_e7b4016909405981,0.12778004073319754
ck_e7a3cfb9bf908e80,0.6484725050916498
ck_2bb49dc2388cdc1e,0.15824847250509166
ck_94f4266ee7871345,0.45010183299389
ck_b2c896beec146477,0.3531568228105907
ck_fcf5d4a4748cdd53,0.24146639511201629
ck_fd0483639811f62e,0.8969857433808555
ck_9a21d183524734aa,0.7947861507128309
ck_1df4b46c0a4c317d,0.5705091649694501
ck_638df9e8a22dfe0b,0.24228105906313646
ck_65acc43a6dc3e65d,0.22558044806517313
ck_7c67b73196e3d0d9,0.4289205702647658
ck_b0ee3a98175b462d,0.1594704684317719
ck_20fad010969f1abf,0.06908350305498981
ck_54b087bd873af8b8,0.34733197556008144
ck_8007824431fa803b,0.16077393075356416
ck_23aab322810b9fec,0.44191446028513237
ck_c8001bdb9aafc8a6,0.6717311608961304
ck_3a34c3ac83cf84b3,0.2631364562118127
ck_60187ac2c473a662,0.9737270875763748
ck_6a0ccd7357979f0f,0.8358859470468432
ck_27f20337bef5ffe0,0.5263136456211812
ck_f9fc468915afe49c,0.7832993890020367
ck_1eabc15a94bd9009,0.5437474541751527
ck_26896c494b2768ef,0.4164969450101833
ck_348c874eaf0354f4,0.5212627291242362
ck_be9c46acd216b45d,0.7161303462321792
ck_a3cce46d15cc20a2,0.7579226069246436
ck_70804f60d9704128,0.8413441955193482
ck_a019151ca8e7527a,0.7034623217922606
ck_571133b2aa8ead51,0.6026476578411405
ck_0afa4449f20d5196,0.2481466395112016
ck_4d503c41cf4e5034,0.580040733197556
ck_d6fb9cc5171e3e9b,0.9506313645621182
ck_05ed92a7c3e10e5d,0.6878207739307536
ck_bfb067986660afe3,0.8121792260692464
ck_c1a31690c8573226,0.21238289205702646
ck_cb88ef3dc1f42225,0.14920570264765787
ck_21e3b3bd998745e5,0.874867617107943
ck_cf52e46fa54e4540,0.00839103869653768
ck_b72c7ac4208052ab,0.674908350305499
ck_e6465c56b337e6c2,0.735193482688391
ck_5f87eb05d18186c0,0.6377596741344195
ck_263f6c5ff26b5e98,0.3066395112016293
ck_e0b7e2c0bbe228d9,0.35246435845213847
ck_b657ae3c146cb7bd,0.2637474541751527
ck_abac514d8167ea58,0.8363340122199592
ck_024dcab126876002,0.6558859470468432
ck_5d8481e2b38bd99d,0.6691242362525458
ck_edf229c17d25dac1,0.8933197556008148
ck_6cb7c97b72d6b5d3,0.32468431771894096
ck_c96ae2c28086a059,0.8563747454175152
ck_2f241b97c0f8389e,0.57979633401222
ck_9158bdbb63ee8987,0.16089613034623218
ck_e7b40b60786c1530,0.2881466395112017
ck_66d38518f68e6194,0.11816700610997963
ck_8c9b57ad2a991416,0.2525050916496945
ck_cc91bd7152d3e9ba,0.6793890020366599
ck_0d846660c7957a88,0.20920570264765787
ck_60896cdac2212bea,0.8393890020366599
ck_dc4db8b932df49de,0.8841140529531568
ck_2dc31db181150e20,0.2774338085539715
ck_2f138fce1171e277,0.6421181262729124
ck_68b8b859a6ef505b,0.6723014256619145
ck_c3fe0c6c5e1f40f6,0.27026476578411407
ck_15886fe84866de92,0.6467617107942973
ck_ea269b35406473e8,0.028105906313645616
ck_3ce7cad1f69b71d6,0.5567006109979633
ck_054ed4288ee58d6e,0.74020366598778
ck_3d4913a86f207fee,0.8590224032586559
ck_23ff85f9d2355e8d,0.4485947046843177
ck_d87ab3261322216a,0.09600814663951118
ck_fac046ce336fe39d,0.2715274949083503
ck_beb97e498e6cf8e8,0.7886761710794297
ck_1f517e0ebf397b51,0.4385743380855397
ck_0af57ebaa45877a1,0.26048879837067207
ck_f99bc1732ce5e999,0.7616700610997962
ck_abb056a9deab275a,0.5874949083503055
ck_0bfc394c5faa65cb,0.675193482688391
ck_ddc865af1dd5670e,0.7935641547861507
ck_68b5542459638b56,0.6636659877800406
ck_0b1d84252c0b46c2,0.23991853360488796
ck_520ec32c4f253604,0.6154378818737272
ck_79ffcfee599d77c7,0.37384928716904275
ck_eb224c0fd146253f,0.714745417515275
ck_0e477084434da450,0.6532382892057027
ck_07840bba5570785b,0.8326272912423625
ck_6b67fe8e310ab865,0.4565784114052953
ck_e2a1068c2fa22525,0.5065580448065172
ck_b9c6b32f6bd92a3c,0.364928716904277
ck_c1e7d1021ae58f00,0.04264765784114053
ck_5d7801201749ffde,0.4737270875763747
ck_c8806749e263f70b,0.059918533604887976
ck_c9eeab826781dc91,0.5814256619144602
ck_309a432c160a17b3,0.25364562118126277
ck_b22e3337b8e3dbb2,0.355071283095723
ck_79c30169c71b8033,0.9674134419551935
ck_5a6593d954085775,0.22293279022403256
ck_70b9b79ea1aacba8,0.6376374745417516
ck_63743141ffa11f45,0.49340122199592673
ck_dfd3dbd0d97a642b,0.2639918533604888
ck_635646a661f05b4a,0.6160896130346232
ck_4b123d6931b6d0d7,0.9256619144602851
ck_f2b0e7a47f442557,0.9724236252545826
ck_1b1df006b81d38ba,0.31148676171079437
ck_360237c1bd30f4bd,0.33177189409368635
ck_5e84bca0e362da20,0.6659470468431772
ck_142dba210ed2f3b5,0.8196334012219959
ck_a3564236069e3524,0.8681466395112016
ck_cf36d8b070ded782,0.5380855397148676
ck_ddd6625c5eddad70,0.01539714867617108
ck_ad54292a0b2f44ef,0.6204887983706722
ck_45cd5ef6b359e9b4,0.23030549898167008
ck_982c2392238b7be3,0.9375560081466394
ck_083e4ac78685c3bb,0.40456211812627296
ck_729cc0b46cc2e546,0.9036252545824848
ck_f2b8995fe5402759,0.27881873727087575
ck_73e24f5a8da289b3,0.6228513238289206
ck_bd85f30c36f5998d,0.7885539714867618
ck_ee4ff3aeadf912c1,0.0780040733197556
ck_63d2978706e193d2,0.6668024439918534
ck_6a0684436a1e66c3,0.9065987780040734
ck_182dc4a2f5a366da,0.012586558044806517
ck_e6fecb82fc2a82de,0.4789409368635438
ck_cfb06f07394dfe64,0.007861507128309573
ck_7bbe1dc8add17ef0,0.45999999999999996
ck_5cacad76e02c8e3d,0.9876578411405296
ck_ca68dec0c7df5a12,0.32089613034623216
ck_e4c0fc52c82065d3,0.3496537678207739
ck_f9197b070416f443,0.18773930753564155
ck_2a07c7021b71cf65,0.5216293279022404
ck_4fa85cebf707de2c,0.07437881873727087
ck_0063d2a9507467e5,0.31987780040733194
ck_ec986285fff05b7d,0.09437881873727086
ck_279d43303708109b,0.32032586558044807
ck_a406bf11e48cf8c5,0.7853360488798371
ck_064b2aa3f0bfdb6e,0.32024439918533604
ck_95790440bc4bd2d0,0.6238289205702647
ck_70066eea13b4c34f,0.37686354378818737
ck_19468fe07e26f992,0.9878615071283097
ck_86bfe328e0a533b9,0.9512830957230143
ck_ace3b96c977a7560,0.8958452138492872
ck_642344e5c652d8df,0.5947861507128309
ck_074be35c951ae10a,0.5819144602851325
ck_f14dce41036486a3,0.9925458248472505
ck_5cf67a3a747e684d,0.8168635437881874
ck_f7285b92648c1c81,0.11311608961303463
ck_bef3193f124fca5c,0.8679837067209777
ck_05c4dcbb45de1f8d,0.1104276985743381
ck_d7c28eaa05bb7144,0.5006517311608961
ck_320df984791a1b99,0.17665987780040732
ck_f45bad1606fa00a7,0.21617107942973524
ck_6f81c199e986d9fc,0.4930753564154786
ck_d0c9633fed57c344,0.7460285132382892
ck_a3c25d6cc7478068,0.5654175152749491
ck_4185506d12cf9fa0,0.05665987780040735
ck_7a02ee1bfba7353b,0.6471283095723014
ck_1b52590757c0fbeb,0.48741344195519354
ck_a0e5656e1cf9cbf5,0.18586558044806517
ck_ace21f6daef94f6e,0.24020366598778004
ck_646d8d0834782d6a,0.9009775967413443
ck_1f136a4476b5e775,0.5792260692464358
ck_325c7643cce02da3,0.76061099796334
ck_9b5e7fe28208f5d1,0.1835845213849287
ck_05d81b1a150f31c5,0.11975560081466395
ck_0e9ec486bff403c5,0.49519348268839103
ck_ee13c091bc379188,0.7168635437881874
ck_f7a7f8f5903617c5,0.4762118126272913
ck_96c3a3517153390e,0.5863136456211813
ck_538dad7f096458ad,0.6864765784114053
ck_8758fc6622bbb7df,0.6770264765784114
ck_f7e53af3c91fec64,0.5433808553971486
ck_80b50fad7f255e1d,0.23657841140529537
ck_9645e7adc08631b5,0.7490020366598777
ck_e007aedbf37d6ec7,0.45482688391038695
ck_2951d76c41de2569,0.7167006109979634
ck_9439bff87e616d4a,0.4407331975560082
ck_a73045e96af0e4fe,0.5323828920570265
ck_7b382e533e2e925a,0.584928716904277
ck_730226c2d216cacc,0.3934419551934827
ck_bdf837d761a7cec2,0.8934419551934827
ck_0b34197335ba3341,0.399918533604888
ck_49170c4b31a20f5c,0.03417515274949084
ck_cd553ba6589d8bfd,0.4674949083503055
ck_56b992c6f136fa5e,0.7281466395112017
ck_8beae3d7328fa41a,0.7229327902240326
ck_1a065ea906ae3d6a,0.284969450101833
ck_e9e3381d5e0e5051,0.11625254582484726
ck_a6d4f998dadc90c2,0.9781670061099795
ck_d36733da917115a6,0.6882688391038696
ck_e738e920bbd74a7d,0.46558044806517307
ck_af65eb885a51048d,0.027454175152749494
ck_73f4eb09af29b1c0,0.5736863543788187
ck_8fc641b1750a2542,0.6829327902240326
ck_41b954c7a948c060,0.18162932790224035
ck_25fc3010e8a0f6d7,0.3184928716904277
ck_a2624e0387974e0e,0.7082688391038696
ck_5cb9d7b2329d5ab6,0.7857026476578413
ck_6c83aa1d100a7cd8,0.7059470468431772
ck_67025c64588abd1e,0.2895315682281059
ck_f5dde68f6f0468e1,0.07682281059063135
ck_46bfb2cfc29a6d2e,0.3463951120162933
ck_49dddb894d33f6db,0.7578818737270876
ck_f738b633b8862d18,0.07564154786150712
ck_3d6c3c00d854f5a4,0.8169857433808554
ck_cdb8061d8d1a6c5f,0.08676171079429736
ck_5e1b81848718bdc3,0.5137678207739308
ck_8def763034187436,0.8120162932790225
ck_8f8e4fb9c6190272,0.21551934826883912
ck_368b968b5f33431e,0.010672097759674136
ck_ba7e347251ea399b,0.5962525458248472
ck_9075432001a64e75,0.37221995926680246
ck_73c5371635aca173,0.9421181262729126
ck_81793387b38047cc,0.15242362525458247
ck_0cf220816e320ac5,0.2524236252545825
ck_820219bb9c761b52,0.8726272912423625
ck_70a932ab39d86a24,0.08281059063136456
ck_2c4be237a7ed79c7,0.11177189409368637
ck_acc764b49ef02826,0.9408553971486762
ck_74c3c3452e4e7cce,0.1669246435845214
ck_34dfb57e5bf31d2f,0.689979633401222
ck_6ec39903f765956d,0.7970264765784114
ck_5986119e7d81e831,0.5715682281059064
ck_2ddfc948b8eac752,0.9184521384928717
ck_921ff5ceaf40a968,0.7841955193482688
ck_fb3b68b4424b5f92,0.8329938900203666
ck_c3db1b3ad4f16679,0.350142566191446
ck_124a197be41687f5,0.6624032586558044
ck_c58d9151834f5bad,0.5008961303462323
ck_389607982eb6b701,0.9556415478615071
ck_fb0c138c003e933a,0.07837067209775966
ck_50d0bb7edd8c69c0,0.6363747454175153
ck_c6cb651149dc9a8a,0.07759674134419553
ck_81e21354e477eceb,0.6176374745417516
ck_7696e38b3e4197b0,0.36517311608961306
ck_586001d3ed9e7fbc,0.05584521384928717
ck_bba413492dc46f2a,0.6008553971486762
ck_95b894380ad2702a,0.8516496945010182
ck_277621473369614f,0.9918533604887984
ck_a50621b5eeca84b4,0.0365376782077393
ck_bfa7ba218b988cde,0.7084725050916496
ck_5ea89567dfe78e4b,0.5978411405295316
ck_6c679602a6476ab2,0.2590631364562118
ck_d3885e286b3b11d2,0.7769450101832993
ck_cdcf6671b37c9c92,0.3221181262729124
ck_b5c93e6d34f8d366,0.13771894093686354
ck_c24f61925dc158d5,0.8369450101832994
ck_cd09375e6c81d2c4,0.6081466395112016
ck_a95afc7a00303a26,0.7834215885947047
ck_8e89ca8b39f3f8ad,0.19975560081466393
ck_9a84b396aada3fa8,0.8704684317718941
ck_5124a2e415384945,0.7729124236252545
ck_d66bb1f063357f99,0.49010183299389004
ck_0fd9312411b0ac55,0.5790224032586557
ck_ad8cbe6e27e47ede,0.4610183299389002
ck_8398adeaf41f9cae,0.5341344195519349
ck_dcf851e7bb5855d0,0.13128309572301425
ck_9affb0f26776b642,0.12004073319755601
ck_f0424b3b36bdbef0,0.734867617107943
ck_66746d1090d6d9e9,0.03568228105906314
ck_e5f8c8a5824db594,0.20920570264765787
ck_3e91dcc209431984,0.8626069246435846
ck_126a82e8d42e5ce6,0.19417515274949082
ck_38e4a74ab256e2eb,0.42798370672097763
ck_1225a97fc413a419,0.7628105906313646
ck_9b5ec0f78e160e65,0.19979633401221997
ck_7c5529bcc079600b,0.5889613034623218
ck_29640fc2fe81c251,0.9119348268839105
ck_160e9ba0a3f7c1fd,0.17132382892057027
ck_bff090cb4ab76b9f,0.4789409368635438
ck_aa06ed358e43db69,0.7734419551934828
ck_7264486eb512d84a,0.1474541751527495
ck_f5a32e6160b28379,0.12879837067209776
ck_4ba8bec14c2217e1,0.4522606924643585
ck_610815786d729d2f,0.41295315682281053
ck_e267999226b6321b,0.04244399185336049
ck_f3996a3c8eea1ea0,0.465050916496945
ck_e9b75ed7567a3f23,0.5830142566191446
ck_d21612d48bb4f7b8,0.3452953156822811
ck_1f871df76c6a995b,0.849979633401222
ck_953bd5de48ccd70f,0.940285132382892
ck_02a9104419a6dbaf,0.2872505091649694
ck_1eeeee651e05d535,0.7687576374745417
ck_e2ab04136a442a98,0.2604480651731161
ck_f0d806624ef3d359,0.40672097759674136
ck_4b68b38c1b3326a3,0.3074541751527495
ck_74e60495f8861156,0.6422403258655804
ck_398f3f4cf05c721b,0.1185336048879837
ck_f761b7650a0c1a85,0.6857433808553972
ck_7dadef33f5e2d94f,0.990224032586558
ck_6ff6883633b8c7ba,0.06509164969450101
ck_4d2159603045109e,0.4044806517311609
ck_a38bd07a5fac5c9a,0.14537678207739307
ck_f517f06551e69507,0.07670061099796334
ck_a7ea00a1760ad561,0.9856211812627291
ck_31fc51d5a3dfe16a,0.4294501018329939
ck_bac5233623b25ca4,0.40435845213849286
ck_385188ab27784fe3,0.6896537678207739
ck_9947a323bab5cacd,0.8822403258655804
ck_7973edc9f22ee7b6,0.6381262729124236
ck_f97c477986043755,0.17274949083503055
ck_1a3fd2cc4b4de196,0.22256619144602852
ck_e18ac29ea62cb435,0.7404480651731161
ck_9720a472a3e0140c,0.1379633401221996
ck_668c7fc7d7e47c0e,0.8334012219959266
ck_214af0806470ef48,0.5454175152749491
ck_a46c1773f01f0be7,0.8664358452138493
ck_f2bdcfb4203ffdee,0.8082281059063137
ck_40e84e6ffe788a4c,0.6364154786150713
ck_dfc6f5712d8d6678,0.8848065173116089
ck_01ef1036b2e66a4b,0.42769857433808556
ck_3acfec10eec32f9c,0.5070875763747454
ck_084a85145c15ed77,0.26276985743380854
ck_fcdb4fe2f095fba1,0.8040733197556008
ck_023908db0a193076,0.8373116089613034
ck_fec0ff92fd622253,0.40541751527494907
ck_c009c97d5fafbced,0.8431364562118127
ck_eb9f0c06ee017ee5,0.28427698574338084
ck_d7792b429620fc24,0.25674134419551936
ck_5e9e149a3b69c726,0.6010183299389003
ck_ce927322ef8f651c,0.6032586558044807
ck_b8fd61a8e82bce32,0.96969450101833
ck_9aafc33fba1474cb,0.354989816700611
ck_ce81ff9b8b35562f,0.369857433808554
ck_25bfca1d8eaa152d,0.6806924643584522
ck_170c65860e2a7e23,0.16386965376782076
ck_952da7ca9f33decb,0.379837067209776
ck_1ebd574406235957,0.7145824847250509
ck_589109a188adc2c1,0.19213849287169044
ck_f0cbd5383bb07778,0.6721792260692464
ck_242521e261148fba,0.23592668024439917
ck_509cece86a558de4,0.15771894093686356
ck_0dd7c5925d28755c,0.43938900203665987
ck_a7e669cf1c3985aa,0.49246435845213843
ck_acb84dc2351eeb76,0.13274949083503057
ck_b837c7dac2a9b931,0.5215885947046843
ck_18eb1f9181f95df4,0.2604480651731161
ck_b0b9047dddb1ec84,0.9087576374745417
ck_43aa136bdb0a2832,0.9323421588594705
ck_3e47f8c56c811700,0.2654175152749491
ck_77c587d24695ea15,0.5696537678207739
ck_20578ac693ea4e93,0.6479837067209776
ck_b9f6040eebd1605f,0.7755193482688391
ck_ca9d86f65cfdf018,0.2957230142566191
ck_a4fa8833995c716a,0.2833401221995927
ck_f589f1e29301b5fd,0.3443177189409369
ck_961ddb8ff55d868e,0.03625254582484724
ck_5662492a54e6688b,0.7780040733197556
ck_ad48826c1c26eb78,0.9534419551934827
ck_621c9ddde6bf2eca,0.5863543788187373
ck_417a3500b2c717b3,0.8428105906313645
ck_c7e129058beb3ac1,0.5240325865580449
ck_ec1c902b9b9b9c5f,0.8762932790224032
ck_317360ec0a67d27e,0.8479022403258656
ck_3e3ea5d8c4a229dc,0.7091649694501019
ck_d11d27de7bf0b973,0.8747046843177189
ck_d37d56e931105db0,0.2124643584521385
ck_4863077723cd6ce1,0.14680244399185335
ck_479a065d5903e9c3,0.27205702647657837
ck_e66ae4fd586fedea,0.1320162932790224
ck_192bbfd0d5720134,0.1955600814663951
ck_3b436cb29af99f3d,0.6103462321792261
ck_7c7ca54969eed187,0.7531975560081466
ck_826ee896c9f1144d,0.8734826883910387
ck_ba1f6dd43fc8a0b1,0.26806517311608963
ck_49685deb63e4e8f8,0.33030549898167005
ck_687ab5d5554bfa79,0.3777596741344196
ck_41346ccd9242cc8f,0.0535234215885947
ck_8f8e5e2b9dfec3d1,0.8221588594704685
ck_94d5ce61a0c50465,0.4250101832993891
ck_6b954c75aad8c012,0.6957637474541751
ck_748af92828c9d288,0.23336048879837065
ck_dddd14091ce812c2,0.5835030549898167
ck_723323f6870fab59,0.7014256619144603
ck_dbdf8d0708cc6718,0.34069246435845213
ck_f04938570a154de3,0.3964969450101833
ck_58afa1550b3b5294,0.4589409368635438
ck_3b150afde386ecff,0.7540936863543788
ck_666b95e75d99ec4e,0.9678615071283095
ck_e00332597cf1eb24,0.615071283095723
ck_9a9e3dac79280d7f,0.7670468431771895
ck_e8d37262e859d9a1,0.5190224032586558
ck_895bb39d24bc1c4c,0.08081466395112015
ck_b367449195e36499,0.5428513238289205
ck_d23f9a50d1135ce1,0.8683095723014257
ck_670dc4910cf476c2,0.01515274949083503
ck_3ecd8a5ce65e21ca,0.3103869653767821
ck_8584fea2df4c6317,0.5602443991853361
ck_0789ff4562202b20,0.7009775967413442
ck_749e0e50c3907be8,0.25095723014256616
ck_c3ff6790cc6d7e34,0.2936048879837067
ck_75fb7e56432ee4b2,0.42358452138492875
ck_529fc3170fd11abd,0.7105091649694502
ck_34a69b3b4a681796,0.9262729124236253
ck_255f0e5888ae9e23,0.8322199592668025
ck_65be698386474170,0.06867617107942975
ck_5eec9ed855c26000,0.21568228105906312
ck_5ab39bdc9610f6f3,0.9413441955193483
ck_1b5b75762f033462,0.4045213849287169
ck_d3e208671cf37f91,0.9605295315682281
ck_5068ee554ceff971,0.7779226069246437
ck_d7d50fb57fcb2d0e,0.0624847250509165
ck_ba6e1115fceaa067,0.7722606924643585
ck_d07bfb16a4a7dac0,0.9676578411405294
ck_ead68310311690c8,0.9529938900203665
ck_ee53ce862bc9c111,0.4017922606924643
ck_97e56e6037024dff,0.023340122199592674
ck_80b04344c98ec072,0.7812219959266802
ck_5954f45a2ab45f43,0.6755193482688391
ck_18ddf7e836256e3b,0.35515274949083503
ck_89a1a780144d808b,0.5904276985743381
ck_a7331e8b808c39aa,0.8333604887983707
ck_a1fd0ad03ff9b776,0.7757230142566192
ck_c0cf50eef030b401,0.057026476578411416
ck_074f20921189e7d6,0.18158859470468433
ck_e2aa7be60794593d,0.8745824847250508
ck_72771757dfb7f7a8,0.4462321792260693
ck_a9cd84a6dddfe584,0.370020366598778
ck_142c00f9f8557504,0.6669246435845214
ck_221b5d40358230f4,0.6883503054989817
ck_a2d7a563f520b7ea,0.4014256619144603
ck_66cd34bc568d95e0,0.45885947046843173
ck_a17128972d3e507d,0.7783299389002036
ck_bda299466bb2136e,0.6659877800407332
ck_2b699066665abe8a,0.7412219959266803
ck_0ac9848bd4ba0c14,0.08305498981670062
ck_98d2f9a6ba3a3077,0.9675763747454176
ck_a872df31b28a5f7f,0.8511201629327901
ck_7e73e1d44ce82ed9,0.30456211812627293
ck_1a415416f620d49d,0.18810590631364563
ck_c95c786d2f8b8edc,0.5025661914460284
ck_e45012f22b7f91d5,0.2043991853360489
ck_aa0b083e2a6813eb,0.8588594704684318
ck_4666232ddbf77756,0.5839918533604889
ck_e08e9c8ec5f23d8b,0.5567006109979633
ck_31d4c0518e5f52c6,0.20737270875763747
ck_c1ab40638f04cb02,0.43735234215885943
ck_4c1fdd1669c7cf51,0.12419551934826886
ck_11662cc7940ffc82,0.8641140529531568
ck_2e679af24adedac8,0.10048879837067211
ck_454b9e21b7f25a4c,0.13124236252545823
ck_355c4f29089731e8,0.9647250509164969
ck_507e40760a24d2d5,0.47869653767820775
ck_0943e0f305078e34,0.9927494908350305
ck_abc54ed7111e9ed1,0.09906313645621181
ck_a60fe02fc04407a9,0.8132790224032587
ck_244b897bb4d57c1f,0.3230142566191446
ck_8c84fcde93a04334,0.9313238289205702
ck_9eea37d2de633b27,0.3518940936863544
ck_b2cb9e6610eca967,0.2423625254582485
ck_09aadb4c41b166f1,0.8518126272912423
ck_8d94fbb4828ef326,0.3446843177189409
ck_089e3a07abbe3b8f,0.19918533604887984
ck_dfee9de05e3971cf,0.23930753564154786
ck_6abf8302ce052451,0.8287169042769857
ck_6ffa90143838a4a2,0.1485539714867617
ck_325caeab5c7a9c3a,0.22281059063136455
ck_1964ee9db929a173,0.9709572301425662
ck_942b95988a6245a6,0.8239511201629328
ck_913ecdeeb8e21a9c,0.6083095723014257
ck_ecf9794349eb4b3b,0.7381670061099797
ck_b6cb8d6ae828eed1,0.6769450101832993
ck_2f82ea66c4f53b33,0.8176782077393074
ck_6e676daa4855b58f,0.7228513238289206
ck_2a37fef48b44e9c8,0.479918533604888
ck_3bd12d468fdc2450,0.43437881873727086
ck_1a28b6a40a6bd3b4,0.7871690427698574
ck_61b79dec96d15713,0.08663951120162934
ck_31d5e3daced93d3c,0.44529531568228103
ck_e6c8611c0cf233d7,0.10321792260692464
ck_f04761b4a937ac3b,0.3620366598778004
ck_38c1c75cf055031b,0.6160488798370671
ck_59a561f3df01441a,0.6070875763747454
ck_04e40f556a5062ef,0.42896130346232175
ck_8409716d174635b6,0.30109979633401224
ck_3019afee83342701,0.6292464358452139
ck_b51a58e7f032c9a8,0.8026069246435845
ck_5043e474f848346d,0.6369857433808555
ck_4388abce33ecd01b,0.8993075356415479
ck_c93def7392f0aff5,0.7602851323828921
ck_72e7b1acc19df820,0.3905906313645621
ck_f253130dc3ca5b3c,0.5320162932790224
ck_eb264d1b180d4b4c,0.8987780040733198
ck_c2504f5a113433ee,0.26684317718940936
ck_c16ab1e4dafb4910,0.8720570264765783
ck_4bc42878fa180991,0.6732382892057027
ck_1c771a7c78f6622c,0.7914052953156823
ck_d523f0e50a2747ad,0.16289205702647658
ck_9060f4e7ab7a1b0c,0.4276171079429736
ck_6b55ec4e87a5e22c,0.8706720977596742
ck_55fc62a5f89a7251,0.4681466395112016
ck_bd2545c62f258231,0.7507128309572302
ck_1ccdc69d0bb712b4,0.36562118126272913
ck_710f867a3bd5898c,0.10945010183299389
ck_f91d48c40337d375,0.189775967413442
ck_f76d929541ed41dd,0.6835437881873727
ck_e26a6659c237b650,0.6522606924643585
ck_184983177b73dea5,0.4741344195519348
ck_6d0d081bfa8a0022,0.7520977596741343
ck_2f6e64f638da0f97,0.21515274949083502
ck_15b93103ccd38609,0.419837067209776
ck_094d10439b7b4eac,0.28928716904276985
ck_d2ca47180a926ba2,0.5162525458248473
ck_a69ca7b9d70972bb,0.11059063136456214
ck_68914e67343a7d32,0.24997963340122198
ck_8176616132458c0f,0.529613034623218
ck_eee99af3598311b8,0.8313645621181263
ck_94410eedfca91304,0.7595519348268839
ck_cfb11a0a2325bff5,0.20285132382892057
ck_75217ee144b715f8,0.8366191446028514
ck_d56fc799542299b8,0.13417515274949082
ck_4c352dd3e7c81269,0.734704684317719
ck_e23e50e02cb3904d,0.6828920570264766
ck_b921af37d500e139,0.5085539714867617
ck_82181b935360dcbc,0.9894908350305499
ck_22a7cf3b99c5e5fd,0.3282281059063137
ck_f67ee7910d532216,0.6421588594704684
ck_5f48762a14a0326f,0.07042769857433809
ck_1757fcb0e6e3f88e,0.880285132382892
ck_2c2f080ba185016e,0.6961303462321793
ck_4c25570eb72711b8,0.12932790224032586
ck_a3be871ca22ac416,0.5149898167006111
ck_ab70961e7c6695b2,0.3488391038696538
ck_a1cdebfc42a52448,0.06252545824847251
ck_f1b80b821a20186d,0.5621181262729124
ck_ae668e4564cd2aa1,0.22309572301425662
ck_0e2bc3a5afa439d8,0.7731160896130347
ck_3dc378f37d0b74b8,0.3520977596741344
ck_9f9555197480d1cd,0.30928716904276987
ck_bf4e7d48770a4a8b,0.8620773930753564
ck_614ef655f0685060,0.7872097759674135
ck_04d2ea38ee27770f,0.08260692464358452
ck_e03a9d8ac94161d5,0.12297352342158857
ck_d4007b5b26d9d854,0.026272912423625255
ck_2dd147ce6d61749f,0.4558452138492872
ck_ff45764ea7d6619f,0.6597963340122199
ck_dbc487cb0a6c18da,0.9562118126272913
ck_791d5392bbd80447,0.3169042769857434
ck_b4068439c413b150,0.6538492871690428
ck_85df7b7de9700aba,0.15071283095723015
ck_001e42551cd06e40,0.38097759674134424
ck_a6c02ae50932cd9d,0.20329938900203665
ck_9fd0be2c018ff5e4,0.30000000000000004
ck_32a495128395fde5,0.0454989816700611
ck_b6f2a2fd232c141b,0.5079429735234217
ck_28dde633692904b0,0.7914052953156823
ck_a1a93c5f375f6021,0.0856211812627291
ck_e3982142336782df,0.594745417515275
ck_a9812ff3c111ea94,0.579877800407332
ck_f04062216f95fa00,0.5692057026476579
ck_7c560467daca735f,0.008187372708757641
ck_76ee10d6e2dba70f,0.8418329938900204
ck_3521243bdac61178,0.2853767820773931
ck_28588fb03b320520,0.715234215885947
ck_580dcec33ec232b8,0.4073727087576375
ck_7109923fd7dab20a,0.5042362525458248
ck_7c872c99481c1e9e,0.4679837067209776
ck_46f4e1f5026f4d1b,0.06358452138492873
ck_00d1ebc31ec4653c,0.5582892057026476
ck_aac70764dde15168,0.7164969450101832
ck_648c03f9aa4e45f1,0.5233401221995926
ck_5478eb69ef912785,0.8960081466395113
ck_79b8523137bb2603,0.834867617107943
ck_795c49f312640019,0.023380855397148674
ck_89184bf7b7fe41cd,0.9155600814663951
ck_97d4bd922996fa10,0.44684317718940936
ck_1cef30d08f3a598d,0.0835030549898167
ck_2f9fd36a4a40a6a8,0.11551934826883908
ck_40780fc0f8d6f309,0.5332790224032586
ck_9083ca9fec2a7f4c,0.3989409368635438
ck_62081bc35aa59931,0.29739307535641546
ck_2e1b46c5fc56b863,0.8493279022403258
ck_3d139692c51b604a,0.7114867617107943
ck_b5e54e22e3d6960a,0.2485947046843177
ck_c0c4be3f44311b04,0.17979633401221995
ck_82a8bdd2692c2a5e,0.022892057026476578
ck_bdd2da300b530c5a,0.33397148676171085
ck_ee40498cd97183d3,0.30362525458248474
ck_70b9274473bd6dfe,0.15018329938900205
ck_473d6314ea614b29,0.20668024439918536
ck_7443d6dca8cd1352,0.15079429735234215
ck_3b49768b448b071e,0.6288798370672097
ck_b43f04431c267dea,0.055845213849287166
ck_4424a5223ba2fe00,0.3320570264765784
ck_819bf3e8231f4081,0.6164562118126272
ck_91d417507a8c58cb,0.879837067209776
ck_e88e86b19cada4aa,0.5591038696537678
ck_59684167f9c6bf4c,0.7839103869653767
ck_d5f5b0dc97b9dc27,0.48309572301425663
ck_13d1b192bbff8f32,0.27877800407331976
ck_b21d8630387cabce,0.44020366598778005
ck_e4ac22046699b99f,0.2819959266802444
ck_74b848064f2ff45d,0.16725050916496947
ck_166aa980cc87fa77,0.6969042769857434
ck_98e337806104dd88,0.15515274949083502
ck_66eb09be007f0755,0.5476985743380856
ck_3ec9b9d8dd7be11c,0.5394297352342159
ck_8b8b9de339d75d0b,0.5934826883910387
ck_6715139e240007d9,0.1823625254582485
ck_a0255ab46e122d2f,0.0995519348268839
ck_66e81a4190c33510,0.46651731160896126
ck_5d75ea4f5c9080bc,0.9345010183299389
ck_df69858b8a8b3165,0.3958044806517311
ck_e15252ebd7553422,0.22248472505091652
ck_34d6d74bb3ed11e5,0.10818737270875764
ck_c2608f78f6851d10,0.9462321792260693
ck_bb99071e8f58c8a4,0.9387780040733198
ck_06010f0df5b7cef8,0.7843584521384929
ck_8c582eb0f6c0148c,0.5175560081466395
ck_0034d010d28aea78,0.4895723014256619
ck_01c1f06692566ca1,0.41494908350305504
ck_4807726e797fb893,0.5747454175152749
ck_edc9668282e3c8cb,0.5481873727087576
ck_5486768475af7bb5,0.9635030549898167
ck_3fb9813849e51837,0.48716904276985745
ck_861af5a9a9a6d619,0.14276985743380854
ck_da39653add0f1109,0.1784521384928717
ck_74a4244eb1f162e4,0.011649694501018328
ck_9a930faade55b8ea,0.09230142566191445
ck_fb6e06ca88519dcd,0.4113238289205703
ck_9776cd8263a9f415,0.269938900203666
ck_b3dd1198ac5aea73,0.7475763747454174
ck_b6675a04df1a4276,0.3487576374745418
ck_5c7ad6e731b69333,0.9217922606924644
ck_28dc0fdbaec00580,0.8529531568228106
ck_8e7a32f7e3905f4e,0.480122199592668
ck_8563fed6674afc77,0.3619144602851324
ck_9a2fcccb82da663e,0.6094093686354378
ck_6a519bdac0d94527,0.05739307535641548
ck_a0dab7aa9c4a39a9,0.13808553971486762
ck_a3ce05e9e5e32142,0.5098167006109979
ck_7a7e40ee3f97c035,0.7631771894093686
ck_9e9a830785112a73,0.5570672097759675
ck_ab1bb02f6b189304,0.9075356415478615
ck_7b8cb0f90fbdc8c6,0.229816700610998
ck_b138fc249e659e60,0.3235845213849287
ck_e73caa3771ec5e0f,0.22525458248472502
ck_18a55b06ccccd88b,0.560040733197556
ck_fdcb1d9265d8fec1,0.890386965376782
ck_e21a900556b382ad,0.3962118126272912
ck_c6bf67470f526771,0.49311608961303466
ck_b568ba3837afb39a,0.01364562118126273
ck_a2858979dd5645ef,0.16179226069246438
ck_1da9d40837ebaa57,0.5641547861507128
ck_9341c7959543c542,0.05380855397148677
ck_c8ad86806b9a2369,0.7866395112016293
ck_5c85d93ecfed4b0e,0.24712830957230142
ck_f07b09879d697b82,0.3974745417515274
ck_fe43da07608b1749,0.5638696537678208
ck_4bca22b5926b9c28,0.20981670061099797
ck_aba573aa942b1d41,0.28211812627291244
ck_57c14e32fa4683bf,0.07380855397148678
ck_891530b489ce402b,0.3327494908350305
ck_5e74fdadb93ff293,0.6109164969450102
ck_14436a409ebcc90f,0.31221995926680246
ck_00013fdfa0bd37dd,0.4188594704684318
ck_7dbe24ba01316775,0.584969450101833
ck_0e3f80c1553c591b,0.5375967413441956
ck_3edc45db58760d76,0.38501018329938896
ck_29076a13f539187a,0.9241547861507129
ck_b1e81b58b9a545ce,0.8161710794297352
ck_3f8571d4f7420b2a,0.8485132382892057
ck_7dff6abe4bd644dd,0.9357637474541751
ck_2884bab237af16b7,0.27030549898167006
ck_231e6dd1fe708000,0.3060692464358452
ck_33ecaa7b892e73df,0.44232179226069246
ck_b109ec4c63503030,0.30745417515274953
ck_a7f522382509cef1,0.11262729124236251
ck_748b3ea941d8b3b9,0.2703462321792261
ck_29f3a1737a2d9634,0.32325865580448065
ck_cee8d42475a0f020,0.16651731160896127
ck_c6b6ebe145a8ffab,0.6520570264765784
ck_21c99e1d6b881894,0.021140529531568232
ck_5ad798286384484e,0.6145010183299389
ck_b621b6ffcc7f4848,0.0654989816700611
ck_ea819e337233475c,0.9133197556008148
ck_9e3896c2668ce06b,0.8195519348268838
ck_501dcf1ead036d2b,0.27274949083503053
ck_8d5eda29a2cffa3c,0.5765376782077393
ck_4d3aa36ff83f1132,0.9306313645621181
ck_8e9faf94e3e6c757,0.04476578411405295
ck_ce0ec41f96951048,0.6607331975560081
ck_f09165d73ee903b1,0.3180448065173116
ck_a432b1bf1d3b3d5e,0.915234215885947
ck_ea618f720ff0b4b0,0.17682281059063137
ck_7584e7bd755cb28a,0.4312423625254582
ck_e14681aad43e1a72,0.6002851323828919
ck_5e18870d8e30e379,0.6294093686354378
ck_ff7c26a62bda8089,0.14619144602851322
ck_cc5a35175d381d5a,0.2804887983706721
ck_3c25029e40aa8a84,0.3239918533604888
ck_771247b5bc16c12a,0.47181262729124235
ck_664b5e02759f985a,0.17796334012219958
ck_692a9e8f504b9762,0.009409368635437884
ck_df8ad2deb0a4ffed,0.6359266802443992
ck_eb48c0bcd12ea654,0.5773116089613035
ck_7c77e597c951cdad,0.5731568228105905
ck_4f75144c6f3b13ad,0.5826476578411405
ck_1bcff399166d7c43,0.1509164969450102
ck_975c2aa3d4a8c51a,0.3322606924643584
ck_bc6f07b06aaa4ce3,0.9407739307535642
ck_80b072b7f3c7e8e5,0.34965376782077395
ck_471e4018a23b4e56,0.36549898167006106
ck_53cddfba570b4a3b,0.7659877800407332
ck_630530e50764f229,0.5163340122199593
ck_dcef7887a4f1e435,0.7674541751527495
ck_2795921a055643f6,0.2797963340122199
ck_7456df89f3792235,0.1230549898167006
ck_5014a3b07e1f049f,0.9275763747454175
ck_d4ec44760cbe03f4,0.3553564154786151
ck_96810ad39d4cb7b0,0.6445213849287169
ck_3222ea25aa29bfa6,0.12916496945010184
ck_f6c42001b84a10cb,0.8405295315682281
ck_5ac86682385c86b8,0.42904276985743384
ck_4280c33af57eb4f4,0.040896130346232185
ck_05f79ddd8eefaa56,0.3590631364562118
ck_3a57a13ce032a6fe,0.3648472505091649
ck_a721f0d635fad68a,0.3472097759674134
ck_a3f821bdf408c326,0.18366598778004073
ck_0ada63008be5685a,0.7292057026476578
ck_8c949bdc6e8720fa,0.7640733197556009
ck_c0d2c56f9c722e99,0.9679022403258655
ck_5d2b9e6e087b8dfc,0.9959674134419552
ck_5217b55593a332ca,0.83030549898167
ck_7a7bb9be5a7e48ad,0.5031364562118127
ck_24cd0d779e866287,0.17120162932790223
ck_7367917891a63771,0.6484725050916497
ck_4b31a8862a857e6e,0.960285132382892
ck_81429c4910ca46cd,0.2170264765784114
ck_b35d803568f82d9a,0.5068839103869653
ck_4b00e75c2d2d0522,0.06260692464358453
ck_77fced07f6dff42b,0.4045213849287169
ck_3c9a06eb07c300e4,0.02684317718940937
ck_b3867f7f494db64c,0.08940936863543789
ck_0c45e54897ab34e2,0.7050101832993889
ck_507a6a580ab55c76,0.5322199592668024
ck_291bffc7809f896a,0.09356415478615071
ck_3753cc5b9d02e2fd,0.10586558044806518
ck_4f63d5245b3ac1dd,0.5160488798370673
ck_9dfb2ae78659240a,0.43372708757637474
ck_90f6f5ced708aa75,0.042851323828920575
ck_8b5b5a6b5539e39b,0.970142566191446
ck_4719112b55d20161,0.6307128309572302
ck_fec888a7108ca52d,0.990061099796334
ck_4f5d022c99f118b7,0.8094501018329939
ck_e967ff05514b697b,0.5681466395112017
ck_839ce35819bfa4fc,0.01617107942973523
ck_bdee1221b9addff8,0.399959266802444
ck_9cde4036d0914427,0.35523421588594706
ck_5ac959cbcc5e98f3,0.11869653767820773
ck_619842688294dabc,0.585173116089613
ck_7373d7b04c7799bd,0.7107535641547861
ck_c1dd3feb9a0b6471,0.4619144602851324
ck_0324a4812ec319c6,0.2735234215885947
ck_7f3685aa2933b251,0.860040733197556
ck_06aee5a62a67a84c,0.7797963340122199
ck_3428910b44b9d08f,0.5569042769857433
ck_c3ba7534cefc1de8,0.6591853360488799
ck_1f1273a67cbad5e5,0.9317311608961303
ck_124565a11b2f8bb8,0.284928716904277
ck_38e46bc861e0165b,0.7116089613034624
ck_c8ad3f01319c065e,0.8428105906313647
ck_3f94a34f5038f7c1,0.9639511201629327
ck_cee56be5a502fbd1,0.8928716904276985
ck_2b90b76cf4d162f9,0.5167820773930754
ck_884b2e463ff1d54f,0.12920570264765785
ck_fab4f2f8531b4827,0.464887983706721
ck_4fc6256e0e60a926,0.41478615071283087
ck_0a2f8b2f8a5b6f02,0.23918533604887984
ck_9c0deab8a8367c5e,0.04993890020366599
ck_d3a2a4c011fa2554,0.14016293279022402
ck_4108b4038f762817,0.9267209775967413
ck_4df036e2aa7e1056,0.31572301425661914
ck_ec094eb1cbb3efc5,0.0729938900203666
ck_09f8f51bfd2492c6,0.4408961303462322
ck_b60fb9a10d6f4489,0.8311608961303463
ck_3638bc3388dbc1bc,0.8971894093686354
ck_7a58e0cc9943c39a,0.1435437881873727
ck_37dab6a0a536ed49,0.775397148676171
ck_adc576690df5b33b,0.7074949083503055
ck_1383b2b1875000f2,0.615437881873727
ck_43c1248db37a2eb0,0.1825661914460285
ck_29c11bd68858e923,0.055478615071283106
ck_9401f9e11f65337d,0.775030549898167
ck_ce5ed372b1a2ed6b,0.6786965376782077
ck_08b4619490e751a8,0.974745417515275
ck_44b9125526acb05d,0.6292871690427698
ck_ef1a1de20d2124cb,0.8989409368635438
ck_e5e2624b7fc89774,0.6021181262729124
ck_f5100511609b92c0,0.008268839103869653
ck_64f3bb17101b7c42,0.38374745417515277
ck_ea1e5b5128ecba2c,0.09995926680244399
ck_516163fcf04d5e77,0.4940122199592668
ck_7f9a748110d70005,0.41010183299389
ck_d263b55f0a681cce,0.6224032586558045
ck_0e962eacf98a813e,0.13022403258655807
ck_0406931800e0e2e6,0.20040733197556004
ck_0e9b982afc88a3a9,0.9922606924643584
ck_8bbb625384edebd7,0.031323828920570264
ck_5eaeb87bf6207406,0.9717311608961304
ck_cc3318839c4b0745,0.13617107942973525
ck_08a0355d1f1890ef,0.6235845213849287
ck_af7ffd1a822460d3,0.9121792260692465
ck_2a09c7aa870edb6b,0.15832993890020364
ck_bc04f51c23290bcc,0.5107128309572302
ck_d3a8333cb389f4c6,0.2635030549898167
ck_88e3dd3039508332,0.5326680244399186
ck_b8c7771de9b57705,0.27018329938900204
ck_585ababa02383b50,0.13800407331975562
ck_e988c108754cee9c,0.46044806517311604
ck_4a691892d9d6cf89,0.43327902240325866
ck_7cdce37d895eefb8,0.25266802443991854
ck_483fb981a1fb4317,0.265010183299389
ck_c1e5182bd99e0e35,0.9337270875763747
ck_9a1e3ec9a1839939,0.3509572301425662
ck_5c3f13de0dbd5086,0.6061914460285133
ck_f4f6f0caaab70040,0.10492871690427699
ck_791be3378dd7d64c,0.6463136456211812
ck_956dd784525f5886,0.7477800407331976
ck_098167eaf124c279,0.6464358452138493
ck_33ecff7914349ebc,0.31348268839103866
ck_e05d44e46c7174e6,0.51030549898167
ck_1b2ce474fa6582b4,0.5080651731160897
ck_ab581082e8f72e3d,0.23926680244399184
ck_e63256667aa19070,0.7218329938900204
ck_f568772b6cb3febe,0.6312830957230142
ck_dd89a282375bbab6,0.8939714867617108
ck_a39d0bca345b492d,0.25845213849287163
ck_d12d2924d0f7a64a,0.5
ck_6a548da1728b5823,0.9826883910386965
ck_6d64193681d2a94f,0.6995112016293279
ck_ced6b6dcdc7c201a,0.3571486761710794
ck_d1b0699d26282871,0.6052953156822811
ck_58f757e40a9b8877,0.559877800407332
ck_3272c2c4a37d5220,0.9522199592668024
ck_d94dfde9e03c9d1a,0.7444806517311608
ck_08a6d4903a7fbaca,0.4172301425661915
ck_6c72a36b05fa0f4c,0.5979226069246436
ck_dbb4bd4eda97255d,0.4821181262729125
ck_94b59bbc824b307a,0.1720162932790224
ck_0229a07185f15469,0.4059877800407332
ck_11bf1039f8b3025b,0.29413441955193487
ck_36789ca11459131e,0.7352342158859471
ck_8572c5f5c1447c62,0.6910386965376782
ck_9e75c6641939f4fc,0.785376782077393
ck_b45e47c39d4dc7bf,0.41376782077393076
ck_02903c48b6cfd65d,0.3091242362525458
ck_b153386f1729de81,0.25914460285132385
ck_36979996f33498f7,0.94969450101833
ck_3c02d4dbbf6716b6,0.3411812627291243
ck_66c9a19963957531,0.8391446028513239
ck_bae8dae7cfd8baba,0.09910386965376781
ck_bba0ccc6cd968680,0.35433808553971485
ck_3267fe3aac05c71e,0.259755600814664
ck_40052cac10562cde,0.4283910386965377
ck_d973444855403e2a,0.41348268839103874
ck_012519bb095ad36b,0.9927494908350306
ck_ad7c256ea10c4a00,0.9108350305498981
ck_70a60e095e9b706f,0.1420773930753564
ck_f2734417c0db4ee3,0.11800407331975558
ck_9cb89cc3178e0172,0.30016293279022405
ck_779cc0f2de4d5488,0.7914867617107944
ck_35f8656bf93e3b3d,0.6505091649694501
ck_bdd8eba728800e29,0.7611405295315682
ck_002cf760d173f0f8,0.5429735234215887
ck_b046067c6ca3831e,0.38753564154786146
ck_a4a42d4bff8af645,0.21356415478615073
ck_bce253d2396681a1,0.39120162932790226
ck_00dafc060c8de32a,0.7530753564154786
ck_968a99e097ee78c9,0.6263136456211813
ck_66949171b387bb93,0.5012219959266803
ck_ad305286702b1958,0.0715274949083503
ck_4732da7e0d2dfc7c,0.3958859470468431
ck_17a95bba77217d85,0.4335234215885947
ck_3e2516a3e35067e0,0.33466395112016295
ck_0b615ed566da1f58,0.6817515274949084
ck_d2b3ce1ebabe9f93,0.49197556008146637
ck_a892252e4e0c2828,0.2409775967413442
ck_cf606fd6ebfdf9bc,0.22578411405295312
ck_718865237134ebe8,0.15751527494908352
ck_878522cb775b904c,0.7925865580448065
ck_9ed53de6ef779ae0,0.08570264765784115
ck_3f16e2cd7e6874cc,0.49543788187372706
ck_3c59df37895ead2d,0.4196334012219959
ck_6821459b626d492c,0.08334012219959266
ck_11c7667920541587,0.2532382892057026
ck_23a016cf6b98d89c,0.5236252545824848
ck_7137eeb394d200f1,0.7683503054989818
ck_9c4886c5c90ddbdc,0.15437881873727088
ck_1422a7bf7756294d,0.9717311608961304
ck_7ebc5fa7f0d3b8f2,0.4634623217922607
ck_fcc2059a8d5c41fa,0.8815071283095723
ck_00ff7389d6a83e29,0.7560488798370673
ck_03129b41457795d2,0.6962932790224032
ck_38ba64efa7c38250,0.7133197556008146
ck_57a6b56b09bff24e,0.24077393075356418
ck_e3b3c5a80a567418,0.1615478615071283
ck_fc40a16adfced018,0.2641547861507128
ck_9d4b5e6b43bad4d8,0.14818737270875765
ck_61129937ee466b49,0.6192260692464359
ck_74112e47b8629c2a,0.8911608961303463
ck_b4703ee97f94d7fb,0.09841140529531568
ck_e560f720a988d8a2,0.9514867617107943
ck_708fea345f68037e,0.022810590631364563
ck_25394c1b83e0b803,0.7268431771894094
ck_17ab24fe914ae44b,0.2228105906313646
ck_16c501470d9bb006,0.15560081466395112
ck_628f449e248c19b7,0.894786150712831
ck_6d64190623dea714,0.16981670061099796
ck_504a45ee08db72b6,0.3193890020366599
ck_6cbb011e0c70bc7c,0.11955193482688392
ck_b3225a98acd04f83,0.24908350305498983
ck_aa37993f1c17cd1e,0.7927902240325866
ck_558cfe5f77a55a9d,0.5481873727087576
ck_0d0a1a021efea5b6,0.6960488798370672
ck_daf7aea023b7a8f6,0.6687576374745418
ck_d75f25184ece2b51,0.22798370672097762
ck_466d4b5366c50b98,0.10407331975560082
ck_88f27ab479063852,0.7679837067209776
ck_66779098e78c1760,0.09409368635437883
ck_b150fe4efb449b05,0.2160081466395112
ck_9c3aa9f23d01fa1c,0.2839511201629328
ck_6a01c375fc26705a,0.10570264765784114
ck_002eb6552b504ea1,0.48688391038696544
ck_affa5aa0bff9bb0c,0.5288798370672098
ck_027614eeba8b1a4b,0.28122199592668023
ck_67e075c982add719,0.27665987780040735
ck_399b0d510be98bd2,0.455071283095723
ck_e9b0bca7368555ef,0.154908350305499
ck_59c29d9c57b4f994,0.15030549898167006
ck_37176850ed68831e,0.24765784114052952
ck_a0db4ccca08030c3,0.9729531568228106
ck_aa188e5c25f7f42a,0.8060692464358452
ck_7de6997178207800,0.057841140529531584
ck_c729d19053387be9,0.8339307535641548
ck_f2d3e3d90608596d,0.9217515274949084
ck_2db3fb565e0211ee,0.18382892057026476
ck_bed8a480e27e911e,0.6281873727087577
ck_d7ad9921a4d25926,0.709735234215886
ck_2a59f23fc5194699,0.7987780040733197
ck_63601a58a6120d8a,0.6832993890020367
ck_efd7b9e22c6317d6,0.7741344195519348
ck_9ab42875a0f95b43,0.8573523421588594
ck_85cb5033fca7c846,0.7517718940936864
ck_5249b223000915ec,0.6644399185336048
ck_3efb0e9bf25612c7,0.12411405295315683
ck_678e74532ac19700,0.46480651731160894
ck_a980b296c95153f9,0.5973523421588595
ck_01ac687ce0d696a7,0.6204887983706722
ck_52e1418cf1aa9871,0.47152749490835033
ck_7d28da4f1dab09ee,0.7409368635437883
ck_010d0c2e6c1657fd,0.8324643584521385
ck_b524f7a2e752b9d0,0.37486761710794303
ck_cc447fcc24a0772b,0.9268024439918534
ck_2cb3c99845e572da,0.10423625254582486
ck_604c710141327a81,0.10334012219959268
ck_8d5fa65717d2e0c6,0.635397148676171
ck_31199510b40602a1,0.3387372708757638
ck_49e253ea12f4e922,0.7369857433808553
ck_780738e0d71e7e43,0.17718940936863545
ck_2cd21137a07fdd7d,0.22932790224032584
ck_5e021f2a3b66e256,0.6452138492871691
ck_efbc79246e32c66a,0.7016293279022403
ck_9951bd806c13c7fd,0.6801629327902241
ck_7a52674e2806d8f5,0.6890020366598779
ck_1a319e509f1efa1a,0.05535641547861508
ck_c920901b9a4ba993,0.9647657841140529
ck_b71279e807d0b3a7,0.6323014256619144
ck_47e1032f490bb018,0.5136048879837067
ck_192579ecdca7ff83,0.3277393075356415
ck_b1496c474c4a3239,0.11099796334012221
ck_5e68ea2c5e893cf0,0.8285132382892058
ck_f2ecab85d4693b4e,0.24004073319755598
ck_89d7bfc81c3df597,0.37877800407331974
ck_7929284327667791,0.6437474541751527
ck_494ec63c5ce8e150,0.4852953156822811
ck_319b059bb2145586,0.6506313645621181
ck_ccb3767c239018c1,0.11759674134419552
ck_a1c7adfe26e09a8c,0.5964154786150713
ck_0e13c4f73818149b,0.429857433808554
ck_c285a51ed6214f52,0.8596334012219959
ck_916784595f028226,0.7426476578411406
ck_6cd8e0196365c474,0.6762118126272911
ck_57b657aba4daffde,0.7043177189409369
ck_562c76a3753fc7da,0.9230957230142567
ck_66cfc1ebc9a513c8,0.17425661914460286
ck_0f38d4aed68d7d24,0.8057841140529531
ck_d8ddf5e99f7859e4,0.5060692464358453
ck_41bc3efa0fca700e,0.7495723014256619
ck_40799e129fcf42c5,0.8509572301425662
ck_786f079389126e44,0.5718940936863545
ck_bb4c6b713eb0b978,0.684725050916497
ck_4f01f7eac0efaba5,0.4689613034623218
ck_47d29c01b20cf69f,0.5510794297352342
ck_bf15a1f8d67a30d3,0.5239918533604888
ck_bfecad7586f65e4d,0.7005295315682281
ck_fc9f16df35190eb4,0.8994297352342158
ck_c09c914e416edd08,0.5206517311608961
ck_c54c5d8e4433b0f2,0.3224032586558045
ck_1694c28f44480e98,0.7517311608961303
ck_1dcaa3078dbb7571,0.024317718940936858
ck_af559f990c640e41,0.4630549898167006
ck_9b436162039a77d0,0.6557637474541751
ck_79d62ef181bd0cd8,0.3186558044806517
ck_23caafc2cd34242c,0.38378818737270876
ck_ffe2aa26f597e552,0.2662729124236253
ck_e6ffd0754ac08661,0.07625254582484725
ck_beaacb4a783db21f,0.11099796334012219
ck_9863bff41d24ce9b,0.3217515274949084
ck_323b9cc5c49f8ea0,0.9560081466395112
ck_ab3de3d3e41c2082,0.2662729124236253
ck_35c93b2924900376,0.19348268839103872
ck_5a9d5f9901e37e31,0.5676985743380856
ck_782b0be796164335,0.2830957230142566
ck_11960b5f1c7a5e2c,0.3035437881873727
ck_9a66cb13a9884cc2,0.53959266802444
ck_ba666a425930615a,0.175152749490835
ck_40140bef4db73741,0.5274541751527495
ck_e05e91cc180063d4,0.8943380855397149
ck_c7f6f45710bc050f,0.2978818737270875
ck_055fb9f2e1c8c934,0.7188187372708759
ck_58bb02d98e2b9cd5,0.5936456211812627
ck_d9f8efa6a7800f76,0.414786150712831
ck_69691226c68fd50b,0.9109979633401222
ck_6f2f0396e5b1c538,0.9819959266802444
ck_78bc3f1d0f35ea6c,0.4409368635437882
ck_2d5a6b6636a2596b,0.30798370672097763
ck_7878545739af0a73,0.05580448065173116
ck_03c4fa4f3ed3512e,0.09869653767820774
ck_1a9e51d092d62c84,0.9277800407331975
ck_9f3861940d8d873c,0.7578411405295316
ck_4684fdd61c6a0fac,0.6215071283095723
ck_715966f86d5c913d,0.10892057026476577
ck_77f293d44b4a3d2e,0.6074134419551934
ck_24dae044dc05f849,0.659877800407332
ck_00b9818e2064405e,0.8189409368635439
ck_c1c2cb49c3c1b0f5,0.9185336048879836
ck_bed50fc64fbbf8ec,0.28835030549898166
ck_4f6ed5ea5ab7c429,0.45270875763747453
ck_458531c22ec2f9b3,0.3617922606924643
ck_51c50c4c443df31a,0.9469246435845213
ck_732d45bd578dc39d,0.3925050916496945
ck_783fe5bc20cd02db,0.7520570264765785
ck_7f188aaa63d1d442,0.3927494908350305
ck_ef307a6aee38d1fe,0.9616293279022403
ck_e37196b20968b73c,0.5652953156822811
ck_4ef9de711c3d93b1,0.6597963340122199
ck_17946516d5df71d7,0.4586558044806518
ck_3534be0f4efd313c,0.8452545824847251
ck_29fbabf855cabdff,0.0975967413441955
ck_191673540d8486af,0.6125865580448066
ck_5f52728d777ff2c5,0.31482688391038693
ck_a045a19369016818,0.9960081466395112
ck_4eadbe7298b15e96,0.3329938900203666
ck_a3a0bd59729fe619,0.19030549898167004
ck_a1e77090b1c6ccf4,0.2956008146639511
ck_69ab9d4784eb77bd,0.509653767820774
ck_baa47383ffd50f04,0.4156415478615072
ck_e35b2ed08b9e55a7,0.23967413441955196
ck_b6e3af0a5119d9a0,0.7867617107942974
ck_a7c1dabf3869772f,0.784847250509165
ck_80b8fca67a14e0be,0.9223625254582485
ck_dd9c5f0c42878e67,0.36965376782077386
ck_41ef7967faf5ce82,0.02928716904276986
ck_a93560aa348d6225,0.7611812627291243
ck_ffe91d6f0bd93fc6,0.8309572301425663
ck_fbf630c960194033,0.48545824847250507
ck_497ed60723283c0b,0.6204887983706722
ck_2a46b7ca55239413,0.3873319755600815
ck_1a4e5ace078dd782,0.5881059063136456
ck_616cc31910f5de50,0.23380855397148675
ck_0d65bc749eb42710,0.6331160896130346
ck_2408db62e4395ccd,0.7315682281059063
ck_5d7721930106dce8,0.3918533604887984
ck_e8a6acea22b20312,0.9340529531568227
ck_e2f792fae128b18e,0.8929938900203667
ck_e6d3ce445b86003f,0.1365784114052953
ck_263334d722ecbc97,0.9616700610997962
ck_8c5b29f6666d4874,0.6619551934826884
ck_7ea0bf310fc20c7b,0.9723421588594705
ck_54d463f7fd89ec3d,0.5133197556008147
ck_79e45040dbdd6447,0.5474541751527495
ck_60b4d59953505682,0.9367820773930753
ck_fb00dd5021642507,0.5143788187372709
ck_f409ff994a210601,0.8061914460285133
ck_2ca0020038bfec58,0.9238696537678207
ck_adf84b9df54c3d80,0.6043584521384928
ck_942dbf632591b65d,0.8171079429735235
ck_454a7e4d859a3409,0.034908350305498985
ck_2139062d4569aa07,0.3808146639511202
ck_e949a0f4df0b3902,0.8814663951120163
ck_bb113e3e6716ed65,0.634623217922607
ck_6a28ea6ce69cb869,0.8837067209775967
ck_7df9910af2bba21b,0.47498981670061097
ck_78aa4b731cbfe251,0.2677393075356415
ck_5839f5cbd8165b1e,0.46187372708757635
ck_7158ad9e58769ffa,0.8460285132382892
ck_acee218cbe61df69,0.589775967413442
ck_f8dc8473c2772729,0.8687983706720976
ck_f34c93a8173555b1,0.8428513238289206
ck_7cf301d075e4e709,0.6430957230142567
ck_b87e88ee5512ea17,0.12093686354378819
ck_bed0c020b10afa3b,0.3154378818737271
ck_ca10102961f99eb4,0.1316089613034623
ck_393287947b5c8d79,0.46382892057026476
ck_2fe6cac002142f67,0.7063543788187373
ck_79c7f0d29b1db1cd,0.8703054989816701
ck_c735b643d3cbf67b,0.41368635437881873
ck_ea4332c8fe48e2a3,0.3484317718940937
ck_d39864119cdd460f,0.22606924643584522
ck_3b963d6be2773861,0.24126272912423624
ck_df39e3b8a9fd0bfd,0.9525865580448065
ck_6236a461dc0d11a3,0.17527494908350305
ck_475ebccca25e30d1,0.3081873727087576
ck_c10c8bcf5bcd516e,0.8437881873727089
ck_49ccc3716a564256,0.24981670061099795
ck_4e4f99102f6938cf,0.2746232179226069
ck_a97b481ade6f7972,0.6296130346232179
ck_3fa559c679751b3a,0.674378818737271
ck_3eba1fd2c7acc4c0,0.9179633401221996
ck_18c179b4afc4fccc,0.5366598778004074
ck_cc1c0b93d05b7d20,0.7916089613034623
ck_742f7c28ddd019e8,0.685010183299389
ck_04470bc93b8a0d71,0.38024439918533603
ck_6e8f8ef7a03cc6bf,0.4971894093686354
ck_eb1ddfc353b4da83,0.45254582484725053
ck_98831b57c7ca2e4f,0.027698574338085542
ck_a6c7b8d6e8596d4f,0.8633808553971487
ck_cd7d24e3b095e96e,0.8216700610997963
ck_3f5ae4673a9f858e,0.3016700610997963
ck_05f375fc8ae0afb0,0.3466802443991853
ck_1fc98436281ee39e,0.07099796334012219
ck_6c48c58678f64bae,0.021303462321792265
ck_8c95aeec6a4c75b0,0.16183299389002037
ck_364cde38958b7af3,0.9259877800407332
ck_85bf21aa1a00452f,0.2554786150712831
ck_796d3eaabc667c23,0.9893279022403259
ck_ac449ee0c315edde,0.2316496945010183
ck_6f9fd15ac6b163de,0.060733197556008145
ck_4087065be2a45ad7,0.9274541751527495
ck_ecf006bbc78ee3eb,0.8723014256619145
ck_8ca808cc5a49cb5c,0.6071690427698574
ck_94b90ab8b2dfb50f,0.594949083503055
ck_59fd11b3232de9dc,0.9763747454175153
ck_67f3794d93e2dd67,0.9176782077393075
ck_b7f5acf5df1bb13e,0.48268839103869654
ck_fb04ecbaebb774bd,0.6980855397148675
ck_68ef3e7301c621b7,0.33515274949083507
ck_41406cfa209b6bda,0.19014256619144604
ck_b0f8f5408662337b,0.33690427698574343
ck_0d2901bfe585c391,0.9058655804480652
ck_3398551e81dbf3db,0.8121792260692464
ck_61c3e3e277629646,0.2834215885947047
ck_2825e34dd3e7ea2a,0.15608961303462324
ck_20d7571ba830009d,0.35780040733197555
ck_c98b16f9a72a6568,0.03446028513238289
ck_e7c8a9e4641eb9ed,0.009735234215885949
ck_254a7c97c36dab8d,0.5751934826883911
ck_e98429675b46272b,0.26301425661914457
ck_c2fc0ac460786d02,0.819959266802444
ck_fba15647b3a140d9,0.33714867617107946
ck_15ce50f2704227be,0.5417515274949083
ck_8c748aaa4a4554f9,0.5034623217922607
ck_e00e82a9419ff086,0.6364154786150713
ck_832341c98254bd84,0.46448065173116093
ck_27466468d06db4eb,0.734908350305499
ck_9d7b9e3ff1f3e71e,0.31503054989816703
ck_42c6973d3a6fe983,0.03995926680244399
ck_877c85bad118bc62,0.8140529531568228
ck_75d2a2715259c4d7,0.78
ck_37d3e5c681a2214d,0.899633401221996
ck_bf285dd49f372de4,0.5727087576374745
ck_a5bdd026fa9c50fd,0.3004073319755601
ck_88d9244a9cf7a77e,0.9487169042769857
ck_5881b174e49b04ee,0.10342158859470468
ck_5b16d67c5ea89930,0.5536456211812628
ck_b75b936aafac56b9,0.37731160896130345
ck_aed2681e1646a0df,0.7684725050916497
ck_f63cb5e8cc702bad,0.2958859470468432
ck_1805fcfc4a9e4ffa,0.9517311608961303
ck_25c355da356c730d,0.45714867617107935
ck_70396398e4a96449,0.26570264765784113
ck_0f743bd13373748e,0.7307942973523422
ck_4b387765f0e916cd,0.18859470468431772
ck_e971faae8a10a260,0.12256619144602854
ck_9eb08369e983abfa,0.1526272912423625
ck_c30c5844512e429f,0.7192668024439919
ck_59e77e3a81f1fa0d,0.639918533604888
ck_ca4465f2b5c1a52e,0.99010183299389
ck_c89b9ca398402f1e,0.16366598778004074
ck_36e72ef9273e7a95,0.4003258655804481
ck_2bdd8616870e5e1c,0.08162932790224034
ck_216e87a41de22b5d,0.7838289205702648
ck_60f4fb44f5efe3a0,0.0454582484725051
ck_05652e8ace6ce6cb,0.2395519348268839
ck_8c136dc691e65695,0.011486761710794295
ck_a08f8dfadbdca112,0.12325865580448067
ck_bda4041a3e90d860,0.48464358452138495
ck_15dd3ecaa8ce0245,0.9605702647657841
ck_3e3c64b3b7876ce6,0.7545417515274948
ck_46225858a38b2e57,0.24126272912423624
ck_0cb9f54928f4feee,0.4643991853360489
ck_152671fbf8a9a78e,0.8368635437881874
ck_ee7a515e87d17d4e,0.4839103869653768
ck_f7276091bf513d22,0.08044806517311608
ck_4f05daf1cf0d5755,0.2696945010183299
ck_83a69c4a5d55ef19,0.6158452138492871
ck_c50fed2a7c9198c0,0.4437067209775967
ck_70d19d5650ddc8f5,0.4329938900203666
ck_4b4d99e443618904,0.40236252545824847
ck_dca0b6ca93311ca2,0.4509979633401222
ck_b7431d4706461ec6,0.27678207739307537
ck_7b59d22cadef3b05,0.9233808553971488
ck_53428573abcd606f,0.5879429735234216
ck_f538ab6aecf2adfd,0.08109979633401221
ck_d321249fb065d2fa,0.7532382892057027
ck_72fdfc7e6d8e1436,0.1104684317718941
ck_b52b99dad89ecdfb,0.5119755600814664
ck_d2d4282f9d256b3e,0.3469653767820774
ck_c8f2a1dd8a6141a4,0.08024439918533605
ck_8d38747058d0aeea,0.9410183299389001
ck_3ac528caac74f563,0.3629735234215886
ck_8dbaaa00ad829ca9,0.5973523421588595
ck_7c38ec898f0fc21d,0.12989816700610998
ck_8171ef803f5ff604,0.49804480651731153
ck_01a750db6fc1168a,0.8861507128309574
ck_ceb017baa26e98c8,0.8679429735234216
ck_e2c66c72cc0b0f78,0.7630957230142565
ck_8d9518f64b222416,0.31967413441955195
ck_804c5a1fa5753617,0.43181262729124237
ck_fca7cc9c42695453,0.13494908350305498
ck_3a632cdf2c19051b,0.4892464358452139
ck_b2b63ea65edf1dde,0.7370672097759674
ck_27b07021500ee841,0.610386965376782
ck_9724718fe64c6557,0.9821588594704684
ck_2786cbc3e75ec034,0.8586558044806517
ck_d9c2622cb6df380b,0.3811405295315682
ck_ae1da8ee98e402a4,0.5373523421588595
ck_62967b91504149f9,0.17503054989816702
ck_6b255bf68709109a,0.3016293279022403
ck_c55afc68421d85e2,0.4037881873727087
ck_7c7266f6ef2a8466,0.5010997963340122
ck_885cf685a9541190,0.9624847250509165
ck_1a4bb7d3d2ee3227,0.3563340122199593
ck_b4911c42f3bff740,0.015397148676171084
ck_66f9f78d4c6a3edb,0.7340529531568228
ck_49bdba9ee1899dfe,0.4472097759674134
ck_79b235d51718435d,0.6298574338085541
ck_d840db8cfe2ef6f1,0.056782077393075364
ck_610c7bcc1cd7ecb0,0.45462321792260685
ck_cf49b6544aff6c50,0.9367006109979634
ck_de05f97c3d40dd1b,0.8204480651731161
ck_0302f67d75973dce,0.6418329938900205
ck_54c2604c9ca6256b,0.4193890020366599
ck_a1c88c0568f142d0,0.8350305498981669
ck_5d72ff6cc2963d1a,0.07266802443991853
ck_0446920a1004c596,0.08782077393075358
ck_71044c29ef071570,0.41963340122199594
ck_2122e9bb1afffef7,0.5284317718940936
ck_d1e3de178601d3c2,0.6617922606924643
ck_bec8324a3587ef04,0.08989816700610999
ck_b616b6f45225f319,0.8412219959266802
ck_ce1e695884511479,0.6083910386965377
ck_a662b4bf900781e4,0.03262729124236253
ck_b5a84c5547378c10,0.06052953156822811
ck_f80af368cfc6cb7e,0.4698167006109979
ck_da3526ab6c5c884a,0.3964969450101833
ck_bd20be9a3392d79b,0.20480651731160898
ck_b8266dcd90cbfa62,0.20443991853360488
ck_ac84b33304362c06,0.46391038696537684
ck_794d8935a895e33f,0.5305906313645621
ck_8fea7d915259f1be,0.17283095723014258
ck_7a1519ad5ff45312,0.011446028513238287
ck_9bf3ce30b65f75c7,0.8327494908350306
ck_5f864d72d1eead99,0.7774745417515275
ck_3c48e0cfc2a58041,0.9345010183299389
ck_d902183f80cc81fa,0.7088391038696538
ck_539cb0d117db8cd3,0.895723014256619
ck_28f530aec8e77130,0.7482281059063136
ck_e7d903c50d353361,0.9123828920570265
ck_d288b77d1e227970,0.7918533604887984
ck_017208fcc01b5d40,0.3282281059063137
ck_7e3923d278a5106e,0.4930753564154786
ck_9700a00ff9e66216,0.679959266802444
ck_5c36c78b7a4d138c,0.6098167006109979
ck_c457e9c9224b773d,0.8589409368635438
ck_1dfa91405d7e66bc,0.09881873727087577
ck_f1d8a2695a575e56,0.28236252545824847
ck_3b92a46daf8d00d2,0.6356008146639511
ck_aab23b5470469649,0.6059470468431771
ck_ecdd01a391610d99,0.3347861507128309
ck_abd3aa292f8edb4d,0.8142973523421588
ck_7fc9a0776e1339e3,0.11775967413441955
ck_c0389ebeb0e65cb8,0.15368635437881872
ck_48d0fc4f6a2109fa,0.9908757637474542
ck_571dee4f3336c7ce,0.32977596741344195
ck_4cedf26628c84f26,0.7061099796334012
ck_63356762d24aab81,0.6124643584521385
ck_2c5bc11bb7ae5d2c,0.9887983706720977
ck_6d26a152f900fee8,0.12317718940936864
ck_c972b0e781efed3b,0.27759674134419554
ck_fa0ecbcf9a33d6ce,0.1654582484725051
ck_fa3a766e49dc77ae,0.3890427698574338
ck_7baf1e55db0dc558,0.4820773930753564
ck_e8bc49e6494c1f37,0.06460285132382891
ck_8ef1d05cc1e53e7e,0.7576782077393076
ck_cef2a485a77e0723,0.2829735234215886
ck_228a583f23abff48,0.40105906313645623
ck_ac32c6e374782b27,0.8173116089613035
ck_b9485218cef413f0,0.28407331975560085
ck_7f15503048915d6f,0.2390224032586558
ck_b62f5144db15ad34,0.5962525458248472
ck_917d82c552f95a23,0.5628920570264766
ck_fb4797045077bc6d,0.08008146639511202
ck_2cf8a44e041217de,0.6874541751527495
ck_b7dd681eb3d2ee38,0.0975152749490835
ck_e9e8cacd2fa35e79,0.6519348268839105
ck_342a79f91de5d1fa,0.640244399185336
ck_2c91f62c05685ed7,0.11217922606924646
ck_e30cb64302939f38,0.8602443991853361
ck_d0e95b90ba86da10,0.265050916496945
ck_1774faf414a5d49d,0.9628513238289206
ck_2401e8ff89e574fd,0.9559674134419552
ck_0cd8802264e0a1ef,0.6324643584521386
ck_da84a0dfe947fd3c,0.22794297352342158
ck_c8affb27ba7fb5db,0.7561710794297353
ck_bc7ece8787ca7200,0.29478615071283093
ck_469a0578d05990c2,0.27336048879837066
ck_eef67f8dea702338,0.6764969450101832
ck_4f490e379e9ded9a,0.24720977596741345
ck_354379de065a8ff8,0.20496945010183298
ck_5db1cb368bc41ac3,0.5925050916496946
ck_9b1c3742dd6fcb8b,0.544562118126273
ck_63ce4f44c92d7143,0.6831771894093687
ck_e15e3390f5ed45f3,0.8283095723014257
ck_da645ea91d66aa6f,0.9184114052953156
ck_834ca727df855f07,0.759959266802444
ck_e1d5ad20c737c745,0.6202851323828921
ck_ff8059ae5fa5f1ee,0.012871690427698576
ck_8bb9e75393954a1f,0.15091649694501016
ck_4e1757d1347ab387,0.9872505091649695
ck_af3f74b1d75a5d95,0.6025254582484725
ck_6b1ab0742ff04c3e,0.6515682281059063
ck_f56073911c9f1ab7,0.15523421588594705
ck_51bd5f69b4fe0b92,0.954745417515275
ck_fc3d95030b81f416,0.0066395112016293285
ck_cf78169633a1600f,0.05401221995926681
ck_ad7269eaa65c67f9,0.45494908350305496
ck_cc6d33890d47a6cf,0.664887983706721
ck_bc8f31f4a2ffa1ae,0.0839511201629328
ck_720776a46e56dfa8,0.5639103869653768
ck_e2d1f212f259539b,0.33344195519348274
ck_eaf6f7082c3db2bf,0.8005702647657842
ck_773efe58c6278c3c,0.785498981670061
ck_c4a72c09f2fdacc4,0.2919755600814664
ck_8982888dd6611143,0.15327902240325864
ck_9d5049e195eda029,0.4315274949083503
ck_de58ef6f9fe2b546,0.43181262729124237
ck_c0b50c11e4f5adf7,0.7540122199592668
ck_ddaf228487858bb8,0.850264765784114
ck_eb2323215ff70362,0.6145417515274949
ck_168c96a1a636ea15,0.3907535641547861
ck_9c46711b14d9eebc,0.11702647657841142
ck_de8af660806b97b5,0.046395112016293275
ck_6ab83f45bf16eaa6,0.16688391038696537
ck_bf2228a052815840,0.36668024439918534
ck_3f943f20a9da9bff,0.5886354378818737
ck_3baae40454c00938,0.2764154786150713
ck_bc2e771a1d8d2dee,0.8200407331975559
ck_e55f5ca37f30ce8c,0.4745417515274949
ck_4ad5937bef176d89,0.22301425661914462
ck_126531a9126c17c4,0.1264358452138493
ck_7ec423cb56257516,0.7833401221995927
ck_54748ae0f2daaf10,0.7532790224032586
ck_ff24776280ceeeed,0.4270468431771894
ck_3c3a1a1365741bba,0.13148676171079432
ck_615277c8a4e2b18b,0.39466395112016295
ck_a96aaef34173aee6,0.9235437881873727
ck_bea56db7f3e930e8,0.22810590631364563
ck_ca491debd3b32a59,0.5125458248472505
ck_d9ea77f4114a389c,0.21918533604887985
ck_322ffda3332d08a2,0.7596334012219959
ck_c40ffefe4e30b001,0.8132382892057026
ck_3b1d7648d4580bef,0.2807331975560082
ck_23981a3261674131,0.2710386965376782
ck_11667f5b9fac7bc7,0.04268839103869655
ck_646bb3c7be5f0817,0.5524236252545824
ck_ebd0a45712dcf07a,0.7180855397148675
ck_baf43bf1bd963f9f,0.7911201629327902
ck_e0ca2c819658f6b6,0.9869653767820774
ck_f0d6633d0834fff5,0.8018329938900204
ck_91081be0254878a5,0.3481466395112016
ck_1325000bc7f35b5e,0.08378818737270877
ck_c624b9063400fa3a,0.7639918533604888
ck_0ad6fa0e23c3bd0a,0.8738492871690428
ck_6ddb55b1f23c6cb1,0.7372708757637475
ck_dce1fb3acd65562f,0.053890020366598776
ck_a9aa389688ee5aea,0.39030549898167005
ck_5c5284c45d9ad8bf,0.7655397148676171
ck_9ce743dd3e92549c,0.6682281059063135
ck_8342e08cc2f9bcb7,0.3184114052953157
ck_25e551a0a8d2fcc2,0.7883095723014256
ck_d4fd0e438c97e0c7,0.8365784114052953
ck_ac7fe1c344190c50,0.3574745417515275
ck_ddd65711b5651f89,0.05364562118126273
ck_ec7406cb5cbc8f10,0.1140122199592668
ck_1c65e8d5be3b9c60,0.9333197556008146
ck_38ee42f15a573e81,0.3868839103869654
ck_0e5385c70c6de025,0.2190224032586558
ck_d3137f0f7629040b,0.17792260692464357
ck_9129c92c12e0c8b4,0.0820366598778004
ck_c86520a00e50a926,0.7441955193482688
ck_87f82b2b5fee757a,0.5208961303462323
ck_643abfbd7548d0c9,0.6577596741344196
ck_be51f4e5e6b85768,0.9011405295315682
ck_132c16312f37810f,0.1414256619144603
ck_c78c096ca8cb33ac,0.017352342158859474
ck_2ce5afbc014763b8,0.4980448065173116
ck_50ed8f4e7ae6710f,0.24162932790224034
ck_5a4eb535c9a11993,0.3803258655804481
ck_9b665ef46d785324,0.6232179226069247
ck_e066f71f8b296b7a,0.19706720977596742
ck_560bc6017870ab06,0.13983706720977596
ck_fd78f8a8663646d7,0.3091242362525458
ck_4af5ec61ddbde1a4,0.45401221995926677
ck_c2ed04a9d218410b,0.4114460285132383
ck_2455d43bbdd2bb69,0.23678207739307533
ck_56eed7041add49a1,0.8813441955193482
ck_5f0be7b468a72333,0.5140529531568229
ck_19660cec756632ca,0.3738900203665988
ck_fb90408f4892a21f,0.5464765784114053
ck_833a65b86a5d9bda,0.24945010183299385
ck_2ac36e1dff211d38,0.4158859470468432
ck_c00e70606904539a,0.17788187372708758
ck_ba8affe4b9505a95,0.9344602851323829
ck_0c3dd22587b08018,0.4232179226069246
ck_618c4e5cfae99dcd,0.8056619144602851
ck_c9690baddfc4177e,0.027291242362525465
ck_59fae092fb0c4aa3,0.6343380855397149
ck_e03b7d0fa0b28f4b,0.18244399185336052
ck_d451d24c780b5884,0.3262321792260693
ck_e980d325b8dbb8dd,0.03283095723014256
ck_cff18e2d8c520272,0.055234215885947055
ck_a0e46b67e986ab56,0.4457433808553971
ck_3a469039a5b9d963,0.3265580448065173
ck_12cbb211ebd2b437,0.7365784114052953
ck_b8cdd6d6dccc4554,0.09181262729124234
ck_794ba5921cef50c9,0.5107535641547861
ck_2c7667f64edec2b5,0.2209775967413442
ck_7262b4e0c29c942d,0.37918533604887983
ck_5d818522cbfe2a54,0.6986558044806517
ck_de39c1947fb675ee,0.8168228105906314
ck_c021495606b4735e,0.299877800407332
ck_1fc03ba33edd9e67,0.6323828920570265
ck_a6fe344bbf67f14b,0.3675356415478615
ck_963762210edc5694,0.6327494908350305
ck_d064428b7e7dc409,0.27784114052953157
ck_59be61b53d971611,0.23498981670061103
ck_ec8738ec663cd2eb,0.40264765784114054
ck_59d086fab5998646,0.7705906313645621
ck_bd32dd3b2cbb7888,0.9967413441955194
ck_ce0166addb93bbad,0.1274541751527495
ck_7c0fdfbb447cdc04,0.6324643584521386
ck_cb1bd7635968ed8c,0.8708757637474542
ck_66f94903177f20eb,0.2573930753564155
ck_1d7cd5dcbcdafd7b,0.9085539714867616
ck_5e418a7c04437b4a,0.6234215885947046
ck_631ea1ae91ab333e,0.5117311608961304
ck_0a8029e79a5ae7ce,0.6780448065173116
ck_c4cca8278bdad9b9,0.022281059063136453
ck_4dec3df58077a257,0.560040733197556
ck_609c249edd88c565,0.21767820773930754
ck_02e5f9cbbbf2f078,0.5862321792260693
ck_32e486859130458f,0.9726272912423626
ck_21ed2ea6386c5a07,0.03812627291242364
ck_1242aa4496576a99,0.1989816700610998
ck_475ea9aa6d3898b7,0.7986558044806518
ck_fe1b1adae3be70a6,0.9529938900203667
ck_c5414d7a8031d4f5,0.11250509164969451
ck_ca1f6f01868e978f,0.6296537678207739
ck_5eff0208c74ec714,0.47270875763747455
ck_a315c9619a317609,0.5355600814663951
ck_2b87683c90acb852,0.6739714867617108
ck_7cd9f39c50748ed0,0.6008553971486762
ck_16a06d58d71935bc,0.8804887983706722
ck_d116e0e7c19b878e,0.9418737270875763
ck_931510e384b1d0cb,0.29930753564154783
ck_e7651fb87bb24132,0.29140529531568227
ck_88ef9f85948e1a01,0.10782077393075355
ck_17bf38d51115a8f3,0.2164969450101833
ck_2659d1d3762a2825,0.38826883910386967
ck_a7285955e2852686,0.659714867617108
ck_f2c33d5b65b321db,0.7862321792260692
ck_83e5979334345622,0.504806517311609
ck_629537d8b4d0f395,0.36203665987780037
ck_72022008a92c9386,0.7773523421588595
ck_2973b8274f0bf69b,0.6032993890020366
ck_565e3418d2f4061c,0.41486761710794295
ck_54bb53b8f8ea32ae,0.995641547861507
ck_af0a6540ea7a36b2,0.30716904276985746
ck_888651bfc2c8cf70,0.275030549898167
ck_1dedcb48ac381a1c,0.8690427698574339
ck_f73273e220296be8,0.5186150712830957
ck_8424bf65223a5a9e,0.17116089613034624
ck_337b930fd149a696,0.26696537678207743
ck_8a4952de8a123ef8,0.5025661914460285
ck_884168153c9c0c81,0.4137270875763748
ck_fdda581aec411010,0.05327902240325866
ck_2b7cadbc8b180d32,0.940081466395112
ck_8aa8b9968233a1ab,0.14366598778004072
ck_0af18b3ce015d294,0.11034623217922607
ck_8dde670a735d1e90,0.8926272912423625
ck_62f46226f244139f,0.8127902240325866
ck_f948e8a8fdd79b4e,0.40989816700611
ck_fa00aa0f3e859904,0.5868024439918533
ck_fc7935f784a4f249,0.4010590631364562
ck_e7501307c0698e5b,0.7723014256619145
ck_549ed417f2834cee,0.7887169042769857
ck_fb2a35571ec719d4,0.900325865580448
ck_25822068c86c856f,0.062118126272912425
ck_8f35d229b62c8f23,0.7357230142566191
ck_bdcf049c1e7d0c95,0.19376782077393073
ck_0aa9db36eb16422a,0.03095723014256619
ck_42dcf92e9e016922,0.7877800407331975
ck_42341cf31c08c981,0.3473727087576375
ck_0b20bfc515ba42a2,0.4881059063136457
ck_0ec820b670d48098,0.05482688391038696
ck_1f0bafec397da8e4,0.5272097759674135
ck_82f07504ab59ed33,0.7336863543788187
ck_337b24a474010abb,0.9912830957230142
ck_703703bda38fdcf8,0.6430142566191446
ck_01e7960c63dca3a4,0.9813441955193483
ck_be5bd81e3715cb8f,0.9626476578411405
ck_197f8058cea1fbea,0.01991853360488798
ck_eb3fb1106f2f1b21,0.7259877800407332
ck_658b4b54be09a4bc,0.9874134419551934
ck_266ce7ccf41ccc50,0.4988594704684317
ck_110608c3b03d4038,0.9555193482688391
ck_1be8cb95d6d9bbf8,0.08663951120162931
ck_8e16a64a776afa82,0.9132382892057026
ck_34bd190d37eda534,0.8652953156822811
ck_4f521611ae14ae66,0.4169857433808554
ck_d839798f9520363e,0.789653767820774
ck_d1bbfd246c0ac9d5,0.5775560081466395
ck_f19030e6e85a6776,0.7628513238289205
ck_cdabe60ab59f9d5a,0.4916904276985743
ck_bb84b2b30293f566,0.9433808553971487
ck_427b91925952cb40,0.67979633401222
ck_1078b1e155b5b640,0.3991446028513238
ck_95fdc264eac72fa0,0.12415478615071282
ck_e35eb857c61548b2,0.9388594704684317
ck_69bd0b1abea7e1f0,0.8669653767820773
ck_59de511b20c842ba,0.7098574338085539
ck_168e7ea341a36b80,0.1703462321792261
ck_4937cfa6526ea138,0.5785743380855397
ck_bb1a981306b750ac,0.8519755600814664
ck_f42a43e4c3f34ccd,0.15735234215885946
ck_c7ae1d4b3ab38185,0.25067209775967414
ck_bd23cf9bba1dd33f,0.7044806517311608
ck_0fd826fad7ec7cd6,0.7131975560081467
ck_f143641bf3dd0414,0.8542566191446028
ck_ad6d48c20a3688a7,0.17462321792260693
ck_7bda5b5b927b2905,0.8915682281059063
ck_a337eb38eefdcc88,0.7892057026476578
ck_403da2a2d800df9f,0.8903054989816701
ck_aa01d5aafde73d0a,0.11311608961303463
ck_494954023f0eb309,0.8052953156822811
ck_1c6820fc38135ad9,0.6488798370672098
ck_0e0bab173622db9b,0.8064358452138494
ck_547090bf35a3b243,0.4232993890020367
ck_d69455220b21dc9b,0.1740122199592668
ck_90b4ac695b9c6bf7,0.40061099796334015
ck_8d2afe17c0082e6a,0.5786965376782078
ck_926b81c0ba528eee,0.5972708757637474
ck_ce36b0c287bd198e,0.7286354378818738
ck_8026e017909aaa6c,0.26391038696537683
ck_dfba788f35d4c372,0.11975560081466397
ck_f09f9d0e0886e0c6,0.22574338085539714
ck_4ffe0366df388604,0.5539714867617107
ck_75bb521de55644c7,0.24268839103869655
ck_81a960fddf79ecf1,0.9725050916496945
ck_8f43459991ea511f,0.41751527494908347
ck_f878b68d66fbfd4b,0.057841140529531564
ck_e84abfc0c747c9dd,0.9740122199592668
ck_3ad3fd3cceb56b66,0.9865987780040733
ck_7cf562578c7f158a,0.32529531568228104
ck_f81a97d350397306,0.5522606924643584
ck_255d87b7fb40caa5,0.5313645621181262
ck_b3905153b9eee924,0.525498981670061
ck_2c80a592fb4cd6a3,0.11160896130346232
ck_57deb202d4188a29,0.4260692464358452
ck_e3cb5f31d8e94448,0.9776374745417515
ck_0db62d5f7f75f80f,0.6542566191446029
ck_ced9163ea85589ea,0.8406924643584521
ck_e16528edc694fb33,0.9777189409368636
ck_78cc5ec4940fec3b,0.18839103869653764
ck_31742076e9a998f8,0.5390224032586558
ck_5ac335f02280271e,0.8137678207739307
ck_7cc2e091806cfa5b,0.6698981670061099
ck_3152c7115257f084,0.27124236252545825
ck_ab1b9d019921bca7,0.3443177189409369
ck_c33a762d98f9b290,0.10920570264765783
ck_b16a7c51b6f7a6b1,0.8506313645621181
ck_97402a153348e68f,0.4496945010183299
ck_95391029a21caa24,0.6666802443991853
ck_c2015a1200971fe9,0.6463543788187374
ck_ed4427962c68918c,0.9743380855397148
ck_c5e4a17d3efb19a4,0.9161710794297353
ck_8aec3d3dd51517c2,0.14065173116089613
ck_f5178a658225d8e4,0.14272912423625256
ck_8594f165e95316d2,0.1445621181262729
ck_f0c4aac04076a6dc,0.4626883910386966
ck_ac2f7397801036ef,0.5756008146639511
ck_d1ea4bcc407c7d5e,0.44712830957230143
ck_cce8b6657a538fe0,0.48659877800407336
ck_66d0c6d6b67a8d58,0.42386965376782076
ck_1a6b30320835e57e,0.4890835030549898
ck_8cd274cc85aa35d1,0.65030549898167
ck_ada46085a78280e4,0.3982077393075356
ck_ce1b06623e4a815e,0.16366598778004074
ck_45e70c8a9686580c,0.7182484725050917
ck_0084d8ab6b1044f3,0.204887983706721
ck_a5f7b6fed6df2aba,0.7133197556008146
ck_94940d783e7988e6,0.21531568228105907
ck_00f9ca84d1d8ae7a,0.23498981670061098
ck_0deb56f3f6452818,0.10061099796334012
ck_a58e900469dfc3f0,0.3175967413441955
ck_028c41b195280980,0.40676171079429735
ck_7661d7ceaeb19f97,0.6999592668024439
ck_6957905a65c47879,0.7255804480651731
ck_f7c6c26ef3c4ae06,0.3631364562118126
ck_8777beb11aabd66d,0.3793075356415479
ck_7db098a17374bbf8,0.9834623217922607
ck_66aeb00e44486cda,0.9288798370672097
ck_838c52cc1d315ec3,0.530672097759674
ck_1745847cd4e5dc83,0.6591853360488797
ck_201687857ec8b3cc,0.6488391038696537
ck_81818169208a8cda,0.7338085539714867
ck_3303fd3f64632c7c,0.825458248472505
ck_edf1096809e83ef8,0.11234215885947045
ck_235ce9603c7dccbf,0.8064765784114053
ck_9df7e153868bca13,0.18162932790224035
ck_3cfeade2cf270fee,0.5079429735234215
ck_982b0bf2e2b6c4f7,0.16179226069246436
ck_faeb0da678bb86c0,0.27576374745417515
ck_e86ad2fe815b6ed9,0.40875763747454175
ck_70d69e5d1bb99e85,0.4487576374745418
ck_7e9a8924eab779e6,0.9836252545824847
ck_019d5891103e7da3,0.3362118126272913
ck_14f0484b3817eda5,0.28835030549898166
ck_85de63d278f0fbae,0.09258655804480652
ck_ae91b4cff57fb3bf,0.4914867617107943
ck_2a6d43b9f883b78e,0.9538900203665988
ck_7a4e3d553e8ab5b7,0.8778004073319756
ck_fdf89dc69f700f84,0.8726272912423625
ck_f92e04024bf13558,0.022077393075356413
ck_4a522ca2dc4831a0,0.05869653767820773
ck_68ba25dc3385fea1,0.7775560081466395
ck_22128a4f0d033422,0.6060285132382892
ck_5b52ee0a13c71590,0.26545824847250504
ck_59472d17debedafc,0.5285132382892057
ck_9dde2c63acda3ba3,0.2938085539714868
ck_7510b1023cd08531,0.4074949083503055
ck_071ddaaf2e4e3671,0.3692871690427698
ck_1355db6f4010232a,0.26655804480651735
ck_0a7adc2f27f98510,0.7598370672097761
ck_68250033717cd59e,0.2740936863543788
ck_7c12de74de30b788,0.9035030549898168
ck_65491367584c730c,0.5059470468431773
ck_e9047964952bee70,0.6989002036659877
ck_5567779d6ba184eb,0.4138492871690428
ck_d6ea026357ec6477,0.45641547861507126
ck_cd7dcc884e283746,0.7618737270875764
ck_0bd77fea8ed75a15,0.5363340122199592
ck_e80883208e8d0453,0.66928716904277
ck_2ad0ecbacd5acf8e,0.9761710794297352
ck_6c1dbee7e8fdd5c8,0.5078207739307535
ck_ee4d9a7449515908,0.0979633401221996
ck_636111f7f030496c,0.1614663951120163
ck_2c629c657f73941f,0.38773930753564156
ck_c1c9d3842d758420,0.8470875763747454
ck_e4df7faacdfe8c40,0.6279429735234217
ck_94e8142728e44380,0.6344195519348269
ck_765aaf42c5088545,0.28989816700610993
ck_e0f845159b6e6a4a,0.504725050916497
ck_5bc07deb82edbad7,0.1495723014256619
ck_713159c5c6a7a4d0,0.9960488798370672
ck_b08afc91d9ca55db,0.4537270875763747
ck_a7bc323ffed2ea97,0.9178411405295315
ck_85ca825f905a34a1,0.5857433808553971
ck_33160c443d4b3f19,0.5666395112016294
ck_832d39c590a3ca75,0.9855804480651731
ck_7d1661a34164406e,0.9701018329938901
ck_c2466fc40fc9d5ed,0.995071283095723
ck_ed0e776c0926ce67,0.715315682281059
ck_cdd2ebeec75bfa69,0.914989816700611
ck_d7877684c7923ec3,0.22733197556008145
ck_7384d4d2406aabf4,0.4565784114052953
ck_b8e5244e650aa81b,0.5773116089613035
ck_25a1ea40b2d59254,0.15710794297352343
ck_b9e5b318ee4de68d,0.1855397148676171
ck_620d7ae27af83cea,0.37266802443991853
ck_40b4e264d1a12b83,0.9465580448065173
ck_b694c803b62862b3,0.37824847250509164
ck_cbeca201dbade3e5,0.7022403258655804
ck_f9b439c9161c3e52,0.10830957230142568
ck_9880410fcd10a28e,0.08810590631364562
ck_74928f5f91aa12b2,0.6848065173116089
ck_b6673bbe61d2680d,0.3674541751527495
ck_53c8315b5c30acb4,0.26753564154786147
ck_78f01d78ea79642f,0.5328309572301425
ck_8582490d6e365a63,0.44892057026476573
ck_af25c72d16299258,0.2239103869653768
ck_7905fe8e257b0449,0.8368228105906313
ck_0d16d9349e4a9e08,0.3344602851323829
ck_31b16b8848584e98,0.5538492871690428
ck_67207e3eecc02d76,0.5643177189409369
ck_e6b95ff91116a592,0.30855397148676167
ck_c08f622bcd6de6e7,0.4968228105906314
ck_f9a68da9e0f0bc85,0.11967413441955194
ck_4072b59388976896,0.41588594704684323
ck_8ec86e853ad52828,0.8476171079429735
ck_4fecb87eaffd5cb5,0.2569857433808554
ck_d6880578428b965e,0.8896130346232178
ck_bfc82b3c1c9f2897,0.9757637474541752
ck_c340644176ca03e7,0.7627698574338085
ck_321e740066fb05c3,0.9332382892057027
ck_8929d2eb09872052,0.8674541751527494
ck_205c107cec528414,0.9536863543788188
ck_e76db7d2562f9836,0.584928716904277
ck_9ede51c8434cff6e,0.5270468431771894
ck_492e4b89c61b7b6c,0.3692871690427699
ck_9385f5a1eeebefcd,0.6383706720977598
ck_ee52c7bf88f952ab,0.45690427698574343
ck_d8116c34302021d7,0.04114052953156823
ck_01645ea51972e99a,0.6733604887983706
ck_7b45ed23304a854b,0.6834215885947046
ck_2096d32f3d497ea1,0.8907128309572302
ck_dfbb2056f1ef7d3b,0.3536048879837067
ck_938ce30c864bc7df,0.05771894093686354
ck_ff30dda2c881a4bd,0.9160081466395111
ck_f88c79186a082beb,0.8216293279022403
ck_08c7bb0f9851cb76,0.854378818737271
ck_2675e7a008e584a7,0.8892057026476579
ck_cbaf8a954281d4e3,0.9777189409368635
ck_8b24eadf6c72b30c,0.9358452138492872
ck_ffc8e3c1377d0706,0.1568635437881874
ck_5b59e859bed5b40e,0.5309164969450102
ck_7b61717f172f9317,0.9716089613034624
ck_e5c30947b732f661,0.8373930753564155
ck_bc273f3ce79f7e1a,0.2394704684317719
ck_f69e93388b3028cb,0.8929938900203667
ck_3837ad850996ba60,0.5032179226069247
ck_36d78ff3bc033ee5,0.4881059063136456
ck_5e20953547ba4135,0.9230957230142567
ck_258d661e450ac870,0.34651731160896126
ck_1df66f537496ca59,0.8216293279022404
ck_361f535599110201,0.46358452138492867
ck_337e98c69f6e7886,0.27934826883910385
ck_d3d5b2717cfc3913,0.744602851323829
ck_b1dba768dbe7affe,0.8119755600814664
ck_92d782bd9ce0d1e3,0.45083503054989815
ck_26bd0f8898afc8ba,0.4583706720977597
ck_7916e53daab36745,0.8844399185336049
ck_2caf553b31831a50,0.31283095723014254
ck_c6200734c7f9b2f9,0.9810590631364562
ck_cdc55623cb16e6a9,0.32830957230142566
ck_57849e15b61c43b4,0.08028513238289206
ck_b7af9b2ee0eebbc6,0.739755600814664
ck_00aa5fc3b3bc66aa,0.8568228105906313
ck_9929723f65636c7f,0.9928716904276986
ck_8f6cce9f69912983,0.5663136456211812
ck_c422ba389ff00781,0.07160896130346232
ck_9ec7f334604a228f,0.6846028513238289
ck_5d01200ba3341462,0.28505091649694503
ck_2bf10be403849c9a,0.35323828920570266
ck_6ca018259f70858f,0.3806924643584521
ck_a54dc042ebb7c766,0.8878615071283096
ck_79da63fc100830b5,0.7279429735234215
ck_67ab6f9e05c85085,0.4934419551934826
ck_fa80da579ea9afc0,0.44179226069246436
ck_4339f86c87289222,0.9565784114052953
ck_a2299b4f530be0d6,0.9315274949083503
ck_19db0bf788697c2b,0.38867617107942976
ck_fa4211c4d826d830,0.020244399185336055
ck_96100d5e8e051e91,0.2806109979633401
ck_5c3a671883d58b3f,0.005376782077393076
ck_2d9524787cfe1ab3,0.9233401221995927
ck_47ab8e51e5b3a2d8,0.04529531568228107
ck_c924f36bc1bbbaa3,0.32839103869653774
ck_5c58e7f8fd55e26c,0.11067209775967414
ck_a07e7409d6d5aa06,0.42179226069246434
ck_c8413898f5f7cb7d,0.7630957230142567
ck_577c816b41cab002,0.9431364562118126
ck_9f7807ed64cdb728,0.6116496945010184
ck_495d814d6d6d521e,0.1370264765784114
ck_7aa8bc018c2b003b,0.11132382892057027
ck_7c3a6a82f3c3241d,0.26920570264765786
ck_487f7fbc290e4ae2,0.2690427698574338
ck_e556c4d36aadbe03,0.09633401221995927
ck_7e6569a1b2455cb0,0.017107942973523423
ck_de2924955926d046,0.5129531568228105
ck_73d60b4630e3937a,0.23486761710794296
ck_805ee564bd35ef15,0.5106720977596741
ck_0d40961e47797027,0.25384928716904276
ck_f06d00a4f9c87d80,0.14048879837067213
ck_5ef50fb07b6737d5,0.5988594704684318
ck_16541fc15683e21c,0.3641140529531568
ck_09fd43f1b7e2eca2,0.060692464358452144
ck_2a2c336a69b8d68d,0.5713645621181263
ck_2685f38930866af0,0.6112830957230143
ck_298278a9da874437,0.38138492871690427
ck_00bd7803f2530c68,0.41633401221995925
ck_c2b4a1d8c0b6c1cd,0.056456211812627284
ck_2acb54ca20c3af6c,0.6108350305498981
ck_e3d4b6f681c783ab,0.7470468431771893
ck_f90293f1eba5d7b6,0.8195519348268839
ck_e69d27e8965df0be,0.07083503054989816
ck_b7f5d10b427346ad,0.15535641547861506
ck_1ce20e4223a936b1,0.4885132382892057
ck_6b97d1ab90f6bdeb,0.570020366598778
ck_e30e17db5473c7b2,0.09723014256619146
ck_154c8efb19dee665,0.3910386965376782
ck_6f5bb0c930644cae,0.995397148676171
ck_9e17699baa83d173,0.06232179226069246
ck_9693b1eb70880205,0.29217922606924646
ck_1e97899875bb427b,0.44040733197556003
ck_558a82590f65df69,0.05885947046843178
ck_18df83242ff3cdbb,0.9111608961303463
ck_80ad4396e1084c68,0.764928716904277
ck_0a993bc947bab61f,0.71979633401222
ck_5c2d43ff841632f9,0.219959266802444
ck_6e4b99fb9725d9fa,0.33869653767820773
ck_e0983999ca26c19e,0.8254989816700611
ck_6573c4947cc8607e,0.8138900203665987
ck_d879d645d6e44207,0.5378004073319755
ck_1375ad9f10688e4a,0.19975560081466398
ck_7501ebbf4e21f160,0.5329124236252546
ck_ca60d61cd4dc3bea,0.0624439918533605
ck_ab9ea095a5c58b4b,0.5219551934826884
ck_23756522b58df5d8,0.07608961303462321
ck_90bc176c43d85fd5,0.9005295315682282
ck_908b663b2dda94ad,0.7262729124236253
ck_4df2fb8e4b649e27,0.46790224032586564
ck_5615c6bbdef05291,0.8771079429735235
ck_b62f3e3185251f71,0.03690427698574338
ck_38d1a22850178f33,0.19034623217922605
ck_5b3ba20c8bb1383b,0.4009775967413442
ck_5576ffc6aaf6f22c,0.058126272912423615
ck_cf7a022178165e56,0.2146639511201629
ck_f2c7a4c50e2ede96,0.48879837067209775
ck_285719c77eadf915,0.08957230142566192
ck_f2aa1b677619ab19,0.24329938900203668
ck_3830c58d841e9e69,0.9460692464358453
ck_32eba3510c8eac5e,0.2582892057026477
ck_8955d7b9030d5eb5,0.14126272912423626
ck_6775e387dace7525,0.8244399185336049
ck_0a0cd7f4be606a93,0.7658248472505091
ck_a9f700eee5d638df,0.2794297352342159
ck_3d7db96995745472,0.6460285132382892
ck_aeed557007d52e9c,0.025295315682281053
ck_79b6a86830156b5a,0.7615478615071283
ck_6a1ff9d69466181c,0.9971079429735235
ck_f11b1565f986f5e3,0.41718940936863547
ck_4819327a78615485,0.04411405295315682
ck_3ed9e081959b2f5c,0.36997963340122203
ck_16af4be191c47d3d,0.09380855397148677
ck_25122cc0e8b1a662,0.7790631364562117
ck_509c22828d467ba3,0.6870061099796334
ck_31109c899336348d,0.8478615071283095
ck_c51131e53baa59c7,0.23633401221995926
ck_cf8ecabbc61d3e11,0.35331975560081463
ck_eb6baff0f85ba936,0.5938085539714868
ck_777669e2243204f2,0.9693686354378819
ck_ac0ea27e692acdc9,0.8183706720977597
ck_4c6ea04ce8ca9e2c,0.4221995926680245
ck_ca54b32fca7e94cd,0.4092057026476579
ck_4dfd8947f540eb24,0.30521384928716905
ck_95aff1fe27fb24bb,0.5119348268839103
ck_c7550723b90e5615,0.24757637474541752
ck_57b3fee69bdf85e8,0.0974745417515275
ck_f823407ace7ff064,0.6723014256619144
ck_a69084a068bcc8aa,0.6078207739307536
ck_c7b17f7b24bef5d7,0.5177596741344196
ck_7c4e588f927c27c8,0.8006924643584521
ck_77fdac602d0c6f95,0.7738492871690428
ck_e963d8525018d072,0.38627291242362527
ck_6e8ebaea8f7bffaf,0.024236252545824843
ck_aa42976a31cb7770,0.2405295315682281
ck_22c862a496008c96,0.9974745417515274
ck_527550dd15f38782,0.7287576374745418
ck_b3ab3c210e2c7c19,0.6178411405295315
ck_ed9c56fdb9f45ddc,0.9283095723014256
ck_b53281da70defcfa,0.3905091649694501
ck_03009b721568ee98,0.5314460285132383
ck_3d9afd862b3f4053,0.930224032586558
ck_ad3c4be96599554a,0.424806517311609
ck_d1c787c27d50af49,0.6850101832993891
ck_c7a9c7b2eef46a99,0.18778004073319754
ck_53036d3c6c74446c,0.9155600814663951
ck_1b1efbd9c0964c8d,0.5025661914460285
ck_d66f42a269d5c1ed,0.5157230142566191
ck_fefc49a2b8ad993e,0.5640325865580449
ck_8b3b874249adece9,0.5979633401221996
ck_193d9c87ad3f1dad,0.010794297352342157
ck_0c6a50d747593b7b,0.5065987780040733
ck_c830f3830875b47a,0.6536048879837068
ck_79e202f06d8dfe42,0.6357637474541752
ck_5c0fe988b8aa7fcb,0.880040733197556
ck_a8382d8345f21e1e,0.21511201629327903
ck_8cb20053914692d0,0.820040733197556
ck_1da2f69023ca4c13,0.05409368635437882
ck_38abb60995114f8f,0.7820366598778004
ck_f5791fd8fd8fd191,0.6035030549898167
ck_a4e6fc391b674335,0.9569450101832994
ck_bd771efb4a7e15d0,0.22883910386965378
ck_38ba4a6b6a292054,0.7785336048879838
ck_f7a07283345a0dce,0.5916904276985744
ck_87dc484baaf5a23a,0.023421588594704678
ck_c84ef83489badbfd,0.6683095723014257
ck_a397cd64ec5d644b,0.16289205702647658
ck_7977135c2ff61e92,0.41486761710794295
ck_52174855b243a8b0,0.7141344195519348
ck_0f35e930d0614613,0.9979633401221994
ck_b170a7db522a0d6f,0.4020773930753564
ck_7af748a23775bd54,0.8674134419551934
ck_52f641c9ee6fda70,0.294989816700611
ck_c3719a30414bbb4d,0.4453360488798371
ck_2baf214ad6bc0dbf,0.8794704684317718
ck_8b39d8aacfdd72b4,0.4836659877800408
ck_d39b0152116203be,0.5961710794297352
ck_ed33f8a937f9c7c8,0.40236252545824847
ck_8ef97b55a5fd6ec9,0.11384928716904277
ck_8247f008a14bd1a2,0.15551934826883912
ck_f0d349d68249d5db,0.06566191446028513
ck_a544e766540861fc,0.49173116089613034
ck_9dfaca4c7c80b10d,0.8033401221995926
ck_7e5401c362b2216a,0.02871690427698574
ck_64ff60c073fdb6db,0.519755600814664
ck_fc5ea49518e5d637,0.08016293279022405
ck_580f136ced341298,0.11837067209775969
ck_9cbef9bc95449dca,0.30419551934826883
ck_e475a3b8ba870a7e,0.22464358452138494
ck_97e94708bcf43563,0.4960896130346233
ck_13f03ec785cbdae1,0.0830549898167006
ck_152820d8817f478c,0.3270468431771894
ck_d20d4ba60eec9945,0.5108350305498981
ck_5c45968a805132e0,0.8882281059063137
ck_bebea2cf3063fb24,0.4673727087576375
ck_c3c69aefe7ea1d2f,0.8386965376782077
ck_02028b72f26fe855,0.34904276985743377
ck_dfadff70a58a9133,0.09393075356415478
ck_6482ed4491bedcaf,0.2864358452138493
ck_754cd7b4a5ae3f94,0.6740529531568229
ck_3132857aec8485bc,0.042484725050916494
ck_7ce4ca91b8f9f1c1,0.4358452138492872
ck_41938582f4351772,0.6384521384928717
ck_f87d66946252476c,0.8962118126272912
ck_8053f1879a9b4e43,0.19067209775967414
ck_93892e91387f5103,0.48439918533604887
ck_15254db133b28371,0.44260692464358453
ck_d557b9feb241b3ec,0.027087576374745414
ck_71c3a8e4c12c989f,0.2990224032586558
ck_80e3041811033443,0.5535234215885947
ck_3380d60067b4634b,0.21454175152749494
ck_a9c2cdc758df8510,0.7980040733197556
ck_3c0031d7514da17b,0.6894093686354379
ck_18d214b1418be39d,0.21613034623217922
ck_7ce768407fd48321,0.6136863543788187
ck_7a50abd42298133b,0.6039511201629328
ck_2db10f987d137582,0.7690427698574338
ck_e077d004cd1d80ae,0.3436659877800407
ck_1cb6dc67f9a321b5,0.8207739307535642
ck_b864f64101149c35,0.8916089613034623
ck_9bedf54df9418e4a,0.23091649694501018
ck_c47e32c47f0e6578,0.9129531568228106
ck_71f382d5e338daa3,0.37873727087576375
ck_14b4bf7be6ac2b61,0.7632586558044807
ck_5c87eea1cc07cc92,0.7819551934826884
ck_5f445182829ef342,0.704887983706721
ck_a5d7311291caaa54,0.2613849287169043
ck_b7df99aecef385e6,0.8047250509164969
ck_3327a0582407068b,0.6266802443991852
ck_08dba09fd7dab896,0.8309979633401222
ck_f4ec334be5266378,0.13164969450101832
ck_240f7f894c5a86e7,0.10052953156822811
ck_a9d994554fc14a02,0.001384928716904277
ck_13648cbd306eee6d,0.39633401221995923
ck_601edf9105b3c321,0.9887576374745417
ck_9527adac182abe57,0.9373523421588594
ck_4e0e80f5cc271bf7,0.09922606924643584
ck_96a89e720176b389,0.8804480651731161
ck_63560eec94b76d2f,0.6575967413441955
ck_c9c99e5b19aeced8,0.04606924643584521
ck_bc32655ee5ed643e,0.4292464358452139
ck_edccb5a93b741744,0.25824847250509164
ck_f786cbc987b70930,0.17014256619144602
ck_0e8f26536ccc8947,0.5035030549898167
ck_b87ef4b98cfcec4c,0.725213849287169
ck_1a9235812de4b2c1,0.41124236252545826
ck_d1ed88ea4211ba4d,0.22745417515274946
ck_a4ddac49657a4450,0.26395112016293276
ck_d9ffca35188e49d8,0.5048879837067209
ck_3db73bbe03c3d240,0.0755193482688391
ck_fffa0622344a36ab,0.03645621181262729
ck_148c28df51bba5e9,0.9857026476578412
ck_076cbc25c8f15fc3,0.9849287169042769
ck_e5ca550b39ed45bf,0.9495723014256618
ck_8dacf3a2061ca17d,0.48875763747454176
ck_2d7394afd61643d0,0.1595926680244399
ck_e42206e91f6a1752,0.09307535641547862
ck_2f4f94827984c426,0.09441955193482687
ck_edfe8e90e8f4366e,0.14692464358452137
ck_646b15f753e5e9c6,0.7470468431771894
ck_66600620149c8799,0.10317718940936865
ck_4ff6fc70bccfba96,0.9441955193482688
ck_41af3729590c2484,0.2956415478615071
ck_920a48ba8c583e96,0.2475356415478615
ck_0253b3e7be021306,0.37698574338085544
ck_2ae6949246ea2648,0.33914460285132386
ck_db23a5100f338d72,0.31914460285132384
ck_fcb2a559474c3493,0.514867617107943
ck_0a4d7acd2a53cbbd,0.3219551934826884
ck_c5d62b2b7a6f3bac,0.9734419551934826
ck_cf59f4fc0ea690b2,0.3518533604887984
ck_837be8126bb19250,0.15164969450101834
ck_58955542edee1adc,0.4370672097759674
ck_1b93381d8eea58d1,0.32973523421588596
ck_97b8e05d62abdc14,0.5779226069246436
ck_71a0d645744302a3,0.3277393075356416
ck_a7b57882ab66b111,0.15083503054989814
ck_65f76421be648549,0.4036659877800407
ck_b53ea8713d32ca7c,0.6172708757637475
ck_991c4c924a1d85ff,0.9418737270875763
ck_8432ccec1a4ec7fd,0.9905091649694502
ck_64c1633297f43788,0.20480651731160895
ck_4291fd9c1161d8e1,0.5649287169042769
ck_5e98ed6391d9f429,0.8908757637474541
ck_c7baebe4549fdbb4,0.7668431771894095
ck_6e67225ba59fa5ae,0.6839103869653769
ck_719602def4d35fe0,0.5112830957230143
ck_bdee7c86f5ebe81f,0.7030142566191446
ck_8de38f8c7f91961f,0.7318940936863543
ck_b0b5bf9254700402,0.4578004073319756
ck_7b55d9bb1a250d4f,0.6254989816700611
ck_3954b7b0fd1d6614,0.07723014256619144
ck_f29471fe7c818d6a,0.28981670061099796
ck_9e65a8a2f587691a,0.33800407331975557
ck_eaec5f1a83b66eb0,0.8823625254582484
ck_004fe0daecbe2c1a,0.5676171079429735
ck_d17653a4a2d4a79e,0.6295723014256619
ck_0dd417fcbf19e424,0.5795926680244399
ck_4c99a6eadea143e2,0.9209368635437882
ck_74d602c907ee9119,0.0884725050916497
ck_1aa87cb62acc0ac6,0.5829735234215886
ck_094974d75e29fb2f,0.7534012219959267
ck_5ef935ac3d4d3332,0.6
ck_b26e4ae47c9107ed,0.9305906313645622
ck_396cea6f95186ad2,0.49657841140529535
ck_48446a9e8184c7d4,0.19132382892057023
ck_31e1ede23247d56b,0.834745417515275
ck_7afefa349b960a3e,0.500081466395112
ck_f5e02a3432571b20,0.7692871690427698
ck_64eefec062592c43,0.23177189409368634
ck_a1201284122c141f,0.6072097759674135
ck_1b34c420a4c85a95,0.3636659877800407
ck_d637a011332ba67a,0.3063136456211813
ck_99c0004d8b7079f8,0.35144602851323825
ck_948517bad569b40f,0.814908350305499
ck_a28d6b1601b472a6,0.4590631364562118
ck_a0b4209feb31f5c0,0.9991446028513239
ck_d6d2c1f6dfc455b6,0.9142158859470468
ck_3f9e6d356d3dd3cf,0.07486761710794297
ck_d08e00c842b75176,0.5280244399185337
ck_bfdd232a7c5f2660,0.6088798370672097
ck_2cdad03ed069438c,0.6208146639511202
ck_42317c3eabd0a285,0.9541751527494908
ck_3eb73e56751c704d,0.5917311608961303
ck_ef33c04f4c9e3758,0.7264358452138493
ck_1dc23dc870f1773d,0.6413849287169042
ck_76091f357974a152,0.2540529531568228
ck_4d9eb75e8eee90fd,0.8219144602851324
ck_578f67e69e5d2cfd,0.1639103869653768
ck_3a8ce1cc724229b8,0.018859470468431776
ck_a96887f841e80fc1,0.7279837067209776
ck_d2d4a8f4a9f2c33f,0.5947861507128309
ck_11f85bc705dbe036,0.664928716904277
ck_7429b3f87528e335,0.28610997963340123
ck_26df74feac7ec51d,0.5214663951120163
ck_c78b2638fadd91ab,0.6766598778004073
ck_7eaad325abe3b50c,0.02615071283095723
ck_fd44e34af620e606,0.7592668024439918
ck_f99738dff854e25f,0.1945417515274949
ck_1ffbce3a239bb264,0.4013849287169043
ck_96c7d52ba0a766ef,0.8613034623217923
ck_cb1c00c300af3f9e,0.615071283095723
ck_ec3d12848ced99f2,0.5162932790224033
ck_26cfd7c3c6c7bf69,0.5263951120162933
ck_7ae86b5a885affc3,0.8145417515274949
ck_3edaa94d28cd48ea,0.3083503054989817
ck_3209c530c9812e39,0.15209775967413441
ck_ea62ebfc1f04b49a,0.24187372708757637
ck_5fc90b4668ea81bf,0.4704276985743381
ck_95654593cdebd141,0.08887983706720978
ck_958c0bd61820147f,0.74020366598778
ck_8440ef1386c07194,0.2265580448065173
ck_8cd1b68dd74b1375,0.8771894093686355
ck_c9eb4df91ff07f2c,0.6912423625254582
ck_c29489366c01fe65,0.9619551934826884
ck_c965fd6bec0f0ecd,0.6621588594704685
ck_84c402b23766e1f2,0.4182484725050917
ck_181f3dae03b87136,0.7786150712830957
ck_022a8ae79eb28cf6,0.9893686354378819
ck_469c17407d17b706,0.5480651731160896
ck_1fcc5843f39148a9,0.2696945010183299
ck_5debd55f361b2ddf,0.17344195519348266
ck_28cb9b03e89263f1,0.09234215885947046
ck_f067470743d3c7a2,0.7527902240325866
ck_d5d225ce41a1a762,0.7471283095723014
ck_15b4840922195ffd,0.4630957230142566
ck_6bcfa37c717f19f1,0.5426476578411406
ck_8d501a0386c66be8,0.9125458248472504
ck_1a9d6190c57ea7e2,0.9184521384928717
ck_c49832eabdac5bb7,0.11564154786150714
ck_b4331140b2e0d4aa,0.5043991853360489
ck_5efbea1befdefe1b,0.934786150712831
ck_72ff52c4824072ce,0.4766598778004073
ck_ec3715add8bbb6e9,0.09743380855397149
ck_9822f8ed05335741,0.43274949083503056
ck_c3d7d3d12a1981a3,0.1795519348268839
ck_a115a7919ac5875a,0.774460285132383
ck_4dd4ed23e0b927b7,0.9127494908350304
ck_4c76efcc1ee6762d,0.6841955193482688
ck_3ad6e7bf452c9b21,0.41881873727087576
ck_dcbab304b55a42c7,0.6983299389002037
ck_24b53090faf722cf,0.2567006109979633
ck_187317383400491d,0.19885947046843175
ck_e07fd57565c94c28,0.8170672097759674
ck_740e760fdcd27835,0.13637474541751526
ck_d3796aebda1cfed5,0.9674134419551935
ck_e541967c681cb929,0.7443584521384929
ck_431118050b834dcb,0.03014256619144603
ck_90f3655f0c8a0074,0.14289205702647662
ck_13cd943777651aac,0.5585743380855397
ck_66accecabf3901c0,0.6369857433808555
ck_937f0da2306b2eb9,0.6073727087576375
ck_105b0c93573fd5b7,0.9607331975560082
ck_00480407160e0743,0.18020366598778004
ck_e032068be7b77d15,0.6186558044806516
ck_991b7dfd69098320,0.0729938900203666
ck_37d47cf0f34574a2,0.04647657841140529
ck_011551a596544f5d,0.060285132382892063
ck_9acd98f4fe2d474e,0.864725050916497
ck_7c88d3d377bb61bb,0.6640325865580448
ck_e2374c7136c964fd,0.7445621181262729
ck_2fa8f2577116e9ca,0.7155193482688391
ck_d07c5b0321c685ea,0.8683503054989816
ck_bc736114a31088a7,0.47393075356415476
ck_32bb42f9bff197f8,0.15637474541751528
ck_66267bbad1f1415f,0.9914052953156823
ck_19988702ccd79201,0.4382892057026476
ck_f473a03fbcdbc4b0,0.275152749490835
ck_e3f1d85fa5d49396,0.5313238289205703
ck_c4402ea6291df271,0.5185336048879837
ck_243bd5ca8c4ae5d0,0.1685539714867617
ck_f271e855925e8d6b,0.889735234215886
ck_e424148c6f2223df,0.19812627291242363
ck_e4d0a9e1102a58b5,0.35710794297352344
ck_91c2a5fe69b9b1d1,0.6629327902240326
ck_5fd8924732fe403e,0.905050916496945
ck_9a881d5433126ada,0.20765784114052954
ck_73cab88b29c7845d,0.6122606924643584
ck_5b5dea6476d4e182,0.40012219959266804
ck_ccccb17d2ca6ce94,0.8932790224032587
ck_cd1dc68e441222b1,0.9640325865580448
ck_8312c49b1431a406,0.505050916496945
ck_25fea39897f2a559,0.46052953156822807
ck_f56200205280bddf,0.7550712830957229
ck_7336611650dcc088,0.1875356415478615
ck_590716322ff147ae,0.6679837067209776
ck_c82364d87875a1a1,0.6105091649694502
ck_fa4b60387d744fc5,0.24040733197556013
ck_d841eba8906e9a15,0.2519348268839104
ck_d6df562a79b9d0d9,0.28928716904276985
ck_59a14d2564193101,0.13327902240325867
ck_8530158e3d7f59e7,0.4255397148676171
ck_ac68d707006c12a8,0.33482688391038695
ck_976fac1bb3dd8c58,0.7010997963340122
ck_f854fba8f4adae3d,0.7329938900203665
ck_b98e9c3ec6e7d1e7,0.29714867617107943
ck_803c0b4cf9d4bc1d,0.6412219959266803
ck_76997a33c3ea5107,0.04627291242362526
ck_f1a9d832b700bda1,0.9727902240325865
ck_2bd96ddb8c323d63,0.9871283095723015
ck_9e5b7acf51b1b743,0.5654989816700611
ck_09169f22194fd6aa,0.6827698574338086
ck_6d69e092f9b0848b,0.5383706720977597
ck_9f83fa5a2d3b9049,0.5889205702647657
ck_57bbb19eecb4b87c,0.16399185336048877
ck_e0e9cfabb979f428,0.274949083503055
ck_b1ff9edc51d42f97,0.19535641547861504
ck_4682fad271d47eb0,0.974297352342159
ck_ab33fb754c818ae3,0.6682281059063135
ck_b456f62b80e21557,0.025987780040733197
ck_16340be3f2a7fffd,0.021873727087576376
ck_ce66831f6611014c,0.3770672097759674
ck_4610a073bb54d1b1,0.5306313645621181
ck_fd038a7d33a9d6e5,0.17877800407331976
ck_c8198cb4c461304f,0.7419551934826885
ck_1e7de58822000dea,0.11466395112016294
ck_b2a79dd3df560f14,0.834867617107943
ck_74a06f347b32347f,0.40301425661914464
ck_c6fdb2972417c9bd,0.7012627291242364
ck_d7607a213b800bfb,0.7837067209775967
ck_df65967b8b40319c,0.039999999999999994
ck_329a73dbd585ee09,0.16264765784114055
ck_74991a9e85c3b07d,0.4446435845213849
ck_bb76609b79e0bc9f,0.4086354378818738
ck_f7fc1bd0b9ab1fa4,0.8282281059063137
ck_d111c98b36bdb791,0.1054989816700611
ck_f07e27d125497b66,0.45600814663951117
ck_093e3a7134e11d6b,0.30439918533604887
ck_862c7953bdea48b0,0.4340122199592668
ck_392cf2cdd515c34d,0.44158859470468437
ck_80eb91b0b4001084,0.8267209775967412
ck_5923f53b77193a58,0.8556415478615071
ck_8049f5fce32be185,0.9523014256619144
ck_ebc5a2c6cf88e252,0.695641547861507
ck_9ea5872f14cce338,0.4908757637474542
ck_f7fbc95ebf584379,0.4386558044806517
ck_bafe82c870356706,0.9884725050916497
ck_278b36c5932d9bff,0.1329531568228106
ck_6a892dd5d05c1649,0.6861099796334011
ck_0734fd90b2cabd43,0.4990631364562118
ck_9b552204498b6762,0.6096945010183299
ck_f6c909c205767956,0.6045621181262728
ck_32f590e87bc3d715,0.017800407331975555
ck_66a8325f28be7562,0.09763747454175155
ck_b129261da9c3c3c9,0.13132382892057026
ck_a524071c51ddde20,0.4918126272912424
ck_ba576d6d4cb6130b,0.8778818737270876
ck_8d8226520722af78,0.7183706720977596
ck_c5b0f0d4f1655a20,0.6871283095723015
ck_61814ae9b6d8eab1,0.3206517311608962
ck_382ebf136f7fa337,0.914704684317719
ck_423ff4ede6a9f066,0.46093686354378816
ck_546ad962d04b7de4,0.9791446028513239
ck_9473ea4a01c95f9a,0.8420773930753565
ck_9eb1da8cd35a50ce,0.4139714867617108
ck_de5eaa2cdbcb67ff,0.884928716904277
ck_537cc97d0398c922,0.8419144602851324
ck_998475a2e4dfad4e,0.3145824847250509
ck_e62eb708d2688fae,0.43959266802443986
ck_ea623358f704daa7,0.8939307535641549
ck_b911a09f328dfd4b,0.19641547861507128
ck_4b3506b624e5193c,0.7285132382892057
ck_448456f96788713b,0.49617107942973526
ck_5d5ef9e75f65d076,0.6902240325865581
ck_3b74512f774a6e5a,0.3125865580448065
ck_a032e8ac1507c6df,0.9560488798370672
ck_7e2d6b22a0ae20c2,0.7009775967413442
ck_d80283209c963f11,0.4380448065173116
ck_d1157eade2ac3975,0.6188187372708758
ck_be48f583f79427f7,0.644562118126273
ck_0027b5d4107d65d8,0.6935641547861506
ck_94fff69584dd3b2a,0.8679022403258656
ck_75fcda73f0b43557,0.3786150712830957
ck_a1c78972e4ee4082,0.739877800407332
ck_f0982bbdbd122f91,0.2423625254582485
ck_3199b471575aeb3a,0.3034623217922607
ck_7fa947a0b1c1cf74,0.7666395112016293
ck_a60c618b7f0e4252,0.38366598778004074
ck_722ac47c8ac9b6c3,0.9135234215885947
ck_d44dc3839a195c8a,0.8338085539714868
ck_a2c3e82fab520483,0.565336048879837
ck_6f8ae0319c07cafe,0.0704684317718941
ck_49886ff1e2c759d6,0.7480244399185336
ck_150a1108f936e6b0,0.18130346232179229
ck_e21f9f96f597695b,0.3164154786150713
ck_7297bff2b7fdcbc8,0.005702647657841141
ck_ee949c71f4f702eb,0.9718126272912424
ck_6fc37dea4b4f35c6,0.8438289205702647
ck_e76257caa98dc25d,0.980244399185336
ck_828eef2334e17b3a,0.604847250509165
ck_604e1b8a8c693aa7,0.12411405295315683
ck_7743c9fe037d1f9e,0.4734012219959267
ck_864a11202e19e812,0.894378818737271
ck_4ec040b9e3785e4a,0.27718940936863545
ck_7346e4f820d9c00a,0.9729938900203665
ck_48d4d63beb26b623,0.16932790224032584
ck_c423aa6de3ed1e01,0.1375560081466395
ck_d74b2ead8aaa3f73,0.6325458248472504
ck_1dd69a11daa7bf1a,0.6816700610997963
ck_d9143e236eef177f,0.394908350305499
ck_f790d91e5ff0eccd,0.8883095723014256
ck_69b5620e00ef5dec,0.10382892057026477
ck_cd32e58e8a1c0e85,0.3664765784114053
ck_064013b0957d87a5,0.995397148676171
ck_a481385c2e60dc4a,0.194908350305499
ck_d72035cb29db3aa4,0.440040733197556
ck_3759939a0205306d,0.4879837067209776
ck_f437a53fc832ec95,0.960122199592668
ck_260ef2f3e6434819,0.8216293279022402
ck_35e411b05d22f663,0.6712016293279022
ck_8bf46e472f3e20de,0.9087576374745419
ck_d546994fc5d3e9d1,0.5214256619144603
ck_6ff0fc7487e737e7,0.924928716904277
ck_5c67f27816ae0b6f,0.3690427698574338
ck_c5517923458106ae,0.22346232179226072
ck_d9735647a6b0b0a7,0.9476171079429734
ck_541a734fc457246f,0.8480244399185336
ck_2f6a639468f41043,0.15608961303462324
ck_bea2cf7a6b7bb900,0.1941344195519348
ck_7eebd0e6ad6c070e,0.26130346232179225
ck_b64c87d5e3b10e6a,0.9720570264765784
ck_9dd7daacb7833233,0.43156822810590634
ck_396e9ea9a6c6d7d9,0.6901425661914461
ck_1645e6cc53fa99ff,0.8244806517311609
ck_ea2a83ccb8d57490,0.17869653767820776
ck_e64f0df63e1be595,0.8228105906313645
ck_fa0b234481cb57d3,0.540122199592668
ck_63379e3c9fe6f711,0.5663543788187373
ck_c67f7944896a0310,0.7030142566191446
ck_c10e54c9db29e6ef,0.9969450101832994
ck_7184ad7709ae4c80,0.4839103869653768
ck_f8b6069d7577fde6,0.13820773930753563
ck_18444be153bac1ca,0.954989816700611
ck_d0982b4e0e118e4d,0.599877800407332
ck_6faf3e6820398866,0.46712830957230145
ck_97e980463aca4644,0.145091649694501
ck_630c835243c66b19,0.9861914460285133
ck_fe429ba3e1aa0e4f,0.4578004073319756
ck_1058129ed7b48c59,0.4978004073319756
ck_04a1a46f07885296,0.6606924643584522
ck_f01e94331067edf6,0.4195519348268839
ck_77b2fb17c29f5e72,0.5858655804480652
ck_4f0c5857da45fb28,0.8486761710794297
ck_2cfb9a7775e8a5bc,0.975112016293279
ck_6846100e43659bf3,0.19230142566191447
ck_f89719a854fe11d7,0.6357230142566191
ck_bf47375e41ca3bc0,0.15498981670061102
ck_2770b0400a7bef08,0.8290427698574339
ck_2a09d142de1c77ff,0.5179226069246435
ck_857a1f5547b9ad68,0.6288798370672097
ck_185f15b1523bbcf4,0.23832993890020368
ck_ab2aed614ec1cdf8,0.5529938900203666
ck_a9e7f3b2d5dfd97b,0.3975967413441955
ck_0eeb3d9b3e697edb,0.4731975560081466
ck_fa5830d81bc8ddc1,0.1480244399185336
ck_231ae0329ebc3220,0.325010183299389
ck_1587763dd54688c9,0.549409368635438
ck_9f85fea4490c00cf,0.664806517311609
ck_a2d709e7eb91e4af,0.8434623217922607
ck_43637d28c7216453,0.08993890020366598
ck_f3ab5dd853d38252,0.835030549898167
ck_4a1f0172d3bf4fd3,0.26484725050916497
ck_517620ca16505af0,0.16867617107942973
ck_9ae904fbef56065c,0.12468431771894095
ck_d5ef1f6e34bb35b8,0.7893686354378819
ck_ff42557857ae3aeb,0.0195112016293279
ck_ad9a18f58589faa7,0.20822810590631366
ck_df1a6edaa3e6b271,0.2490020366598778
ck_99021fe7225b5a68,0.8316496945010183
ck_99e52c3c2530b69e,0.9835030549898167
ck_3a4811dc4a1a891d,0.17209775967413443
ck_ba3a6be026c87079,0.4417107942973524
ck_da6d1e5cf6aba6fd,0.5456211812627292
ck_ddc7c1f3d45fe6e6,0.6079429735234216
ck_e1b1e7a7e4a15b3e,0.23820773930753567
ck_8288f7f226e08b89,0.35437881873727084
ck_c4524993ec31dbe5,0.1405702647657841
ck_8b19bb5b23b6741c,0.6474949083503055
ck_d21b38231a8a9f4a,0.8531975560081466
ck_3f730318a9792292,0.6138085539714867
ck_a4db6e94a8f77f9d,0.8404073319755601
ck_a8cac8d480306839,0.07767820773930753
ck_5472214011fbc2a7,0.2580040733197556
ck_7356f47dbbbe7904,0.3383299389002037
ck_16801e628e883d78,0.3553564154786151
ck_0dc1e536231c4860,0.3204073319755601
ck_7cd0634a6e60af83,0.6178004073319756
ck_ef6f8e048ae1bd4b,0.3192260692464358
ck_82f3f744209888ac,0.5989409368635438
ck_f33188c232a03526,0.9112016293279024
ck_4a59f4e10bf45d7f,0.11955193482688392
ck_d96c893721385e4e,0.04358452138492872
ck_f65ab819373edb37,0.5671690427698575
ck_21cac21fc10b7768,0.3268024439918534
ck_139b54e6ccbdd7da,0.7984114052953157
ck_d6f5c8741697abb3,0.46619144602851326
ck_a28d9bb5590d458f,0.8492464358452139
ck_ed26d906883bea0a,0.3529124236252546
ck_227602ad072b838b,0.0320162932790224
ck_39d5f6c17c745ab1,0.029368635437881874
ck_744eade757ba69b5,0.6626883910386965
ck_c1295d97cdf35ec2,0.6206517311608961
ck_69105f881da3c821,0.5961303462321792
ck_933789b55361d7c1,0.954541751527495
ck_b667952253503174,0.2843991853360489
ck_7bf668e25abeeb05,0.17584521384928717
ck_91742711dfdffd56,0.5622810590631364
ck_af32a0660090dd68,0.6857026476578412
ck_2122f201e65f76ee,0.4416293279022403
ck_f48acb73a5d6af07,0.7778818737270876
ck_337c5684510cf432,0.8126272912423625
ck_f7bde7265053364d,0.4765376782077393
ck_c190c7b924edba75,0.9122199592668024
ck_044fa3b3a003f0b5,0.5327494908350305
ck_87eb43e3b9d96169,0.8259877800407333
ck_2d3d6c9364362017,0.018004073319755603
ck_ac55dc6cbcdf8228,0.3524643584521385
ck_61d7b0568ec5d6cf,0.6291242362525458
ck_89c74feeaffa7d09,0.1325865580448065
ck_93776b0c113f41f0,0.765091649694501
ck_15e0b679931f7a8d,0.3720162932790224
ck_77b56c49cfdb1d81,0.8620773930753565
ck_73188a826b5f499f,0.44631364562118125
ck_4f463ef25325ddfa,0.9174745417515275
ck_863db2e394dc47d1,0.9813849287169043
ck_d52432ed597f3cc9,0.1673727087576375
ck_04fb61e5739642f8,0.9086761710794298
ck_2e481d75d110c06d,0.7158452138492872
ck_3fa1a523d77cd619,0.3881873727087577
ck_466dc6274fecd708,0.46264765784114054
ck_e1790b3aa2241b10,0.9653767820773931
ck_84ad096a46e1a960,0.7114052953156822
ck_3be72c9c178fa00d,0.28672097759674137
ck_5a17c89219d1d9fe,0.6434215885947047
ck_4f639f4ee6ce8d9e,0.8121792260692464
ck_f4ec4a935e51b4db,0.8165784114052953
ck_f04040a830f92bac,0.4925050916496945
ck_3e4d02a04be2aaf8,0.8242769857433809
ck_4d1baef193cfb900,0.6884317718940937
ck_0fb3153d37626b75,0.04558044806517311
ck_88ec57a11b11f702,0.9687576374745418
ck_dca9dc465f759db4,0.11291242362525458
ck_64f5fba6af67e024,0.6645621181262729
ck_896096cb167254ef,0.744928716904277
ck_7878679065876b98,0.7088798370672098
ck_fe8e5a6c880ceb4e,0.4664358452138493
ck_a5e036327d3d1862,0.00769857433808554
ck_310f73940fc4cf4f,0.7196334012219958
ck_46a8db16ad00b749,0.7832179226069247
ck_0d33977c3de8cfaf,0.9892464358452138
ck_c6fff412f531db0f,0.03727087576374746
ck_bac6dadf428eaea9,0.6244399185336049
ck_1b96d9af0d7da2d5,0.2375152749490835
ck_fa8a4a9e77799fcc,0.21824847250509163
ck_0bf48607a874b4d1,0.16647657841140528
ck_eeb75f8a6439f65e,0.6885947046843177
ck_a209a5f7d172125e,0.5024847250509166
ck_8f346b72fb40bf14,0.32285132382892057
ck_bccbf9fef367f00f,0.5532382892057026
ck_2d1548f1ee405cc9,0.4253360488798371
ck_e8298ff2dc1e9d50,0.28105906313645623
ck_77c0fb524edb4a94,0.2693279022403259
ck_28ac4c5134cb8e77,0.6129531568228106
ck_db23a0e3e54be60c,0.9502240325865581
ck_a059d00cee5cee99,0.1724236252545825
ck_3e9e3bba8bd363af,0.17861507128309573
ck_0428728df24cdab4,0.4053767820773931
ck_88cd35378075c84f,0.026965376782077388
ck_0174d76398d9dc0f,0.4990631364562119
ck_3f1287e6c27de0dc,0.36427698574338085
ck_ff822700f3605e06,0.9925458248472505
ck_4563227b2038ae07,0.895030549898167
ck_788e78065526ee19,0.6294501018329939
ck_8a16eb584093b12f,0.018900203665987783
ck_cc276f71ab6c08fd,0.7474134419551934
ck_d61d97b21002f3e9,0.6785336048879838
ck_4b2e87d86a5e415c,0.7296130346232179
ck_3e6f35e4500d2f2a,0.11205702647657839
ck_3acdb083e0d8ad61,0.11148676171079429
ck_cd655202db489010,0.14716904276985743
ck_829cbf5ccda481ae,0.3345417515274949
ck_f5882e6f98b8b4cd,0.059633401221995924
ck_767947540b234add,0.38761710794297355
ck_a6e8e8f535b1f1d1,0.7599185336048879
ck_58412a2674fea506,0.6370672097759675
ck_fae7e518a585fa61,0.6818329938900204
ck_9c60ae6958d68dbd,0.8698981670061101
ck_328696b8f5e54ec6,0.8358044806517312
ck_7df3f8f4f1068d62,0.1665173116089613
ck_cfadd21458230ef7,0.2054582484725051
ck_7048bedd554c703b,0.16334012219959265
ck_50422466f145bfd7,0.08191446028513238
ck_61e1f7168cd9ff25,0.7714867617107943
ck_733aff0f56f5b3c9,0.6731568228105906
ck_e14892e424180549,0.08313645621181262
ck_03f6664a96de7d0f,0.5843991853360488
ck_b7f4baa2cc82fe61,0.3538900203665988
ck_1e51199a075ca0fa,0.17922606924643583
ck_0e70516fa07cfb17,0.9802036659877801
ck_0f37c554a5057801,0.9532382892057025
ck_5576b725de38d106,0.5055804480651731
ck_82f360df1e9f4eb8,0.8012219959266802
ck_395f3bd4aacd7ca6,0.54989816700611
ck_5e8e857b63966609,0.8977596741344196
ck_93470896f0804b6b,0.9735641547861507
ck_3be854e42e76569a,0.2762118126272912
ck_0567302c57a2417e,0.9100610997963341
ck_ee535461b5f05539,0.9188187372708758
ck_94a096c36162a153,0.3794704684317719
ck_dfc8f5c141fd7c63,0.7315274949083503
ck_98b34f2d704c1c2a,0.5622403258655804
ck_96dff7a09d45f116,0.7576374745417516
ck_79557434c129ba52,0.5006924643584522
ck_4596624a7c01d501,0.4970264765784114
ck_04e89fbd739243fa,0.1310794297352342
ck_6149ffaf18872dc8,0.03613034623217923
ck_cd78f0832a09bd8f,0.9167006109979633
ck_7e29c10d781c3b41,0.37556008146639513
ck_1f7ee7b23fc6f2f4,0.23890020366598777
ck_c49b685d2b3ab89a,0.5758044806517312
ck_84569a8fc50e73ac,0.5640733197556009
ck_b92b11d205af91eb,0.05283095723014257
ck_06280e6d6d2485b0,0.3505906313645621
ck_3c08546dd0c92863,0.5158452138492872
ck_99d3983f907828bf,0.0919755600814664
ck_eccfd552aa652d3c,0.3960896130346232
ck_0cff8153881875ba,0.550142566191446
ck_c1aebbeca6ab5ff9,0.3296130346232179
ck_538fdbbb3c2bcbbb,0.6013034623217923
ck_8c0210322733c718,0.41287169042769856
ck_0b0c93039f987abc,0.4418329938900204
ck_6d07d6d1bd227d37,0.8668024439918534
ck_9b6ee35e8cd0b11c,0.2535641547861507
ck_d838491d3d4f5ecf,0.09010183299389002
ck_0593ae243a9ebee9,0.5223217922606924
ck_ef261fc09be8eb0b,0.3776374745417515
ck_d0935b571a4a3868,0.40562118126272906
ck_97d04a67a104af39,0.7712830957230142
ck_e25f70d0b7229420,0.4772708757637475
ck_9b71274ff83de482,0.980448065173116
ck_6de2aa2bb60978d3,0.7471283095723014
ck_eda55c8fb47593d7,0.2977189409368636
ck_924e572517515f19,0.9160081466395111
ck_d6f27eacbad310f4,0.3181262729124236
ck_8550f229b5eb03ab,0.15466395112016293
ck_e3e95546a84d0ed8,0.6686761710794298
ck_3135c019696ee6af,0.9747454175152749
ck_41ba315d8fccb559,0.3840325865580448
ck_72b86e4485da2d0f,0.9937678207739308
ck_daaa995f3c2f0e47,0.7725458248472505
ck_053746067839696b,0.49490835030549896
ck_a15fe7d0f4b65c33,0.925336048879837
ck_15de11438732bb05,0.17364562118126273
ck_2c4d25acbe3fabd9,0.5720570264765784
ck_7f08078908599bd2,0.7254175152749491
ck_e794741742fb2619,0.5130753564154786
ck_238e53b6dee8c301,0.09763747454175153
ck_53a6a33060d5c8b8,0.42484725050916505
ck_0e0919292ad33472,0.9409775967413441
ck_d86ccf148c06c8c8,0.7917311608961304
ck_c881f26c9bf9ae42,0.9325458248472505
ck_4b0947bf94e9d847,0.8459063136456211
ck_e10ff5c38bd18470,0.5512830957230143
ck_b60de9e97aad9e45,0.9578411405295315
ck_190bc849e5ff5401,0.5997148676171079
ck_e7be077aa0b2632c,0.3465987780040733
ck_a51abde881ebeff3,0.6105906313645622
ck_2208392a9f6bd249,0.5505498981670061
ck_0259da8f109017e9,0.11771894093686354
ck_05e01ab9c95449da,0.49780040733197556
ck_c82897ebffb6ae66,0.4723421588594705
ck_b4a6bb4689cd7cfa,0.5798370672097759
ck_9e21ea33018ce538,0.42439918533604887
ck_caa348f0e65db062,0.9855804480651731
ck_a964e6b5d8415334,0.9322199592668023
ck_510bfbbee37ff436,0.4315682281059063
ck_9741a82faf5c7889,0.7944195519348269
ck_e7f61b4a39ba98ac,0.2083095723014257
ck_069d158665a53909,0.3360896130346232
ck_6426427efe3228af,0.9061099796334013
ck_ab4a8d02ec3c0fd7,0.027413441955193484
ck_aefa0d8d933e0eca,0.7054989816700611
ck_232325ef6bce92f1,0.3703462321792261
ck_14e58c3fb26a2b4d,0.3879429735234216
ck_06e73afdec26aecc,0.8465987780040733
ck_3168f4f2778d64e1,0.39951120162932796
ck_ff3998d6858daa21,0.04562118126272912
ck_bccff46fb0868454,0.9191038696537679
ck_c7d444d90fa86d7c,0.9355600814663951
ck_f0bc3bdee6bfbb94,0.5295315682281059
ck_f7112818a6d81422,0.7985743380855397
ck_aca35dbcb835ad02,0.6097352342158859
ck_f637fabf0f60528f,0.5174338085539715
ck_53d17ab97de1ac3e,0.339918533604888
ck_c8c1bf16d9113493,0.7706313645621181
ck_e842fb0cf055a83b,0.7209368635437883
ck_93c0cb3dac4891fe,0.3943788187372709
ck_0c1f088e17e46daf,0.37197556008146637
ck_8f4b384955bf57c9,0.2977189409368636
ck_09cd5c4df1e81ac2,0.8838696537678208
ck_1e832a5b2342554f,0.7434215885947046
ck_2cb763a881aee27f,0.13674134419551937
ck_5875828b11406398,0.43474541751527496
ck_48e84b0cb0b90fa7,0.4823217922606925
ck_833688de8629c5c0,0.06338085539714867
ck_117d78ccd5820f36,0.6068431771894094
ck_668ec61c4c39cae3,0.10448065173116092
ck_73a7794b659d7a34,0.1254989816700611
ck_10f90d879209734f,0.6162118126272912
ck_d1d079913aa158bf,0.28435845213849287
ck_01c631b38e8a9535,0.33331975560081467
ck_f6923088c17a04e2,0.7241140529531569
ck_b447badc9138987d,0.007535641547861507
ck_8b772caed8f1541c,0.37857433808553975
ck_5403c76fe68a08ba,0.9210590631364561
ck_3e6833574edf1736,0.8696945010183299
ck_e527fbb9450a4581,0.9790224032586557
ck_cc90e219f1ebf390,0.05327902240325866
